
#include "program.h"

// Following tflite example, align on 32-bit if possible.
#ifdef __has_attribute
#define HAVE_ATTRIBUTE(x) __has_attribute(x)
#else
#define HAVE_ATTRIBUTE(x) 0
#endif
#if HAVE_ATTRIBUTE(aligned) || (defined(__GNUC__) && !defined(__clang__))
#define DATA_ALIGN_ATTRIBUTE __attribute__((aligned(4)))
#else
#define DATA_ALIGN_ATTRIBUTE
#endif

const unsigned char program[] DATA_ALIGN_ATTRIBUTE = {
   0xa4, 0x01, 0x00, 0x00, 0x24, 0x00, 0x00, 0x00, 0x20, 0x00, 0x30, 0x00, 0x08,
   0x00, 0x0c, 0x00, 0x10, 0x00, 0x14, 0x00, 0x00, 0x00, 0x00, 0x00, 0x00, 0x00,
   0x18, 0x00, 0x1c, 0x00, 0x20, 0x00, 0x24, 0x00, 0x07, 0x00, 0x28, 0x00, 0x2c,
   0x00, 0x20, 0x00, 0x00, 0x00, 0x00, 0x00, 0x00, 0x08, 0x9c, 0x00, 0x00, 0x00,
   0x6c, 0x01, 0x00, 0x00, 0x84, 0x00, 0x00, 0x00, 0x70, 0x00, 0x00, 0x00, 0x60,
   0x00, 0x00, 0x00, 0x60, 0x00, 0x00, 0x00, 0x58, 0x00, 0x00, 0x00, 0x48, 0x00,
   0x00, 0x00, 0x10, 0x00, 0x00, 0x00, 0x04, 0x00, 0x00, 0x00, 0x01, 0x00, 0x00,
   0x00, 0x7c, 0x00, 0x00, 0x00, 0x06, 0x00, 0x00, 0x00, 0x00, 0x00, 0x00, 0x00,
   0x00, 0x12, 0x02, 0x00, 0x0c, 0x00, 0x00, 0x00, 0x10, 0x00, 0x00, 0x00, 0x10,
   0x00, 0x00, 0x00, 0x01, 0x00, 0x01, 0x01, 0x14, 0x00, 0x00, 0x00, 0x00, 0x01,
   0x00, 0x00, 0x18, 0x00, 0x00, 0x00, 0x01, 0x00, 0xfe, 0x01, 0x1c, 0x00, 0x00,
   0x00, 0xff, 0xff, 0x7f, 0x02, 0x02, 0x00, 0x00, 0x00, 0xd9, 0xb3, 0x75, 0x43,
   0x8b, 0x2c, 0x3f, 0x43, 0x02, 0x00, 0x00, 0x00, 0xfe, 0xff, 0xff, 0xff, 0x01,
   0x00, 0x00, 0x00, 0x03, 0x00, 0x00, 0x00, 0x01, 0x00, 0x00, 0x00, 0x01, 0x00,
   0x00, 0x00, 0x02, 0x00, 0x00, 0x00, 0x03, 0x00, 0x00, 0x00, 0x60, 0x00, 0x00,
   0x00, 0x60, 0x00, 0x00, 0x00, 0x01, 0x00, 0x00, 0x00, 0x05, 0x00, 0x00, 0x00,
   0x32, 0x2e, 0x35, 0x2e, 0x30, 0x00, 0x00, 0x00, 0x5e, 0xff, 0xff, 0xff, 0x04,
   0x00, 0x00, 0x00, 0x07, 0x00, 0x00, 0x00, 0x9c, 0x00, 0x00, 0x00, 0x7c, 0x00,
   0x00, 0x00, 0x64, 0x00, 0x00, 0x00, 0x4c, 0x00, 0x00, 0x00, 0x34, 0x00, 0x00,
   0x00, 0x1c, 0x00, 0x00, 0x00, 0x04, 0x00, 0x00, 0x00, 0x86, 0xff, 0xff, 0xff,
   0x04, 0x00, 0x00, 0x00, 0x01, 0x00, 0x00, 0x00, 0x70, 0x00, 0x00, 0x00, 0x16,
   0x01, 0x00, 0x00, 0x9a, 0xff, 0xff, 0xff, 0x04, 0x00, 0x00, 0x00, 0x01, 0x00,
   0x00, 0x00, 0xe4, 0x04, 0x00, 0x00, 0xb8, 0x12, 0x00, 0x00, 0xae, 0xff, 0xff,
   0xff, 0x04, 0x00, 0x00, 0x00, 0x01, 0x00, 0x00, 0x00, 0xe0, 0x4f, 0x00, 0x00,
   0x98, 0x0c, 0x00, 0x00, 0xc2, 0xff, 0xff, 0xff, 0x04, 0x00, 0x00, 0x00, 0x01,
   0x00, 0x00, 0x00, 0x5c, 0x82, 0x00, 0x00, 0x78, 0x06, 0x00, 0x00, 0xd6, 0xff,
   0xff, 0xff, 0x04, 0x00, 0x00, 0x00, 0x01, 0x00, 0x00, 0x00, 0x58, 0x9c, 0x00,
   0x00, 0xd0, 0x08, 0x00, 0x00, 0xea, 0xff, 0xff, 0xff, 0x04, 0x00, 0x00, 0x00,
   0x01, 0x00, 0x00, 0x00, 0xb4, 0xbf, 0x00, 0x00, 0x6f, 0x00, 0x00, 0x00, 0x00,
   0x00, 0x06, 0x00, 0x08, 0x00, 0x04, 0x00, 0x06, 0x00, 0x00, 0x00, 0x04, 0x00,
   0x00, 0x00, 0x01, 0x00, 0x00, 0x00, 0x94, 0xc1, 0x00, 0x00, 0x09, 0x00, 0x00,
   0x00, 0x0c, 0x00, 0x08, 0x00, 0x04, 0x00, 0x05, 0x00, 0x06, 0x00, 0x07, 0x00,
   0x0c, 0x00, 0x00, 0x00, 0xbc, 0xa1, 0x03, 0x09, 0xb4, 0xc1, 0x00, 0x00, 0x10,
   0x00, 0x00, 0x00, 0x00, 0x00, 0x0a, 0x00, 0x10, 0x00, 0x04, 0x00, 0x00, 0x00,
   0x08, 0x00, 0x0a, 0x00, 0x00, 0x00, 0x0c, 0x00, 0x00, 0x00, 0x00, 0x00, 0x00,
   0x00, 0x00, 0x00, 0x00, 0x00, 0x01, 0x00, 0x00, 0x00, 0x04, 0x00, 0x00, 0x00,
   0xaa, 0x3e, 0xff, 0xff, 0x04, 0x00, 0x00, 0x00, 0x07, 0x00, 0x00, 0x00, 0x38,
   0xc1, 0x00, 0x00, 0x5c, 0xbf, 0x00, 0x00, 0xfc, 0x9b, 0x00, 0x00, 0xfc, 0x81,
   0x00, 0x00, 0x7c, 0x4f, 0x00, 0x00, 0x7c, 0x04, 0x00, 0x00, 0x04, 0x00, 0x00,
   0x00, 0xd2, 0x3e, 0xff, 0xff, 0x04, 0x00, 0x00, 0x00, 0x01, 0x00, 0x00, 0x00,
   0x04, 0x00, 0x00, 0x00, 0xe2, 0x3e, 0xff, 0xff, 0x04, 0x00, 0x00, 0x00, 0x16,
   0x01, 0x00, 0x00, 0x08, 0x01, 0x03, 0x01, 0x00, 0x00, 0x32, 0x00, 0x00, 0x00,
   0x00, 0x00, 0x70, 0x00, 0x50, 0x01, 0x00, 0x00, 0x00, 0x00, 0xa2, 0x00, 0x01,
   0x05, 0x00, 0x00, 0x00, 0x00, 0x00, 0x00, 0x00, 0x00, 0x00, 0x00, 0x04, 0x04,
   0x00, 0x00, 0x00, 0x00, 0x00, 0x00, 0x00, 0x00, 0x00, 0x00, 0x00, 0x00, 0x03,
   0x00, 0x03, 0x00, 0x00, 0x90, 0x00, 0x00, 0x00, 0x00, 0x00, 0x52, 0x10, 0x00,
   0x00, 0x00, 0x12, 0x00, 0x00, 0x80, 0x02, 0x00, 0x00, 0x00, 0x00, 0x00, 0x00,
   0x00, 0xe0, 0x00, 0x10, 0x00, 0x00, 0x00, 0x00, 0x00, 0x00, 0x00, 0x00, 0x00,
   0x00, 0x00, 0x00, 0x00, 0x00, 0x00, 0x00, 0x00, 0x00, 0x00, 0x00, 0x00, 0x00,
   0x00, 0x00, 0x00, 0x00, 0x00, 0x00, 0x00, 0x00, 0x00, 0x00, 0x00, 0x00, 0x00,
   0x00, 0x00, 0x00, 0x00, 0x00, 0x00, 0x00, 0x00, 0x00, 0x00, 0x00, 0x00, 0x00,
   0x00, 0x00, 0x00, 0x00, 0x00, 0x00, 0x00, 0x00, 0x00, 0x00, 0x00, 0x00, 0x00,
   0x00, 0x00, 0x00, 0x00, 0x00, 0x00, 0x00, 0x00, 0x00, 0x00, 0x00, 0x00, 0x00,
   0x00, 0x00, 0x00, 0x00, 0x00, 0x00, 0xff, 0x00, 0x00, 0x00, 0x00, 0x00, 0x00,
   0x00, 0x00, 0x00, 0x00, 0x00, 0x00, 0x00, 0x00, 0x00, 0x00, 0x00, 0x00, 0x00,
   0x00, 0x00, 0x00, 0x00, 0x00, 0x01, 0x00, 0x08, 0x06, 0x01, 0x01, 0x10, 0xff,
   0x01, 0x01, 0x00, 0x00, 0x01, 0x01, 0x00, 0x00, 0x00, 0x00, 0x00, 0x00, 0x00,
   0x00, 0x00, 0x00, 0x06, 0x01, 0x03, 0x01, 0x00, 0x00, 0xe0, 0x00, 0x00, 0x00,
   0x08, 0x00, 0x00, 0x00, 0x00, 0x00, 0x00, 0x00, 0x00, 0x00, 0x00, 0x00, 0x00,
   0x00, 0x02, 0x30, 0x11, 0x51, 0x82, 0xe2, 0x81, 0x82, 0x00, 0x00, 0x00, 0x10,
   0x20, 0x88, 0x08, 0x0a, 0x81, 0xa0, 0x08, 0x0c, 0x00, 0x05, 0x40, 0x02, 0xc4,
   0x70, 0x23, 0xd0, 0x20, 0x50, 0x43, 0xb0, 0x50, 0x00, 0x0c, 0x00, 0x05, 0x00,
   0x08, 0x2e, 0x21, 0x80, 0x00, 0x56, 0x00, 0x00, 0x20, 0x00, 0x02, 0x04, 0x90,
   0x53, 0x04, 0x44, 0x92, 0x19, 0x03, 0x0c, 0x00, 0x02, 0x40, 0x0f, 0x40, 0x81,
   0xb0, 0x0d, 0x46, 0x08, 0x00, 0x40, 0x01, 0x00, 0x20, 0x22, 0x91, 0x02, 0x0c,
   0x20, 0x99, 0x02, 0x50, 0x06, 0x08, 0x80, 0xb0, 0x01, 0xa8, 0xc0, 0x40, 0x01,
   0x48, 0x00, 0x00, 0x00, 0x80, 0x8a, 0x10, 0x10, 0x04, 0x10, 0x04, 0x22, 0x04,
   0x24, 0x10, 0x02, 0x00, 0x00, 0x48, 0x74, 0x00, 0x03, 0x00, 0x00, 0x84, 0x05,
   0x80, 0x00, 0x00, 0x00, 0x0c, 0x00, 0x20, 0x01, 0x28, 0x50, 0x02, 0x01, 0x14,
   0x06, 0x10, 0x42, 0x21, 0x80, 0x08, 0x08, 0x60, 0x00, 0x05, 0x50, 0x10, 0x00,
   0x00, 0x40, 0x6c, 0x10, 0x02, 0x90, 0xa8, 0x00, 0x10, 0x36, 0x00, 0x00, 0x00,
   0x08, 0x52, 0x54, 0x23, 0x44, 0x60, 0x40, 0x32, 0xec, 0x00, 0x0c, 0x18, 0x10,
   0x9a, 0x4d, 0x08, 0x61, 0x90, 0x05, 0x48, 0x01, 0x08, 0x00, 0x00, 0x08, 0x00,
   0x8c, 0x10, 0x58, 0x26, 0x18, 0x42, 0xd6, 0x01, 0x02, 0x08, 0x09, 0x48, 0x00,
   0x03, 0x63, 0x28, 0x00, 0x0b, 0xc2, 0x00, 0x00, 0x00, 0x31, 0x8a, 0x59, 0x4a,
   0x2c, 0xa1, 0x09, 0x18, 0x0c, 0x20, 0x20, 0x00, 0x00, 0x0c, 0x04, 0x4a, 0x28,
   0x19, 0x00, 0x02, 0x00, 0x24, 0x01, 0x48, 0x00, 0x4e, 0x52, 0x17, 0x20, 0x10,
   0x00, 0x20, 0x80, 0x12, 0x00, 0x00, 0x00, 0x0b, 0x07, 0x10, 0x06, 0x00, 0x02,
   0x90, 0x02, 0x08, 0x08, 0x00, 0x00, 0xd0, 0x54, 0x50, 0x00, 0x00, 0x14, 0x01,
   0x00, 0x8a, 0x00, 0x00, 0x00, 0xe8, 0x83, 0x41, 0x80, 0x50, 0x10, 0x00, 0x00,
   0x00, 0x01, 0x01, 0x20, 0x07, 0x00, 0x98, 0x02, 0x01, 0x10, 0x18, 0x70, 0x08,
   0x00, 0x10, 0x00, 0x00, 0xc0, 0x26, 0x15, 0x00, 0x49, 0x22, 0x5d, 0x00, 0x10,
   0x00, 0x00, 0x0c, 0x8c, 0x15, 0x30, 0x02, 0x82, 0x06, 0x00, 0x04, 0x20, 0x01,
   0x21, 0x0b, 0x44, 0x9a, 0x8b, 0xe0, 0x05, 0xaa, 0x43, 0x00, 0x08, 0x81, 0x00,
   0x16, 0x89, 0x58, 0x60, 0x13, 0x01, 0x48, 0xc0, 0x00, 0x00, 0x21, 0x00, 0x01,
   0xa0, 0x05, 0x34, 0x03, 0x29, 0x85, 0x38, 0x00, 0x00, 0x08, 0x00, 0x06, 0x7d,
   0x10, 0x27, 0x84, 0x2e, 0x30, 0x04, 0x08, 0x08, 0x12, 0x00, 0x02, 0x4a, 0x00,
   0x40, 0x11, 0xcf, 0x84, 0x01, 0x00, 0x20, 0x08, 0x00, 0x80, 0x23, 0xc0, 0x01,
   0x04, 0x02, 0x40, 0x03, 0x81, 0x00, 0x00, 0x00, 0x04, 0x10, 0x24, 0x10, 0x00,
   0xb0, 0x94, 0x92, 0x24, 0x80, 0x20, 0x00, 0x98, 0x41, 0x84, 0x20, 0x40, 0x61,
   0x00, 0x20, 0x40, 0x00, 0x01, 0x00, 0x00, 0x26, 0x00, 0x0c, 0x00, 0x41, 0x24,
   0x08, 0x02, 0x0c, 0x90, 0x00, 0x04, 0x02, 0x04, 0xc1, 0x00, 0x04, 0xa0, 0x42,
   0x00, 0x00, 0x04, 0x00, 0x00, 0x00, 0x08, 0x00, 0x00, 0x00, 0x00, 0x00, 0x00,
   0x00, 0x00, 0x00, 0x00, 0x00, 0x00, 0x00, 0xc1, 0x08, 0xc8, 0x34, 0x81, 0x00,
   0x00, 0x82, 0x00, 0x00, 0x0c, 0x00, 0x82, 0x00, 0x0c, 0x01, 0x2b, 0x00, 0x04,
   0x48, 0x10, 0x40, 0x02, 0x00, 0x91, 0xc0, 0x50, 0x00, 0x41, 0xc0, 0x50, 0x00,
   0x00, 0x00, 0x00, 0x00, 0x3c, 0x0e, 0x14, 0xe8, 0x60, 0x40, 0x04, 0x00, 0x00,
   0x00, 0x00, 0x00, 0x24, 0x09, 0x84, 0x91, 0x06, 0x00, 0x08, 0xa0, 0x00, 0x00,
   0x20, 0x00, 0x1c, 0x80, 0x25, 0x28, 0x0c, 0xac, 0x04, 0x20, 0x00, 0x00, 0x10,
   0x00, 0x04, 0x80, 0x00, 0x80, 0x11, 0xc0, 0x00, 0x87, 0x00, 0x00, 0x00, 0x00,
   0x46, 0x8c, 0x02, 0xde, 0x00, 0x1f, 0x00, 0x24, 0x04, 0x20, 0x00, 0x10, 0x71,
   0x22, 0x90, 0x55, 0x00, 0x31, 0x40, 0x64, 0x20, 0x40, 0x80, 0x01, 0x85, 0x44,
   0x04, 0x88, 0x00, 0x14, 0x49, 0xea, 0x02, 0x00, 0x00, 0x00, 0x15, 0x00, 0x0d,
   0x82, 0x47, 0x80, 0x93, 0x99, 0x00, 0x00, 0x00, 0x00, 0xac, 0x3c, 0x72, 0x81,
   0x20, 0x8b, 0x98, 0x05, 0x10, 0x18, 0x02, 0x00, 0x00, 0x10, 0x4c, 0x8a, 0x21,
   0x00, 0x30, 0x1e, 0x00, 0x00, 0x00, 0x01, 0xc2, 0x00, 0x00, 0xc4, 0x42, 0x00,
   0x04, 0x24, 0x01, 0x01, 0x00, 0x02, 0x80, 0x09, 0x00, 0x14, 0x04, 0x09, 0x18,
   0xc4, 0x00, 0x80, 0x00, 0x00, 0x04, 0x00, 0x40, 0x24, 0x40, 0x00, 0x40, 0x00,
   0x00, 0x00, 0x00, 0x00, 0x45, 0x1d, 0x62, 0x07, 0x04, 0x0a, 0xd2, 0x01, 0x00,
   0x64, 0x00, 0x00, 0x85, 0x30, 0x88, 0x01, 0x00, 0x19, 0x8a, 0x11, 0x00, 0x00,
   0x04, 0x00, 0x34, 0x24, 0x20, 0x09, 0x32, 0xa1, 0x12, 0x40, 0x00, 0x10, 0x00,
   0x00, 0x00, 0x82, 0x80, 0x10, 0x44, 0x08, 0x40, 0xa6, 0x00, 0x00, 0x40, 0x00,
   0x08, 0x1a, 0x80, 0x8d, 0x02, 0x0c, 0x8e, 0x68, 0x00, 0x01, 0x00, 0x00, 0x80,
   0x21, 0x00, 0x06, 0x01, 0x11, 0x0a, 0x02, 0x00, 0x00, 0x00, 0x00, 0x58, 0x26,
   0x42, 0x06, 0x10, 0xa2, 0x11, 0x40, 0x00, 0x04, 0x00, 0x00, 0xc2, 0x12, 0xc8,
   0xc2, 0x63, 0x01, 0xc2, 0xc4, 0x00, 0x40, 0x00, 0x00, 0x2a, 0x16, 0x03, 0x20,
   0x00, 0x0e, 0x04, 0x28, 0x00, 0x00, 0x00, 0x00, 0x21, 0x00, 0x45, 0x00, 0x31,
   0x40, 0x40, 0x01, 0x00, 0x00, 0x10, 0x00, 0x80, 0x00, 0x07, 0x8a, 0x0e, 0x00,
   0x28, 0x00, 0x00, 0x00, 0x00, 0x00, 0x08, 0x21, 0x92, 0x10, 0x50, 0x80, 0x10,
   0x00, 0x00, 0x02, 0x00, 0x00, 0x08, 0x0b, 0x00, 0x40, 0xa0, 0x77, 0x00, 0x40,
   0x00, 0x00, 0x40, 0x00, 0x02, 0x00, 0x00, 0x40, 0x41, 0x40, 0x04, 0x22, 0x00,
   0x00, 0x00, 0x00, 0xc0, 0x82, 0x82, 0x20, 0x56, 0x0c, 0x02, 0x60, 0x00, 0x20,
   0x00, 0x00, 0x0c, 0x54, 0xf9, 0x19, 0x20, 0x04, 0x32, 0x10, 0x00, 0x00, 0x00,
   0x00, 0x48, 0x62, 0x04, 0x03, 0x00, 0x14, 0xe1, 0x23, 0x00, 0x00, 0x00, 0x20,
   0xb0, 0x19, 0xac, 0xc3, 0x2b, 0x45, 0x1a, 0x00, 0x00, 0x00, 0x00, 0x1a, 0x00,
   0x80, 0x0c, 0x60, 0x92, 0x00, 0x04, 0x48, 0x20, 0x00, 0x00, 0xb0, 0x4a, 0x86,
   0x11, 0x68, 0x50, 0x06, 0x10, 0x44, 0x00, 0x00, 0x00, 0x00, 0x46, 0x43, 0xff,
   0xff, 0x04, 0x00, 0x00, 0x00, 0x01, 0x00, 0x00, 0x00, 0x04, 0x00, 0x00, 0x00,
   0x56, 0x43, 0xff, 0xff, 0x04, 0x00, 0x00, 0x00, 0xb8, 0x12, 0x00, 0x00, 0x08,
   0x04, 0x03, 0x01, 0x00, 0x00, 0x32, 0x00, 0x00, 0x00, 0x00, 0x00, 0x60, 0x00,
   0x00, 0x00, 0x00, 0x00, 0x00, 0x00, 0x0a, 0xa0, 0x01, 0x04, 0xd8, 0x00, 0x00,
   0x80, 0x00, 0x00, 0x00, 0x00, 0x00, 0x00, 0x04, 0x04, 0x00, 0x00, 0x00, 0x00,
   0x06, 0x00, 0x06, 0x00, 0x00, 0x00, 0x00, 0x00, 0x06, 0x00, 0x06, 0x00, 0x08,
   0x80, 0x01, 0x00, 0x00, 0x00, 0x00, 0x52, 0x10, 0x00, 0x00, 0x00, 0x00, 0x00,
   0x00, 0x00, 0x00, 0x00, 0x00, 0x00, 0x00, 0x00, 0x00, 0x00, 0x00, 0x00, 0x00,
   0x00, 0x00, 0x00, 0x00, 0x00, 0x00, 0x00, 0x00, 0x00, 0x00, 0x01, 0x00, 0x30,
   0x40, 0x00, 0x00, 0x00, 0x00, 0x00, 0x00, 0x00, 0x00, 0x00, 0x00, 0x00, 0x00,
   0x00, 0x00, 0x00, 0x03, 0x00, 0x03, 0x00, 0x00, 0x00, 0x40, 0x00, 0x11, 0x00,
   0x00, 0x00, 0x24, 0x00, 0x03, 0x00, 0x00, 0x00, 0x08, 0x00, 0x00, 0x00, 0x00,
   0x00, 0x00, 0x00, 0x00, 0x00, 0x00, 0x00, 0x00, 0x00, 0x00, 0x00, 0x00, 0x00,
   0x00, 0x00, 0x00, 0x00, 0x00, 0x00, 0x00, 0x00, 0x00, 0x00, 0x00, 0x00, 0x00,
   0x00, 0x00, 0xff, 0x00, 0x00, 0x00, 0x00, 0x00, 0x00, 0x00, 0x00, 0x00, 0x00,
   0x00, 0x00, 0x00, 0x00, 0x00, 0x00, 0x00, 0x00, 0x00, 0x00, 0x00, 0x00, 0x00,
   0x00, 0x00, 0x00, 0x08, 0xff, 0x01, 0x01, 0x00, 0x05, 0x01, 0x01, 0x00, 0x00,
   0x01, 0x01, 0x00, 0x00, 0x00, 0x00, 0x00, 0x00, 0x00, 0x00, 0x00, 0x00, 0x00,
   0x04, 0x03, 0x01, 0x00, 0x00, 0x00, 0x12, 0x9a, 0xa5, 0xa3, 0x26, 0xa2, 0xab,
   0x00, 0x00, 0x04, 0x4a, 0xba, 0x24, 0x2c, 0x2a, 0x00, 0x00, 0x02, 0x11, 0x92,
   0xaa, 0x41, 0x90, 0x00, 0x00, 0xa3, 0x12, 0x22, 0x41, 0x9b, 0x92, 0x00, 0x00,
   0x35, 0x3b, 0x2a, 0x3a, 0x29, 0xbb, 0x00, 0x00, 0x0a, 0x30, 0x1a, 0x25, 0x9a,
   0xab, 0x00, 0x00, 0x35, 0xb1, 0x91, 0x39, 0x00, 0x01, 0x00, 0x00, 0x92, 0x35,
   0x02, 0x22, 0x4c, 0x1a, 0x00, 0x00, 0x39, 0x1a, 0xc1, 0x19, 0x91, 0xa0, 0x00,
   0x00, 0x42, 0x4e, 0x11, 0x42, 0x29, 0xb0, 0x00, 0x00, 0xaa, 0x2a, 0x22, 0x9a,
   0x11, 0x0c, 0x00, 0x00, 0x4a, 0x99, 0xaa, 0xb4, 0x0a, 0xa9, 0x00, 0x00, 0x49,
   0xa9, 0x3b, 0x10, 0x14, 0x41, 0x00, 0x00, 0x3e, 0x0a, 0x01, 0x52, 0xaa, 0x01,
   0x00, 0x00, 0xab, 0x99, 0x20, 0xac, 0x91, 0x02, 0x00, 0x00, 0xab, 0x29, 0x99,
   0x44, 0xaa, 0x12, 0x00, 0x00, 0x92, 0x94, 0x10, 0x9c, 0x2c, 0x2a, 0x00, 0x00,
   0x33, 0x09, 0xb9, 0x39, 0x21, 0x12, 0x00, 0x00, 0x34, 0x32, 0x02, 0xa2, 0xa0,
   0x23, 0x00, 0x00, 0x10, 0xe9, 0xaa, 0x2d, 0x0c, 0xa3, 0x00, 0x00, 0x13, 0x25,
   0x2c, 0x3a, 0x99, 0xa1, 0x00, 0x00, 0x22, 0x44, 0xa3, 0x12, 0x29, 0xa3, 0x00,
   0x00, 0x4a, 0xaa, 0x2d, 0x09, 0x2a, 0x23, 0x00, 0x00, 0x23, 0x0c, 0xa0, 0x2b,
   0x93, 0x11, 0x00, 0x00, 0xa3, 0x21, 0xb0, 0x00, 0x19, 0xb9, 0x00, 0x00, 0x49,
   0x19, 0x2c, 0xc6, 0x9a, 0x90, 0x00, 0x00, 0x12, 0x22, 0xc4, 0x95, 0xa3, 0x93,
   0x00, 0x00, 0xab, 0xd9, 0x09, 0xa4, 0x29, 0x11, 0x00, 0x00, 0x09, 0x39, 0xca,
   0x9a, 0xc1, 0x94, 0x00, 0x00, 0x32, 0x41, 0x92, 0x90, 0x09, 0x33, 0x00, 0x00,
   0x43, 0x90, 0x19, 0x53, 0xa1, 0x41, 0x00, 0x00, 0xbc, 0xab, 0xbb, 0xa0, 0x9c,
   0x39, 0x00, 0x00, 0x1a, 0x23, 0x31, 0xb1, 0x21, 0xb0, 0x00, 0x00, 0x35, 0x96,
   0x2c, 0xa1, 0x29, 0x90, 0x00, 0x00, 0xba, 0x2b, 0x23, 0x09, 0x93, 0x1a, 0x00,
   0x00, 0x10, 0x20, 0xa5, 0x33, 0xb3, 0x0c, 0x00, 0x00, 0x22, 0x0b, 0x29, 0x12,
   0x3b, 0x0c, 0x00, 0x00, 0x9a, 0x39, 0x3b, 0x29, 0xa9, 0x15, 0x00, 0x00, 0x04,
   0x01, 0x3b, 0x90, 0x22, 0x5b, 0x00, 0x00, 0x09, 0x0c, 0x41, 0xa9, 0x42, 0x00,
   0x00, 0x00, 0x22, 0xb9, 0x51, 0x10, 0x30, 0x03, 0x00, 0x00, 0xbc, 0x19, 0xe1,
   0x03, 0xc1, 0x1b, 0x00, 0x00, 0x45, 0x91, 0xb2, 0xb0, 0x41, 0xb9, 0x00, 0x00,
   0x40, 0x1b, 0x2a, 0x92, 0x9a, 0x2a, 0x00, 0x00, 0xa2, 0x93, 0x2a, 0xa3, 0x99,
   0x99, 0x00, 0x00, 0x42, 0x90, 0x14, 0x0a, 0x11, 0x23, 0x00, 0x00, 0x9a, 0x12,
   0x39, 0x42, 0xaa, 0xba, 0x00, 0x00, 0x66, 0x00, 0x23, 0x54, 0x11, 0x40, 0x00,
   0x00, 0x02, 0xb0, 0xb9, 0x51, 0x92, 0x01, 0x00, 0x00, 0x14, 0x02, 0x21, 0x94,
   0x01, 0x11, 0x00, 0x00, 0x1c, 0xa3, 0x0a, 0xdb, 0xae, 0xca, 0x00, 0x00, 0xa0,
   0x59, 0x60, 0x11, 0x91, 0xb2, 0x00, 0x00, 0x00, 0x09, 0x1a, 0xb9, 0xba, 0xd9,
   0x00, 0x00, 0x2a, 0x91, 0xaa, 0xb0, 0x9b, 0x02, 0x00, 0x00, 0x0a, 0x2a, 0x29,
   0xab, 0x19, 0x20, 0x00, 0x00, 0x5a, 0xb5, 0xc9, 0x33, 0x50, 0x90, 0x00, 0x00,
   0x99, 0x99, 0x2a, 0x3a, 0x0b, 0xb1, 0x00, 0x00, 0x70, 0x21, 0x06, 0xba, 0x1e,
   0x90, 0x00, 0x00, 0x10, 0x2b, 0x29, 0x1c, 0x91, 0x11, 0x00, 0x00, 0x2a, 0x4c,
   0xd0, 0x19, 0x39, 0xa1, 0x00, 0x00, 0x20, 0xe9, 0x0a, 0x30, 0x90, 0x51, 0x00,
   0x00, 0x99, 0x94, 0x2a, 0x2a, 0xb0, 0x23, 0x00, 0x00, 0xa0, 0xb1, 0x10, 0x19,
   0x12, 0x91, 0x00, 0x00, 0x92, 0x40, 0x24, 0x21, 0x4a, 0x20, 0x00, 0x00, 0xd2,
   0x91, 0x11, 0xbd, 0xab, 0xc9, 0x00, 0x00, 0x09, 0x19, 0xa9, 0xa2, 0x0d, 0x23,
   0x00, 0x00, 0xa1, 0x23, 0x23, 0x23, 0x2b, 0x99, 0x00, 0x00, 0x1a, 0xbb, 0x3b,
   0x09, 0xd0, 0xaa, 0x00, 0x00, 0xb2, 0xaa, 0xe0, 0x19, 0x94, 0x23, 0x00, 0x00,
   0x11, 0x01, 0xa6, 0x23, 0x5a, 0x40, 0x00, 0x00, 0x21, 0x99, 0x91, 0x23, 0x23,
   0xa9, 0x00, 0x00, 0x12, 0x3d, 0xa4, 0x31, 0x40, 0x03, 0x00, 0x00, 0xca, 0x31,
   0x01, 0x05, 0xa1, 0xad, 0x00, 0x00, 0x90, 0x12, 0xc2, 0xb2, 0x09, 0xb4, 0x00,
   0x00, 0x94, 0xc4, 0x33, 0x02, 0xd5, 0x00, 0x00, 0x00, 0x10, 0xa3, 0x3a, 0xa0,
   0xaa, 0x59, 0x00, 0x00, 0x00, 0xa0, 0xd1, 0xb0, 0x39, 0x32, 0x00, 0x00, 0x29,
   0x3a, 0x95, 0x0b, 0x19, 0x29, 0x00, 0x00, 0x94, 0x91, 0x10, 0x00, 0xaa, 0x20,
   0x00, 0x00, 0x2b, 0x29, 0x9d, 0xa1, 0x49, 0x25, 0x00, 0x00, 0x0a, 0x13, 0x50,
   0x99, 0x54, 0xb4, 0x00, 0x00, 0x94, 0xc9, 0x3c, 0xda, 0x99, 0x20, 0x00, 0x00,
   0xda, 0x09, 0x33, 0x10, 0xa1, 0x04, 0x00, 0x00, 0x03, 0x69, 0x17, 0x92, 0x33,
   0x10, 0x00, 0x00, 0x04, 0x53, 0x92, 0x29, 0x13, 0xb2, 0x00, 0x00, 0x24, 0x22,
   0x19, 0x99, 0x19, 0xa1, 0x00, 0x00, 0x15, 0x0b, 0xa9, 0x0b, 0xc3, 0xc9, 0x00,
   0x00, 0x29, 0x62, 0x32, 0x21, 0x3a, 0x34, 0x00, 0x00, 0x94, 0xaa, 0x19, 0xa2,
   0x1a, 0x29, 0x00, 0x00, 0x20, 0x2a, 0xd2, 0x21, 0xc1, 0xaa, 0x00, 0x00, 0x34,
   0xad, 0x90, 0x91, 0xab, 0xb9, 0x00, 0x00, 0x00, 0xc9, 0x23, 0x1a, 0x49, 0x14,
   0x00, 0x00, 0x53, 0x99, 0x91, 0x02, 0x92, 0xa3, 0x00, 0x00, 0x29, 0x2a, 0x12,
   0x21, 0x90, 0x19, 0x00, 0x00, 0x13, 0xa9, 0x1a, 0x35, 0xc2, 0x2a, 0x00, 0x00,
   0x25, 0xab, 0x31, 0x32, 0x01, 0x22, 0x00, 0x00, 0x09, 0xa1, 0x31, 0x20, 0x9b,
   0x29, 0x00, 0x00, 0x12, 0x90, 0x42, 0x29, 0x5c, 0xbc, 0x00, 0x00, 0x10, 0x95,
   0x02, 0x91, 0x42, 0xc0, 0x00, 0x00, 0xbc, 0x5b, 0x04, 0x23, 0x90, 0xbb, 0x00,
   0x00, 0x22, 0x94, 0x99, 0xa4, 0x1c, 0xba, 0x00, 0x00, 0xbb, 0xab, 0x1b, 0x11,
   0x9a, 0xc4, 0x00, 0x00, 0x12, 0xa9, 0xaa, 0xa3, 0x1b, 0x12, 0x00, 0x00, 0x15,
   0x50, 0xdc, 0x04, 0xac, 0x19, 0x00, 0x00, 0xbb, 0x13, 0xa9, 0xba, 0xa2, 0x2a,
   0x00, 0x00, 0x91, 0x0c, 0x00, 0x42, 0xb1, 0x0a, 0x00, 0x00, 0xba, 0x93, 0x22,
   0x0a, 0x12, 0xcb, 0x00, 0x00, 0x30, 0x24, 0x02, 0x26, 0xba, 0x05, 0x00, 0x00,
   0xa2, 0x0a, 0xb9, 0xa9, 0x93, 0xac, 0x00, 0x00, 0xb9, 0x21, 0x30, 0x00, 0xe1,
   0x3c, 0x00, 0x00, 0x11, 0x0a, 0xaa, 0x0a, 0x4a, 0x21, 0x00, 0x00, 0xa1, 0x21,
   0x0b, 0x92, 0x21, 0x24, 0x00, 0x00, 0x30, 0x33, 0xa3, 0x91, 0x30, 0x93, 0x00,
   0x00, 0x31, 0x31, 0xca, 0x21, 0x3b, 0x35, 0x00, 0x00, 0x09, 0xb9, 0x21, 0x09,
   0x19, 0x00, 0x00, 0x00, 0xab, 0x99, 0x31, 0x0b, 0x23, 0x2b, 0x00, 0x00, 0x12,
   0x99, 0xc1, 0x32, 0x0a, 0x19, 0x00, 0x00, 0xca, 0xa0, 0x23, 0x51, 0x43, 0x14,
   0x00, 0x00, 0xa2, 0xa0, 0x3a, 0x13, 0xc1, 0x92, 0x00, 0x00, 0x41, 0x32, 0x44,
   0x41, 0x11, 0xb9, 0x00, 0x00, 0x33, 0x02, 0xc0, 0x9a, 0xd9, 0x09, 0x00, 0x00,
   0x09, 0x2a, 0x1d, 0x09, 0xa4, 0xbb, 0x00, 0x00, 0x31, 0xaa, 0x00, 0xe1, 0x93,
   0x11, 0x00, 0x00, 0xc9, 0x91, 0xb9, 0x90, 0xaa, 0x0a, 0x00, 0x00, 0x29, 0x11,
   0x0a, 0xb9, 0x00, 0x91, 0x00, 0x00, 0xc1, 0x5a, 0x3a, 0x04, 0xa3, 0x23, 0x00,
   0x00, 0x3a, 0x2c, 0x99, 0x45, 0x33, 0x00, 0x00, 0x00, 0xac, 0xb9, 0x1b, 0x09,
   0x0a, 0x14, 0x00, 0x00, 0x22, 0x16, 0xa0, 0x37, 0x92, 0x11, 0x00, 0x00, 0xc3,
   0x92, 0x0a, 0x0c, 0xbc, 0x99, 0x00, 0x00, 0xcb, 0x09, 0x5a, 0xbb, 0x74, 0x25,
   0x00, 0x00, 0xab, 0x64, 0x09, 0xac, 0xa4, 0x23, 0x00, 0x00, 0x95, 0x32, 0xb2,
   0x19, 0x95, 0xcc, 0x00, 0x00, 0xab, 0xa9, 0xb0, 0x01, 0xa2, 0x99, 0x00, 0x00,
   0xc2, 0x9a, 0xaa, 0x14, 0x92, 0x1b, 0x00, 0x00, 0x09, 0x3c, 0x33, 0x9c, 0xb2,
   0x0b, 0x00, 0x00, 0x9c, 0x11, 0xb0, 0x13, 0xa1, 0x31, 0x00, 0x00, 0x21, 0xa4,
   0xab, 0x11, 0x3a, 0x3b, 0x00, 0x00, 0x31, 0x2a, 0x10, 0x99, 0xa1, 0x01, 0x00,
   0x00, 0x43, 0x19, 0x1a, 0xb0, 0xa0, 0x02, 0x00, 0x00, 0x02, 0x9b, 0x10, 0x01,
   0x59, 0x09, 0x00, 0x00, 0x21, 0x01, 0x2d, 0x10, 0x91, 0xa5, 0x00, 0x00, 0x35,
   0xb0, 0xba, 0x03, 0x51, 0xb3, 0x00, 0x00, 0xab, 0x00, 0x0c, 0x29, 0x31, 0x35,
   0x00, 0x00, 0xb0, 0x1b, 0x99, 0x1b, 0x9b, 0x30, 0x00, 0x00, 0xb4, 0x9a, 0xa0,
   0x11, 0xe2, 0xad, 0x00, 0x00, 0x01, 0x59, 0x44, 0xb1, 0x21, 0x00, 0x00, 0x00,
   0xc3, 0xe9, 0xad, 0xa9, 0x51, 0x01, 0x00, 0x00, 0x21, 0xb2, 0x31, 0x72, 0x19,
   0x10, 0x00, 0x00, 0xa4, 0xab, 0xda, 0x13, 0x10, 0x4c, 0x00, 0x00, 0x13, 0x29,
   0x25, 0x92, 0xb2, 0xba, 0x00, 0x00, 0x24, 0x1a, 0xa2, 0x01, 0x5a, 0x0a, 0x00,
   0x00, 0x4b, 0xa1, 0x29, 0x39, 0x04, 0x2c, 0x00, 0x00, 0x09, 0x44, 0x91, 0xa0,
   0x22, 0x21, 0x00, 0x00, 0xa2, 0x41, 0x15, 0x90, 0x02, 0xa2, 0x00, 0x00, 0xa1,
   0xba, 0xc6, 0x32, 0x07, 0x00, 0x00, 0x00, 0x22, 0x24, 0x21, 0x1a, 0xb1, 0xa0,
   0x00, 0x00, 0xab, 0xaa, 0xb1, 0xb9, 0x10, 0x3c, 0x00, 0x00, 0x21, 0x43, 0x20,
   0x19, 0x90, 0x42, 0x00, 0x00, 0x9b, 0x0a, 0x91, 0x4b, 0xa9, 0x32, 0x00, 0x00,
   0xb0, 0x30, 0x29, 0x2c, 0x21, 0x72, 0x00, 0x00, 0x0b, 0x25, 0x1b, 0x13, 0x0e,
   0x33, 0x00, 0x00, 0xa2, 0xc1, 0x1c, 0x2c, 0x9a, 0x13, 0x00, 0x00, 0x3c, 0x32,
   0x92, 0x41, 0x11, 0xb4, 0x00, 0x00, 0x2b, 0x9a, 0x31, 0xcb, 0x29, 0x22, 0x00,
   0x00, 0x01, 0xaa, 0x2a, 0x92, 0x0a, 0xa0, 0x00, 0x00, 0xc2, 0x32, 0x52, 0xc9,
   0xb0, 0x4b, 0x00, 0x00, 0xa0, 0xd9, 0xad, 0xbc, 0xa2, 0x1e, 0x00, 0x00, 0x10,
   0xb9, 0x90, 0x9b, 0x1a, 0x90, 0x00, 0x00, 0x93, 0xa2, 0xab, 0x29, 0xb9, 0x23,
   0x00, 0x00, 0xe1, 0xba, 0xba, 0xb1, 0xca, 0x1b, 0x00, 0x00, 0x40, 0x42, 0x10,
   0x2c, 0x51, 0x31, 0x00, 0x00, 0x0a, 0x2a, 0x39, 0xa2, 0x99, 0x9e, 0x00, 0x00,
   0x32, 0x92, 0x4c, 0xd0, 0x01, 0x0d, 0x00, 0x00, 0x19, 0xba, 0xc1, 0xa0, 0x10,
   0x09, 0x00, 0x00, 0x2a, 0x12, 0xda, 0x3a, 0x29, 0x9a, 0x00, 0x00, 0xed, 0x99,
   0xab, 0x99, 0x0a, 0xbc, 0x00, 0x00, 0xa0, 0x2c, 0x02, 0xa0, 0xa3, 0x49, 0x00,
   0x00, 0x92, 0xa9, 0x99, 0xc9, 0x2b, 0xb4, 0x00, 0x00, 0x9c, 0x99, 0xa0, 0x0c,
   0x3c, 0x00, 0x00, 0x00, 0x92, 0xb0, 0x91, 0x10, 0x12, 0x42, 0x00, 0x00, 0x92,
   0x01, 0xa1, 0x01, 0x2a, 0x59, 0x00, 0x00, 0x04, 0x02, 0x19, 0x30, 0xa9, 0x25,
   0x00, 0x00, 0x91, 0x36, 0xd2, 0x00, 0xb9, 0x9a, 0x00, 0x00, 0x03, 0x0a, 0xa1,
   0x2a, 0xb2, 0x94, 0x00, 0x00, 0x91, 0x03, 0x9a, 0x99, 0x09, 0x04, 0x00, 0x00,
   0x0a, 0x1b, 0x22, 0x34, 0x91, 0xab, 0x00, 0x00, 0x49, 0x24, 0x95, 0x23, 0x43,
   0x23, 0x00, 0x00, 0x91, 0x0d, 0x02, 0x2a, 0xa9, 0x0a, 0x00, 0x00, 0x6b, 0x11,
   0xb4, 0x9b, 0xc9, 0x49, 0x00, 0x00, 0x00, 0x29, 0x21, 0xbc, 0xcc, 0x4b, 0x00,
   0x00, 0xa3, 0xa1, 0x92, 0x11, 0x24, 0x00, 0x00, 0x00, 0x93, 0x30, 0x30, 0x30,
   0xcb, 0x1a, 0x00, 0x00, 0x19, 0x2b, 0xa3, 0x44, 0x31, 0x9b, 0x00, 0x00, 0xb3,
   0x5a, 0x16, 0xa5, 0xb4, 0x93, 0x00, 0x00, 0x13, 0xda, 0x19, 0xa0, 0x12, 0x44,
   0x00, 0x00, 0xb9, 0xa9, 0xf0, 0x40, 0x9b, 0x24, 0x00, 0x00, 0x12, 0x9b, 0xc2,
   0x39, 0x11, 0x29, 0x00, 0x00, 0x9a, 0x2d, 0xa3, 0x99, 0xb5, 0x9c, 0x00, 0x00,
   0xc0, 0x12, 0xca, 0x69, 0x91, 0xd3, 0x00, 0x00, 0x0b, 0x22, 0x03, 0x44, 0xb2,
   0x30, 0x00, 0x00, 0x19, 0x01, 0x9a, 0x42, 0x15, 0x2b, 0x00, 0x00, 0x0a, 0x90,
   0x2d, 0x10, 0x4a, 0x04, 0x00, 0x00, 0x11, 0x3d, 0xab, 0x1b, 0x90, 0x09, 0x00,
   0x00, 0x92, 0x0b, 0xb9, 0x33, 0x91, 0x12, 0x00, 0x00, 0x20, 0x0a, 0xa9, 0xa1,
   0xa2, 0x9c, 0x00, 0x00, 0xb2, 0x0a, 0x04, 0x11, 0x0c, 0x2d, 0x00, 0x00, 0x1b,
   0x03, 0x39, 0x9a, 0xa4, 0x10, 0x00, 0x00, 0xba, 0x49, 0x1a, 0x30, 0x90, 0x10,
   0x00, 0x00, 0x90, 0x19, 0x2a, 0x2a, 0x21, 0x54, 0x00, 0x00, 0x00, 0x30, 0x92,
   0x91, 0x20, 0xb9, 0x00, 0x00, 0x06, 0x44, 0x30, 0xc4, 0x31, 0x34, 0x00, 0x00,
   0x42, 0x0c, 0x0a, 0xac, 0x9b, 0xbb, 0x00, 0x00, 0x29, 0x22, 0xbc, 0x1a, 0xa9,
   0x0c, 0x00, 0x00, 0x2a, 0x93, 0xaa, 0xac, 0x02, 0xa2, 0x00, 0x00, 0x41, 0x2b,
   0x90, 0xab, 0x00, 0xa2, 0x00, 0x00, 0x54, 0x91, 0x93, 0x31, 0x00, 0x44, 0x00,
   0x00, 0x29, 0x47, 0x12, 0x90, 0x30, 0x64, 0x00, 0x00, 0x49, 0x91, 0xb9, 0x09,
   0x13, 0x43, 0x00, 0x00, 0x2a, 0x30, 0x19, 0x9a, 0x1a, 0x09, 0x00, 0x00, 0x42,
   0x39, 0x00, 0x29, 0x4b, 0x92, 0x00, 0x00, 0xa1, 0x91, 0x9a, 0xab, 0x51, 0x1b,
   0x00, 0x00, 0xaa, 0x01, 0x39, 0x0a, 0x29, 0x21, 0x00, 0x00, 0xca, 0x05, 0x92,
   0x0a, 0x10, 0x20, 0x00, 0x00, 0x9a, 0x20, 0xa9, 0xa2, 0x10, 0x91, 0x00, 0x00,
   0x9a, 0x24, 0x52, 0xaa, 0x00, 0xaa, 0x00, 0x00, 0x5a, 0xac, 0x2c, 0x2b, 0x23,
   0x04, 0x00, 0x00, 0xa0, 0x09, 0x3a, 0x22, 0x44, 0xa1, 0x00, 0x00, 0x92, 0x24,
   0xa0, 0x10, 0x09, 0x31, 0x00, 0x00, 0x36, 0xa1, 0x41, 0x03, 0x31, 0x07, 0x00,
   0x00, 0x54, 0xa1, 0x10, 0x79, 0x00, 0xc4, 0x00, 0x00, 0x10, 0x10, 0x90, 0x92,
   0x2b, 0xa9, 0x00, 0x00, 0x34, 0x92, 0x91, 0x04, 0x00, 0x34, 0x00, 0x00, 0x30,
   0x30, 0x10, 0x1c, 0xd0, 0x31, 0x00, 0x00, 0x01, 0xa2, 0x99, 0x54, 0x93, 0x32,
   0x00, 0x00, 0x90, 0x29, 0x29, 0x12, 0x20, 0xbc, 0x00, 0x00, 0xd1, 0xba, 0x39,
   0x14, 0xa0, 0xaa, 0x00, 0x00, 0x1a, 0x92, 0x21, 0xb3, 0x10, 0x3a, 0x00, 0x00,
   0x01, 0xc0, 0xb0, 0x2c, 0x0a, 0x49, 0x00, 0x00, 0x11, 0x1a, 0x01, 0x02, 0x20,
   0xc9, 0x00, 0x00, 0x11, 0x21, 0x0b, 0x31, 0x09, 0xa9, 0x00, 0x00, 0x09, 0xaa,
   0xc0, 0x00, 0x31, 0x34, 0x00, 0x00, 0xb0, 0x00, 0x01, 0x53, 0xa0, 0x19, 0x00,
   0x00, 0xb9, 0x10, 0xa0, 0xa9, 0x1a, 0xb1, 0x00, 0x00, 0x11, 0x00, 0x1b, 0x99,
   0x1c, 0x22, 0x00, 0x00, 0xfb, 0x12, 0xab, 0x43, 0x90, 0x21, 0x00, 0x00, 0x10,
   0x13, 0x9b, 0x03, 0xba, 0xb3, 0x00, 0x00, 0x53, 0x5b, 0x0a, 0x39, 0x99, 0x93,
   0x00, 0x00, 0x41, 0x04, 0x29, 0x12, 0x52, 0x3b, 0x00, 0x00, 0x91, 0x9b, 0xaa,
   0x99, 0x90, 0x45, 0x00, 0x00, 0x9a, 0x90, 0x35, 0x90, 0x19, 0x35, 0x00, 0x00,
   0x93, 0x34, 0x14, 0x02, 0x33, 0xa2, 0x00, 0x00, 0x1b, 0xa5, 0x93, 0x92, 0x30,
   0x01, 0x00, 0x00, 0xa0, 0x1b, 0x19, 0x31, 0x99, 0x1a, 0x00, 0x00, 0x6b, 0x10,
   0x41, 0x92, 0x02, 0x39, 0x00, 0x00, 0x41, 0x14, 0x99, 0x23, 0xa1, 0x10, 0x00,
   0x00, 0x22, 0x01, 0xa9, 0x01, 0x23, 0x04, 0x00, 0x00, 0x1a, 0x0c, 0x90, 0xa4,
   0x9a, 0x49, 0x00, 0x00, 0x0a, 0x03, 0x15, 0xba, 0x19, 0xa9, 0x00, 0x00, 0xaf,
   0x11, 0xa9, 0x10, 0xe3, 0xdb, 0x00, 0x00, 0xa3, 0xb0, 0x24, 0x99, 0xa0, 0x29,
   0x00, 0x00, 0x31, 0xd2, 0xc1, 0x0c, 0x42, 0x4c, 0x00, 0x00, 0x22, 0x02, 0x32,
   0xbc, 0x9a, 0x40, 0x00, 0x00, 0x39, 0x2d, 0x0c, 0x3d, 0xa0, 0x03, 0x00, 0x00,
   0x93, 0xc1, 0x2a, 0x9a, 0x02, 0xc9, 0x00, 0x00, 0x03, 0x03, 0x5c, 0x14, 0x09,
   0x05, 0x00, 0x00, 0xbb, 0x11, 0x02, 0xc9, 0xb9, 0x9a, 0x00, 0x00, 0x21, 0xba,
   0x0a, 0x39, 0x91, 0xc0, 0x00, 0x00, 0x2a, 0x13, 0x01, 0x32, 0xc2, 0xc0, 0x00,
   0x00, 0xa1, 0x92, 0xc2, 0x11, 0x20, 0x32, 0x00, 0x00, 0x1d, 0x1b, 0x20, 0xa0,
   0xa4, 0xba, 0x00, 0x00, 0x01, 0x1b, 0x32, 0x9d, 0x1a, 0x16, 0x00, 0x00, 0x3b,
   0x19, 0xd4, 0x19, 0x51, 0x20, 0x00, 0x00, 0x00, 0x93, 0xca, 0x19, 0x92, 0x90,
   0x00, 0x00, 0x06, 0xa0, 0x91, 0x1c, 0x22, 0x23, 0x00, 0x00, 0xb5, 0x04, 0xb2,
   0x92, 0x91, 0x92, 0x00, 0x00, 0x91, 0xcc, 0x43, 0xb1, 0x91, 0x40, 0x00, 0x00,
   0x44, 0x10, 0x14, 0x11, 0x92, 0xc2, 0x00, 0x00, 0x01, 0xab, 0xa4, 0x14, 0xa0,
   0xca, 0x00, 0x00, 0x93, 0x22, 0xb2, 0x23, 0xc9, 0xcc, 0x00, 0x00, 0x03, 0x91,
   0x11, 0x03, 0x10, 0xb9, 0x00, 0x00, 0x4b, 0x90, 0x50, 0x0a, 0x30, 0x09, 0x00,
   0x00, 0x0b, 0x2a, 0x02, 0x00, 0xb3, 0x22, 0x00, 0x00, 0xab, 0x3a, 0x09, 0x90,
   0x19, 0xb1, 0x00, 0x00, 0x10, 0x01, 0xab, 0x01, 0x2a, 0xc1, 0x00, 0x00, 0x20,
   0x01, 0x92, 0x0b, 0x29, 0x13, 0x00, 0x00, 0x12, 0x24, 0x00, 0x29, 0x9c, 0x01,
   0x00, 0x00, 0x50, 0x12, 0x59, 0x09, 0x22, 0x32, 0x00, 0x00, 0xc3, 0x3a, 0xa0,
   0x59, 0x0d, 0x2a, 0x00, 0x00, 0x1a, 0xa2, 0xa9, 0xa0, 0x1a, 0x3a, 0x00, 0x00,
   0x26, 0xe1, 0x13, 0x49, 0xa9, 0x00, 0x00, 0x00, 0xa2, 0x20, 0x02, 0x1c, 0xab,
   0x75, 0x00, 0x00, 0xa1, 0x2b, 0x60, 0xbc, 0x13, 0xa2, 0x00, 0x00, 0x93, 0x92,
   0xc0, 0x13, 0xb3, 0x0b, 0x00, 0x00, 0xa0, 0xb0, 0x11, 0x01, 0xa9, 0x90, 0x00,
   0x00, 0xb3, 0x9c, 0x54, 0x42, 0x9b, 0xb9, 0x00, 0x00, 0x19, 0x91, 0xb3, 0xaa,
   0x90, 0x3c, 0x00, 0x00, 0xa0, 0xb3, 0xa0, 0x51, 0xc4, 0x13, 0x00, 0x00, 0x06,
   0x9a, 0x12, 0xab, 0x99, 0xa4, 0x00, 0x00, 0x20, 0x22, 0xa9, 0x23, 0x10, 0x01,
   0x00, 0x00, 0xbe, 0xa3, 0x9a, 0x2b, 0xad, 0x29, 0x00, 0x00, 0x9c, 0x0c, 0x10,
   0xc0, 0x0b, 0x49, 0x00, 0x00, 0x1c, 0x1b, 0x01, 0x1a, 0x20, 0x9a, 0x00, 0x00,
   0xb9, 0x29, 0xa9, 0x2d, 0x96, 0xb0, 0x00, 0x00, 0x39, 0x01, 0x29, 0x22, 0xa0,
   0x93, 0x00, 0x00, 0x13, 0x93, 0x3b, 0x02, 0xa2, 0x93, 0x00, 0x00, 0xb3, 0x20,
   0xa9, 0x00, 0x02, 0x00, 0x00, 0x00, 0x21, 0x20, 0xa3, 0x09, 0xa3, 0xb3, 0x00,
   0x00, 0x00, 0x9b, 0x03, 0xb0, 0xa3, 0x49, 0x00, 0x00, 0xd2, 0x99, 0x3b, 0xd1,
   0x92, 0x0c, 0x00, 0x00, 0x11, 0x00, 0x00, 0x9c, 0x1b, 0x10, 0x00, 0x00, 0x00,
   0x19, 0x11, 0x9d, 0x0a, 0x1a, 0x00, 0x00, 0x09, 0x0a, 0x52, 0x1c, 0x2b, 0x03,
   0x00, 0x00, 0x90, 0xb3, 0x9c, 0x11, 0xc0, 0x47, 0x00, 0x00, 0x44, 0x00, 0x9a,
   0x10, 0x21, 0x39, 0x00, 0x00, 0x10, 0xb1, 0xb9, 0x91, 0x93, 0x10, 0x00, 0x00,
   0x33, 0x2a, 0x51, 0x91, 0x22, 0x12, 0x00, 0x00, 0x9b, 0xb1, 0x30, 0x02, 0x9f,
   0x99, 0x00, 0x00, 0xab, 0x12, 0xc0, 0x44, 0x92, 0x3a, 0x00, 0x00, 0xc0, 0xa2,
   0xa1, 0xab, 0xc9, 0x1a, 0x00, 0x00, 0xca, 0x50, 0xab, 0x13, 0x2c, 0xb1, 0x00,
   0x00, 0x31, 0xb2, 0x32, 0x01, 0xa5, 0x55, 0x00, 0x00, 0x10, 0x1c, 0xc0, 0x19,
   0xbc, 0x0b, 0x00, 0x00, 0x56, 0xb4, 0x14, 0x11, 0xb4, 0x99, 0x00, 0x00, 0x92,
   0x99, 0x59, 0xa1, 0x0e, 0xb2, 0x00, 0x00, 0x2a, 0x99, 0x99, 0x21, 0x90, 0x93,
   0x00, 0x00, 0x43, 0x99, 0x49, 0x19, 0x9a, 0x96, 0x00, 0x00, 0x4a, 0x09, 0x2a,
   0x01, 0x10, 0x3a, 0x00, 0x00, 0xa0, 0x30, 0xaa, 0x42, 0x1d, 0x13, 0x00, 0x00,
   0x2b, 0x99, 0x34, 0xba, 0x99, 0x90, 0x00, 0x00, 0x30, 0x1a, 0x39, 0x12, 0xb2,
   0xc3, 0x00, 0x00, 0xaa, 0x00, 0x2b, 0x11, 0x23, 0xb3, 0x00, 0x00, 0x4c, 0x22,
   0x19, 0xa0, 0x40, 0xa2, 0x00, 0x00, 0x1b, 0x90, 0x12, 0x11, 0x02, 0x03, 0x00,
   0x00, 0x19, 0x10, 0x00, 0xa9, 0xba, 0xa3, 0x00, 0x00, 0x11, 0x12, 0x01, 0x34,
   0x1a, 0xbb, 0x00, 0x00, 0x90, 0xa9, 0x9a, 0x03, 0x9c, 0x11, 0x00, 0x00, 0x32,
   0xab, 0x9a, 0x3b, 0xc5, 0x19, 0x00, 0x00, 0xc1, 0x9a, 0x2c, 0x09, 0xa0, 0x1a,
   0x00, 0x00, 0x10, 0xb1, 0x12, 0x9b, 0x51, 0xa3, 0x00, 0x00, 0xc1, 0x21, 0x0d,
   0xb1, 0x2b, 0x2b, 0x00, 0x00, 0xb2, 0x09, 0x12, 0x19, 0x41, 0x29, 0x00, 0x00,
   0x22, 0xb1, 0x1a, 0x1b, 0x4b, 0x32, 0x00, 0x00, 0x92, 0xe3, 0x07, 0x40, 0x9a,
   0xab, 0x00, 0x00, 0x01, 0x90, 0xaa, 0xa3, 0xca, 0x91, 0x00, 0x00, 0xc1, 0x22,
   0x23, 0x40, 0xc2, 0xc9, 0x00, 0x00, 0x13, 0x12, 0xf9, 0xab, 0xca, 0xec, 0x00,
   0x00, 0xa9, 0x92, 0xb4, 0xa3, 0xb1, 0x0c, 0x00, 0x00, 0x2a, 0xa2, 0x22, 0x21,
   0x1d, 0xbc, 0x00, 0x00, 0x23, 0xac, 0x40, 0x2a, 0xa5, 0xd2, 0x00, 0x00, 0x5b,
   0xba, 0x21, 0xcc, 0x1c, 0xab, 0x00, 0x00, 0x42, 0x0b, 0x2a, 0x1b, 0x02, 0x10,
   0x00, 0x00, 0x3a, 0xa0, 0x70, 0x32, 0xb1, 0x9b, 0x00, 0x00, 0x2b, 0x99, 0x0a,
   0x3c, 0xe6, 0xc1, 0x00, 0x00, 0x92, 0x91, 0x92, 0x9a, 0x23, 0x3b, 0x00, 0x00,
   0x35, 0x93, 0x11, 0x01, 0x32, 0x53, 0x00, 0x00, 0x20, 0x1b, 0x11, 0x42, 0x04,
   0x59, 0x00, 0x00, 0x11, 0x1a, 0x20, 0x24, 0x93, 0x24, 0x00, 0x00, 0xb4, 0x03,
   0xb0, 0xa3, 0x05, 0x52, 0x00, 0x00, 0xa9, 0x5b, 0x3a, 0xbb, 0x91, 0x00, 0x00,
   0x00, 0x21, 0xa2, 0x29, 0xca, 0xdc, 0xc0, 0x00, 0x00, 0x2a, 0x02, 0xd9, 0x3b,
   0xd3, 0xe3, 0x00, 0x00, 0xb9, 0x1b, 0x41, 0x33, 0x31, 0x01, 0x00, 0x00, 0x42,
   0xb2, 0xb1, 0x39, 0xa0, 0xb1, 0x00, 0x00, 0xa3, 0x23, 0x6a, 0x10, 0x1b, 0x13,
   0x00, 0x00, 0x40, 0x30, 0xd4, 0x99, 0x23, 0x29, 0x00, 0x00, 0x25, 0x95, 0x10,
   0x9b, 0x4b, 0x2b, 0x00, 0x00, 0xca, 0x02, 0xca, 0x99, 0xb9, 0xba, 0x00, 0x00,
   0x03, 0x14, 0x02, 0x94, 0x19, 0xa2, 0x00, 0x00, 0xc9, 0x09, 0x9a, 0x2b, 0xd1,
   0x9b, 0x00, 0x00, 0x0a, 0x9a, 0xb3, 0xb9, 0x1d, 0x9b, 0x00, 0x00, 0xe3, 0x19,
   0xa1, 0x63, 0x90, 0x0d, 0x00, 0x00, 0x11, 0x90, 0x10, 0x22, 0xdd, 0x00, 0x00,
   0x00, 0x9a, 0xbc, 0x61, 0x19, 0x30, 0x91, 0x00, 0x00, 0x11, 0x99, 0x3c, 0x24,
   0x4d, 0x10, 0x00, 0x00, 0x3c, 0x39, 0x09, 0x13, 0xaa, 0xf5, 0x00, 0x00, 0x31,
   0xa9, 0x11, 0xb0, 0x3b, 0xba, 0x00, 0x00, 0xac, 0x2b, 0x5a, 0x02, 0x19, 0xe4,
   0x00, 0x00, 0x9b, 0xa5, 0xb9, 0x0a, 0xac, 0x9a, 0x00, 0x00, 0xb0, 0xd0, 0x1d,
   0x19, 0x31, 0x40, 0x00, 0x00, 0xab, 0x33, 0x2b, 0x90, 0x59, 0x42, 0x00, 0x00,
   0x92, 0x39, 0x2b, 0x39, 0x9b, 0xb0, 0x00, 0x00, 0x0b, 0x74, 0x19, 0x15, 0x59,
   0x34, 0x00, 0x00, 0x1e, 0x4b, 0x39, 0xa1, 0xd1, 0x19, 0x00, 0x00, 0x49, 0x32,
   0xab, 0x12, 0x21, 0xa3, 0x00, 0x00, 0x0a, 0x29, 0xba, 0x93, 0x30, 0xba, 0x00,
   0x00, 0x9a, 0x5a, 0xe5, 0xa2, 0x24, 0x90, 0x00, 0x00, 0x02, 0xd0, 0xaa, 0x92,
   0x21, 0x43, 0x00, 0x00, 0x90, 0x09, 0xa9, 0x3b, 0xa0, 0x2e, 0x00, 0x00, 0x90,
   0x42, 0xaa, 0x20, 0xba, 0x31, 0x00, 0x00, 0xa9, 0xa1, 0xa0, 0x9a, 0x03, 0xcb,
   0x00, 0x00, 0xc0, 0x02, 0x03, 0xb9, 0x43, 0x2c, 0x00, 0x00, 0x01, 0x03, 0x0c,
   0x71, 0x44, 0x52, 0x00, 0x00, 0x1b, 0xa1, 0x39, 0xa3, 0x96, 0x25, 0x00, 0x00,
   0x34, 0x20, 0x20, 0x24, 0x15, 0x35, 0x00, 0x00, 0x39, 0xa1, 0x53, 0x0b, 0x1b,
   0x52, 0x00, 0x00, 0x00, 0x23, 0x9b, 0x13, 0x22, 0x9a, 0x00, 0x00, 0x23, 0x4b,
   0x14, 0xa3, 0xb4, 0x4b, 0x00, 0x00, 0xb3, 0xb0, 0x2a, 0x21, 0xa2, 0x11, 0x00,
   0x00, 0x1a, 0xc1, 0xb3, 0x91, 0x69, 0xaa, 0x00, 0x00, 0x9b, 0xe0, 0xce, 0x32,
   0x93, 0x50, 0x00, 0x00, 0x90, 0x12, 0x01, 0x00, 0xa2, 0x03, 0x00, 0x00, 0x1a,
   0x32, 0x94, 0x0b, 0x01, 0x53, 0x00, 0x00, 0x22, 0x49, 0xa4, 0x09, 0x60, 0x91,
   0x00, 0x00, 0x32, 0x2a, 0x92, 0x10, 0x29, 0xba, 0x00, 0x00, 0x09, 0x9d, 0x9a,
   0x1c, 0x12, 0x20, 0x00, 0x00, 0x12, 0x12, 0x44, 0x00, 0x2d, 0x32, 0x00, 0x00,
   0x0a, 0xb5, 0x02, 0x39, 0x24, 0x29, 0x00, 0x00, 0xa2, 0xda, 0x29, 0xcb, 0x0a,
   0x92, 0x00, 0x00, 0x03, 0x23, 0x0a, 0x92, 0xa2, 0x02, 0x00, 0x00, 0xac, 0x0b,
   0x09, 0x19, 0x00, 0x0b, 0x00, 0x00, 0x23, 0x24, 0x3c, 0x1a, 0x93, 0xa9, 0x00,
   0x00, 0x54, 0x42, 0x32, 0x39, 0xca, 0x90, 0x00, 0x00, 0x05, 0x9a, 0x1b, 0xcb,
   0x04, 0x22, 0x00, 0x00, 0x90, 0x09, 0xaa, 0x22, 0x15, 0x34, 0x00, 0x00, 0xcc,
   0xa0, 0xa9, 0x0a, 0x10, 0x1a, 0x00, 0x00, 0x23, 0x10, 0x14, 0x03, 0x3a, 0xc2,
   0x00, 0x00, 0xc2, 0x9b, 0x3c, 0x93, 0x2a, 0x20, 0x00, 0x00, 0x34, 0x01, 0x19,
   0x14, 0x9b, 0xc3, 0x00, 0x00, 0x0a, 0xc0, 0xb0, 0xbc, 0x29, 0x22, 0x00, 0x00,
   0x40, 0xa1, 0x9a, 0x31, 0x53, 0x14, 0x00, 0x00, 0x15, 0x43, 0x20, 0xa9, 0x90,
   0x44, 0x00, 0x00, 0x12, 0x01, 0x10, 0x2b, 0xa0, 0x11, 0x00, 0x00, 0xca, 0x33,
   0x15, 0xa9, 0x2d, 0xce, 0x00, 0x00, 0x33, 0x44, 0x02, 0x49, 0xb2, 0xca, 0x00,
   0x00, 0x4a, 0xa2, 0x39, 0x09, 0x99, 0xa9, 0x00, 0x00, 0x01, 0x4a, 0x42, 0x23,
   0x02, 0xc9, 0x00, 0x00, 0xaa, 0xa0, 0x32, 0x23, 0x19, 0x04, 0x00, 0x00, 0xa1,
   0x29, 0x04, 0xaa, 0xd1, 0x3c, 0x00, 0x00, 0x4a, 0x10, 0x29, 0x2a, 0xc4, 0xde,
   0x00, 0x00, 0x14, 0x42, 0x21, 0x0b, 0x09, 0x9a, 0x00, 0x00, 0x20, 0x0a, 0x29,
   0x9a, 0x1b, 0x30, 0x00, 0x00, 0x09, 0xa0, 0x19, 0x1b, 0x10, 0xac, 0x00, 0x00,
   0x41, 0x2c, 0x91, 0xa9, 0x1a, 0x04, 0x00, 0x00, 0x93, 0xb1, 0xa1, 0xd2, 0x00,
   0x90, 0x00, 0x00, 0xa0, 0x6a, 0x53, 0x9b, 0x1a, 0xba, 0x00, 0x00, 0x01, 0x39,
   0x31, 0x1a, 0x9a, 0xa2, 0x00, 0x00, 0x02, 0x92, 0xc3, 0xd2, 0x02, 0x4a, 0x00,
   0x00, 0x30, 0x1a, 0xaa, 0xb0, 0x2a, 0xb2, 0x00, 0x00, 0x24, 0x90, 0x2c, 0x9c,
   0x21, 0xb2, 0x00, 0x00, 0x90, 0x10, 0x10, 0x9c, 0x0d, 0x11, 0x00, 0x00, 0xa3,
   0x39, 0xdb, 0x2b, 0x03, 0x14, 0x00, 0x00, 0x90, 0x3a, 0xa0, 0x31, 0x2c, 0x9d,
   0x00, 0x00, 0x01, 0x12, 0xdf, 0x49, 0x19, 0x3b, 0x00, 0x00, 0x19, 0x9c, 0xcc,
   0x2b, 0x93, 0x31, 0x00, 0x00, 0x0b, 0xa9, 0x24, 0x19, 0x29, 0x31, 0x00, 0x00,
   0xc3, 0x9c, 0xf9, 0x30, 0xca, 0xd4, 0x00, 0x00, 0x09, 0xc0, 0x34, 0x91, 0x1e,
   0x12, 0x00, 0x00, 0xb1, 0x01, 0x04, 0xb0, 0x9b, 0xca, 0x00, 0x00, 0xf1, 0x2d,
   0xf9, 0xe2, 0x21, 0x9d, 0x00, 0x00, 0x21, 0x99, 0x03, 0x19, 0x02, 0xbd, 0x00,
   0x00, 0x9a, 0x19, 0x59, 0x90, 0xb4, 0x20, 0x00, 0x00, 0xa4, 0xba, 0xc2, 0x9a,
   0xa2, 0xb2, 0x00, 0x00, 0x11, 0xa3, 0x12, 0x03, 0x04, 0x15, 0x00, 0x00, 0x02,
   0x20, 0xc2, 0x1a, 0x02, 0xb1, 0x00, 0x00, 0x31, 0x11, 0x1c, 0x9a, 0x0a, 0xe9,
   0x00, 0x00, 0x4a, 0x00, 0x12, 0x2a, 0xd9, 0xd9, 0x00, 0x00, 0x90, 0xd9, 0xb1,
   0x9a, 0x9b, 0xb1, 0x00, 0x00, 0xa2, 0x03, 0x2c, 0xa3, 0x04, 0x92, 0x00, 0x00,
   0xa1, 0x4c, 0x03, 0x45, 0x29, 0x00, 0x00, 0x00, 0xaa, 0xb1, 0x93, 0x44, 0xa9,
   0xa3, 0x00, 0x00, 0x11, 0x3a, 0xc6, 0x51, 0x00, 0x02, 0x00, 0x00, 0x9a, 0x01,
   0xaa, 0x63, 0xaa, 0x0c, 0x00, 0x00, 0x2b, 0x10, 0x2a, 0xc9, 0xaa, 0x92, 0x00,
   0x00, 0x00, 0x14, 0x91, 0x90, 0x2c, 0x9a, 0x00, 0x00, 0x2b, 0x39, 0x11, 0x9a,
   0x94, 0xd1, 0x00, 0x00, 0x30, 0x12, 0x31, 0x90, 0xb2, 0x9c, 0x00, 0x00, 0x15,
   0x43, 0x12, 0x35, 0xa1, 0xa1, 0x00, 0x00, 0x23, 0xc9, 0x01, 0x09, 0x14, 0xcb,
   0x00, 0x00, 0xaa, 0x09, 0xb9, 0x21, 0x21, 0x92, 0x00, 0x00, 0xba, 0xb4, 0x99,
   0x03, 0x39, 0xb9, 0x00, 0x00, 0x93, 0xc2, 0x91, 0x24, 0x43, 0x3a, 0x00, 0x00,
   0x0a, 0x00, 0xb0, 0x19, 0x03, 0x52, 0x00, 0x00, 0xb1, 0x99, 0x94, 0xa0, 0x00,
   0x2b, 0x00, 0x00, 0xca, 0x2a, 0x10, 0xbb, 0x02, 0x91, 0x00, 0x00, 0xe3, 0x2c,
   0x01, 0x11, 0xae, 0x10, 0x00, 0x00, 0x9b, 0xaa, 0xa9, 0x12, 0xa1, 0x0d, 0x00,
   0x00, 0x2a, 0x0c, 0xa3, 0x22, 0x5a, 0x0d, 0x00, 0x00, 0xa1, 0x9b, 0xab, 0x05,
   0xaa, 0x24, 0x00, 0x00, 0x40, 0xe9, 0xc0, 0x59, 0x24, 0xd9, 0x00, 0x00, 0x03,
   0xd2, 0x13, 0x24, 0x90, 0xac, 0x00, 0x00, 0x03, 0x51, 0xb1, 0x10, 0x01, 0x1a,
   0x00, 0x00, 0x02, 0xa9, 0x13, 0x92, 0xa1, 0x30, 0x00, 0x00, 0x10, 0xaa, 0x20,
   0x2b, 0x17, 0x02, 0x00, 0x00, 0x52, 0xbc, 0x44, 0x05, 0x29, 0x0c, 0x00, 0x00,
   0x30, 0xba, 0xba, 0x0d, 0x16, 0x10, 0x00, 0x00, 0x99, 0x49, 0x93, 0x1c, 0xa9,
   0xb0, 0x00, 0x00, 0xb6, 0x99, 0x0b, 0x5c, 0x91, 0x2a, 0x00, 0x00, 0xa0, 0xa5,
   0x3a, 0x4d, 0x2b, 0x09, 0x00, 0x00, 0xd9, 0x91, 0x21, 0xaa, 0xaa, 0x24, 0x00,
   0x00, 0x01, 0xa0, 0x94, 0x31, 0xac, 0x0c, 0x00, 0x00, 0xac, 0xbc, 0x1d, 0xd0,
   0xb2, 0xb5, 0x00, 0x00, 0x0a, 0x32, 0xaa, 0x00, 0x10, 0x1a, 0x00, 0x00, 0x30,
   0xb0, 0xa9, 0x92, 0x03, 0xa4, 0x00, 0x00, 0x9c, 0x11, 0x9b, 0xa1, 0xc3, 0xa9,
   0x00, 0x00, 0xb1, 0x3a, 0x9a, 0xa0, 0x06, 0x92, 0x00, 0x00, 0xc9, 0xba, 0x9a,
   0x39, 0x12, 0x11, 0x00, 0x00, 0x91, 0x91, 0x1a, 0x09, 0x01, 0x01, 0x00, 0x00,
   0x24, 0x90, 0x99, 0x1a, 0xf1, 0x33, 0x00, 0x00, 0x9c, 0xa4, 0x31, 0x03, 0x00,
   0x52, 0x00, 0x00, 0x32, 0x90, 0x40, 0x23, 0xba, 0x04, 0x00, 0x00, 0x25, 0x22,
   0x90, 0x90, 0x42, 0x91, 0x00, 0x00, 0x90, 0x3d, 0x9a, 0x13, 0x00, 0x9b, 0x00,
   0x00, 0x3c, 0x1a, 0x91, 0x00, 0x11, 0x12, 0x00, 0x00, 0x31, 0x02, 0x91, 0x11,
   0xb9, 0xca, 0x00, 0x00, 0xb1, 0x9a, 0xdb, 0x33, 0x53, 0x90, 0x00, 0x00, 0xb0,
   0x30, 0x20, 0x90, 0xba, 0xab, 0x00, 0x00, 0x93, 0xa9, 0x10, 0x3b, 0x19, 0x3d,
   0x00, 0x00, 0x91, 0x94, 0x11, 0x05, 0x19, 0x90, 0x00, 0x00, 0xbb, 0xa2, 0xaa,
   0x90, 0x02, 0xaa, 0x00, 0x00, 0x03, 0x24, 0x34, 0x2c, 0xc1, 0x1a, 0x00, 0x00,
   0x51, 0x9a, 0xc9, 0x99, 0x3a, 0xb4, 0x00, 0x00, 0x11, 0x03, 0x61, 0x90, 0x4b,
   0x2b, 0x00, 0x00, 0x9d, 0x93, 0x19, 0x4a, 0x13, 0x01, 0x00, 0x00, 0x21, 0x12,
   0x92, 0x01, 0xaa, 0x4a, 0x00, 0x00, 0xbd, 0x12, 0x1a, 0x99, 0x23, 0x13, 0x00,
   0x00, 0x0a, 0x9b, 0x19, 0x93, 0x11, 0xd0, 0x00, 0x00, 0x22, 0x21, 0x10, 0x20,
   0x32, 0x40, 0x00, 0x00, 0x0b, 0x12, 0xa0, 0x22, 0x49, 0xb3, 0x00, 0x00, 0x99,
   0x09, 0x51, 0x31, 0x9a, 0x53, 0x00, 0x00, 0x19, 0x20, 0xd1, 0x9b, 0x1a, 0xa1,
   0x00, 0x00, 0x21, 0x2a, 0x4a, 0x2a, 0x3a, 0xb3, 0x00, 0x00, 0x1c, 0x90, 0xac,
   0x3b, 0xa9, 0x11, 0x00, 0x00, 0xa1, 0xb2, 0xda, 0x92, 0x29, 0x60, 0x00, 0x00,
   0x93, 0x13, 0xa9, 0x04, 0x52, 0x53, 0x00, 0x00, 0x91, 0x29, 0xc3, 0xa3, 0x0c,
   0x3d, 0x00, 0x00, 0xa2, 0x00, 0x20, 0x9a, 0x2c, 0x1a, 0x00, 0x00, 0xcb, 0x20,
   0x02, 0x04, 0xa2, 0x9c, 0x00, 0x00, 0xa3, 0x9a, 0xa9, 0x9a, 0x13, 0x20, 0x00,
   0x00, 0x4a, 0x03, 0x13, 0x01, 0x02, 0xcb, 0x00, 0x00, 0x07, 0xa1, 0xa1, 0x41,
   0xa0, 0x42, 0x00, 0x00, 0x3c, 0x90, 0xad, 0xb9, 0x11, 0x01, 0x00, 0x00, 0x42,
   0x02, 0x05, 0x9c, 0x2b, 0x93, 0x00, 0x00, 0xb0, 0xd2, 0x49, 0x23, 0xa1, 0x00,
   0x00, 0x00, 0x02, 0x0c, 0x05, 0x49, 0xa9, 0x32, 0x00, 0x00, 0xb1, 0x42, 0x20,
   0x34, 0x32, 0x92, 0x00, 0x00, 0xaa, 0x39, 0x92, 0x00, 0x20, 0xbd, 0x00, 0x00,
   0x23, 0x1a, 0x90, 0x90, 0xb5, 0x40, 0x00, 0x00, 0x30, 0xc9, 0x20, 0x31, 0x30,
   0x93, 0x00, 0x00, 0x1b, 0xc9, 0x1a, 0x22, 0xaa, 0x57, 0x00, 0x00, 0xc4, 0xaa,
   0x01, 0xc0, 0x90, 0x90, 0x00, 0x00, 0xa3, 0x92, 0x2c, 0xa2, 0x94, 0x2a, 0x00,
   0x00, 0xa9, 0xa0, 0x95, 0x33, 0x10, 0x40, 0x00, 0x00, 0x99, 0x42, 0xb3, 0x00,
   0xa6, 0x02, 0x00, 0x00, 0x00, 0x92, 0xa9, 0xa9, 0x01, 0x29, 0x00, 0x00, 0x3c,
   0xb0, 0x53, 0xca, 0x01, 0xd3, 0x00, 0x00, 0xd9, 0x39, 0x0e, 0x02, 0xca, 0x30,
   0x00, 0x00, 0x93, 0x13, 0x99, 0x10, 0x31, 0x0b, 0x00, 0x00, 0x10, 0x21, 0x00,
   0xc0, 0xb3, 0x3b, 0x00, 0x00, 0x90, 0x21, 0x4b, 0x15, 0x1c, 0x9a, 0x00, 0x00,
   0xb0, 0x1b, 0x40, 0x03, 0xa0, 0x52, 0x00, 0x00, 0xb0, 0xba, 0x00, 0x50, 0xd9,
   0xac, 0x00, 0x00, 0xc2, 0x92, 0x01, 0x12, 0xba, 0x30, 0x00, 0x00, 0x3a, 0x4a,
   0xd3, 0xa9, 0x33, 0x11, 0x00, 0x00, 0x09, 0x33, 0x9a, 0x0a, 0xa0, 0x9d, 0x00,
   0x00, 0x39, 0xa0, 0xd0, 0x39, 0x0a, 0x00, 0x00, 0x00, 0x12, 0x31, 0xb1, 0x72,
   0xb5, 0x12, 0x00, 0x00, 0x24, 0xa1, 0xb9, 0x1b, 0x49, 0xca, 0x00, 0x00, 0x90,
   0x49, 0x02, 0x90, 0x21, 0x23, 0x00, 0x00, 0xf2, 0x0d, 0x25, 0x90, 0x91, 0xae,
   0x00, 0x00, 0x90, 0x52, 0x09, 0x4b, 0x11, 0xa9, 0x00, 0x00, 0x4c, 0x99, 0x19,
   0x9b, 0x2a, 0x00, 0x00, 0x00, 0x15, 0x50, 0xa3, 0x12, 0xb0, 0x15, 0x00, 0x00,
   0xc1, 0xd4, 0x5a, 0x21, 0x20, 0xc3, 0x00, 0x00, 0x00, 0xa1, 0x09, 0x13, 0x02,
   0x2a, 0x00, 0x00, 0x54, 0xa9, 0x9d, 0x1a, 0x12, 0x33, 0x00, 0x00, 0x21, 0x05,
   0x39, 0x55, 0x0a, 0x05, 0x00, 0x00, 0x91, 0x00, 0xa1, 0x14, 0x30, 0x27, 0x00,
   0x00, 0x33, 0x00, 0x29, 0x24, 0xc0, 0x9d, 0x00, 0x00, 0x13, 0x40, 0x40, 0x39,
   0xba, 0xa3, 0x00, 0x00, 0x09, 0xa2, 0x01, 0x12, 0xd9, 0x0c, 0x00, 0x00, 0x92,
   0x04, 0x0a, 0x9a, 0xb3, 0xa1, 0x00, 0x00, 0xa9, 0x40, 0x33, 0x3a, 0x40, 0xb0,
   0x00, 0x00, 0x12, 0x45, 0xa4, 0x33, 0x02, 0x0b, 0x00, 0x00, 0x00, 0x11, 0x32,
   0xdb, 0xac, 0x39, 0x00, 0x00, 0xa1, 0x13, 0x09, 0x95, 0x29, 0xab, 0x00, 0x00,
   0x92, 0xa9, 0xc0, 0x20, 0x09, 0x29, 0x00, 0x00, 0x32, 0xa9, 0xaa, 0xbb, 0x14,
   0x40, 0x00, 0x00, 0xb9, 0x21, 0x34, 0x31, 0x90, 0x49, 0x00, 0x00, 0xa0, 0x2a,
   0xb1, 0xac, 0x13, 0xa2, 0x00, 0x00, 0xa1, 0x12, 0xb4, 0xa3, 0x99, 0x10, 0x00,
   0x00, 0x29, 0x35, 0x3b, 0x19, 0x1a, 0x3a, 0x00, 0x00, 0xa0, 0x13, 0xb9, 0x11,
   0xca, 0xed, 0x00, 0x00, 0x11, 0xba, 0x40, 0xb2, 0x52, 0xa1, 0x00, 0x00, 0x39,
   0xab, 0x9b, 0x99, 0x59, 0x26, 0x00, 0x00, 0xc1, 0xc9, 0x51, 0xab, 0x40, 0x42,
   0x00, 0x00, 0x11, 0xc0, 0x1b, 0x9a, 0xab, 0x11, 0x00, 0x00, 0x0a, 0x09, 0x1c,
   0xa0, 0x10, 0x33, 0x00, 0x00, 0xba, 0x1a, 0x1b, 0x41, 0xa9, 0x01, 0x00, 0x00,
   0xbc, 0xb0, 0xab, 0x22, 0xa4, 0x1b, 0x00, 0x00, 0xb0, 0x31, 0x0c, 0x12, 0x29,
   0x10, 0x00, 0x00, 0xaa, 0x05, 0x99, 0x10, 0x91, 0x23, 0x00, 0x00, 0xa3, 0xe0,
   0xa3, 0x33, 0x4a, 0x23, 0x00, 0x00, 0x39, 0x19, 0x32, 0x90, 0x10, 0xc2, 0x00,
   0x00, 0x11, 0x09, 0x22, 0x00, 0x3e, 0x13, 0x00, 0x00, 0x31, 0x0b, 0xab, 0xba,
   0xab, 0xb0, 0x00, 0x00, 0x41, 0x12, 0x94, 0x10, 0x19, 0x03, 0x00, 0x00, 0x90,
   0xa1, 0x23, 0x49, 0x26, 0x21, 0x00, 0x00, 0xa1, 0x99, 0x03, 0xc1, 0x30, 0x04,
   0x00, 0x00, 0x00, 0x11, 0xcb, 0x25, 0x9a, 0x9a, 0x00, 0x00, 0xab, 0xb3, 0x31,
   0x13, 0x0b, 0x12, 0x00, 0x00, 0x09, 0x9b, 0xb0, 0x13, 0x9b, 0x0a, 0x00, 0x00,
   0xb1, 0x10, 0x2a, 0x91, 0xa9, 0x19, 0x00, 0x00, 0x29, 0xd0, 0x2b, 0xa3, 0x19,
   0x99, 0x00, 0x00, 0x2a, 0xab, 0x30, 0xcb, 0x0c, 0x3d, 0x00, 0x00, 0x19, 0x02,
   0xbc, 0x3b, 0x20, 0x91, 0x00, 0x00, 0xca, 0x3b, 0xc1, 0xcc, 0xa0, 0x99, 0x00,
   0x00, 0xcb, 0x12, 0xc0, 0x29, 0x3c, 0x14, 0x00, 0x00, 0x9b, 0x92, 0xa1, 0x90,
   0x3c, 0x9b, 0x00, 0x00, 0xb9, 0xc1, 0x90, 0xba, 0x11, 0x25, 0x00, 0x00, 0x02,
   0x0b, 0xa2, 0x39, 0xac, 0xac, 0x00, 0x00, 0x2c, 0xd9, 0xc2, 0xf9, 0xbc, 0x0a,
   0x00, 0x00, 0x0c, 0x20, 0x03, 0x09, 0x61, 0xa3, 0x00, 0x00, 0x29, 0x03, 0x04,
   0xab, 0xea, 0x00, 0x00, 0x00, 0x00, 0x02, 0x03, 0x2b, 0x9b, 0x00, 0x00, 0x00,
   0xab, 0x3b, 0x9a, 0x02, 0x07, 0x9a, 0x00, 0x00, 0xa1, 0x11, 0x00, 0x0a, 0x1b,
   0xab, 0x00, 0x00, 0x9c, 0xab, 0x41, 0x10, 0xa3, 0x2c, 0x00, 0x00, 0xd0, 0x99,
   0x09, 0x01, 0x0a, 0x24, 0x00, 0x00, 0x90, 0xb5, 0x9b, 0x12, 0x04, 0xa9, 0x00,
   0x00, 0xa2, 0x29, 0x2b, 0xa2, 0x2a, 0x91, 0x00, 0x00, 0xab, 0x10, 0xcb, 0xb2,
   0x12, 0x10, 0x00, 0x00, 0x92, 0x51, 0xb0, 0xaa, 0xb0, 0x00, 0x00, 0x00, 0x0b,
   0x3c, 0x31, 0x02, 0xb1, 0x4e, 0x00, 0x00, 0xa0, 0x11, 0x10, 0x10, 0xda, 0x1a,
   0x00, 0x00, 0x22, 0xa9, 0x00, 0x02, 0x50, 0x4b, 0x00, 0x00, 0xca, 0x11, 0x39,
   0x9a, 0xa1, 0x12, 0x00, 0x00, 0xb1, 0xb4, 0x9d, 0x91, 0x29, 0x34, 0x00, 0x00,
   0x93, 0xd0, 0x01, 0x4a, 0x4b, 0x13, 0x00, 0x00, 0x2a, 0x00, 0x2a, 0x31, 0x99,
   0x30, 0x00, 0x00, 0x99, 0xa9, 0x11, 0xac, 0xa2, 0xb1, 0x00, 0x00, 0xcc, 0xca,
   0x25, 0x00, 0x09, 0x24, 0x00, 0x00, 0x29, 0x29, 0x41, 0x09, 0x16, 0xc0, 0x00,
   0x00, 0x9a, 0x0a, 0x22, 0x04, 0x10, 0x35, 0x00, 0x00, 0x10, 0x4c, 0xb1, 0x0a,
   0x24, 0x10, 0x00, 0x00, 0xc0, 0xc0, 0x41, 0x14, 0xa4, 0x06, 0x00, 0x00, 0xd2,
   0xa9, 0x3c, 0x09, 0xb4, 0x02, 0x00, 0x00, 0xa4, 0x0b, 0xcb, 0x29, 0x25, 0x23,
   0x00, 0x00, 0xb9, 0x92, 0x24, 0xab, 0x17, 0x12, 0x00, 0x00, 0x19, 0xa0, 0xb1,
   0x29, 0x90, 0x9e, 0x00, 0x00, 0x11, 0x02, 0x29, 0xb9, 0xa4, 0x2a, 0x00, 0x00,
   0x40, 0x04, 0x90, 0x2a, 0x2e, 0x11, 0x00, 0x00, 0x31, 0x01, 0x00, 0xe9, 0xbc,
   0x21, 0x00, 0x00, 0x22, 0x01, 0x0d, 0xb9, 0xa1, 0x90, 0x00, 0x00, 0x3a, 0x02,
   0x62, 0xf0, 0x1a, 0x00, 0x00, 0x00, 0x42, 0x00, 0xa0, 0xe9, 0xdb, 0x99, 0x00,
   0x00, 0x09, 0x2d, 0x90, 0x91, 0x9b, 0xa0, 0x00, 0x00, 0x01, 0x10, 0xab, 0xb0,
   0x3c, 0xad, 0x00, 0x00, 0x90, 0x3b, 0xb0, 0x01, 0x02, 0x4c, 0x00, 0x00, 0x99,
   0x32, 0x10, 0x3a, 0x2a, 0x00, 0x00, 0x00, 0xd6, 0x52, 0x0a, 0x2c, 0x09, 0x19,
   0x00, 0x00, 0x31, 0x94, 0x2a, 0x3a, 0x91, 0x1a, 0x00, 0x00, 0x92, 0x2a, 0x69,
   0x19, 0x1a, 0x95, 0x00, 0x00, 0xac, 0x12, 0xbc, 0xa3, 0x2c, 0x1a, 0x00, 0x00,
   0x92, 0xd0, 0xc0, 0x14, 0x13, 0x11, 0x00, 0x00, 0x00, 0x4b, 0xb3, 0x31, 0x41,
   0x00, 0x00, 0x00, 0x9b, 0x2a, 0xdb, 0x33, 0x9a, 0x29, 0x00, 0x00, 0x39, 0x2c,
   0x1b, 0x19, 0x91, 0x0b, 0x00, 0x00, 0xb4, 0x90, 0xd9, 0x11, 0x00, 0xa7, 0x00,
   0x00, 0x1b, 0xa0, 0x30, 0xaa, 0x1a, 0xc3, 0x00, 0x00, 0x22, 0x01, 0x2c, 0x2c,
   0x4a, 0x6b, 0x00, 0x00, 0xa4, 0xac, 0x63, 0x92, 0x99, 0xaa, 0x00, 0x00, 0x45,
   0x14, 0xc1, 0x21, 0x52, 0xa0, 0x00, 0x00, 0x05, 0x24, 0x93, 0x29, 0x9d, 0x12,
   0x00, 0x00, 0x95, 0xa1, 0x90, 0x0b, 0xa9, 0xb1, 0x00, 0x00, 0x43, 0x99, 0x9b,
   0x09, 0x39, 0x99, 0x00, 0x00, 0xba, 0x06, 0x09, 0x10, 0x31, 0xa3, 0x00, 0x00,
   0xa1, 0xa1, 0x99, 0x92, 0x33, 0x39, 0x00, 0x00, 0x91, 0x93, 0x20, 0x33, 0x31,
   0x0b, 0x00, 0x00, 0x7b, 0x20, 0x14, 0x02, 0x21, 0x2c, 0x00, 0x00, 0x19, 0x91,
   0x09, 0x10, 0xa0, 0x2a, 0x00, 0x00, 0x40, 0x31, 0x2a, 0x4b, 0x0a, 0x90, 0x00,
   0x00, 0x92, 0x50, 0xb1, 0x24, 0x1a, 0xc9, 0x00, 0x00, 0x11, 0xa0, 0xc0, 0x25,
   0x10, 0x99, 0x00, 0x00, 0x01, 0xa9, 0x1e, 0x09, 0x90, 0x19, 0x00, 0x00, 0xb0,
   0x23, 0x52, 0x13, 0x21, 0x09, 0x00, 0x00, 0x40, 0xa1, 0x29, 0xb2, 0x10, 0x13,
   0x00, 0x00, 0x09, 0xb1, 0xa0, 0x25, 0x30, 0x03, 0x00, 0x00, 0xb4, 0x1a, 0x0b,
   0x30, 0xa3, 0x13, 0x00, 0x00, 0x59, 0x00, 0x93, 0x1a, 0xaa, 0x93, 0x00, 0x00,
   0x01, 0xbc, 0x11, 0x91, 0xa0, 0x10, 0x00, 0x00, 0x90, 0x90, 0x24, 0xab, 0x1d,
   0x30, 0x00, 0x00, 0x20, 0x39, 0x42, 0x91, 0x92, 0x91, 0x00, 0x00, 0x1b, 0x1a,
   0x0a, 0xa2, 0x4b, 0x0e, 0x00, 0x00, 0x3a, 0x1a, 0x3a, 0x10, 0xc1, 0x33, 0x00,
   0x00, 0x9e, 0x13, 0x1c, 0x2a, 0x4b, 0x14, 0x00, 0x00, 0x39, 0xb0, 0x03, 0x29,
   0x11, 0xab, 0x00, 0x00, 0x1b, 0x02, 0xad, 0x72, 0x13, 0x93, 0x00, 0x00, 0x09,
   0xb3, 0xc0, 0xac, 0xaa, 0xbc, 0x00, 0x00, 0x04, 0x99, 0xb2, 0x41, 0x0a, 0xba,
   0x00, 0x00, 0x49, 0x12, 0x16, 0xa9, 0x0c, 0x3b, 0x00, 0x00, 0x19, 0x91, 0x31,
   0x1c, 0xa0, 0x10, 0x00, 0x00, 0x15, 0x0a, 0x4a, 0x31, 0x92, 0x19, 0x00, 0x00,
   0x21, 0x12, 0x29, 0xa3, 0x39, 0x59, 0x00, 0x00, 0x01, 0x00, 0xa9, 0x22, 0x10,
   0x52, 0x00, 0x00, 0xca, 0x9b, 0x92, 0x30, 0x12, 0xc1, 0x00, 0x00, 0x00, 0x2a,
   0x20, 0x36, 0xc1, 0xa9, 0x00, 0x00, 0x39, 0xaa, 0x1c, 0x91, 0x12, 0x22, 0x00,
   0x00, 0x61, 0x24, 0x19, 0x00, 0x33, 0x10, 0x00, 0x00, 0xba, 0x01, 0x32, 0x1a,
   0xbe, 0x23, 0x00, 0x00, 0x00, 0x92, 0x21, 0x92, 0x21, 0x53, 0x00, 0x00, 0x09,
   0x10, 0x60, 0xa2, 0x90, 0xa4, 0x00, 0x00, 0x59, 0x99, 0x29, 0x52, 0x21, 0x94,
   0x00, 0x00, 0xa0, 0xcc, 0x0b, 0xcb, 0x11, 0x01, 0x00, 0x00, 0x54, 0x22, 0x13,
   0x3a, 0x41, 0x25, 0x00, 0x00, 0x31, 0x9c, 0x1d, 0xdd, 0x39, 0x2a, 0x00, 0x00,
   0x2a, 0x11, 0x34, 0xd9, 0x52, 0x11, 0x00, 0x00, 0xc6, 0x19, 0x40, 0x31, 0xa1,
   0xa1, 0x00, 0x00, 0xba, 0xaa, 0x90, 0x09, 0x20, 0xdc, 0x00, 0x00, 0x3b, 0x22,
   0x40, 0x1b, 0x02, 0x14, 0x00, 0x00, 0x30, 0x13, 0x29, 0xba, 0x02, 0x33, 0x00,
   0x00, 0xb3, 0x11, 0x19, 0x2b, 0x49, 0x90, 0x00, 0x00, 0x96, 0xb9, 0x99, 0x92,
   0x01, 0x15, 0x00, 0x00, 0xc1, 0x00, 0x14, 0x99, 0x29, 0x1c, 0x00, 0x00, 0x50,
   0x01, 0x0b, 0x0a, 0xaa, 0x1b, 0x00, 0x00, 0x19, 0xba, 0x20, 0x1b, 0x3a, 0x93,
   0x00, 0x00, 0x63, 0xc5, 0x1a, 0x39, 0x22, 0xba, 0x00, 0x00, 0x59, 0x01, 0x42,
   0x09, 0x9a, 0xb1, 0x00, 0x00, 0x41, 0x23, 0xaa, 0x31, 0x20, 0x21, 0x00, 0x00,
   0x60, 0xa5, 0x32, 0x01, 0xb4, 0xca, 0x00, 0x00, 0x33, 0x55, 0x03, 0x31, 0x21,
   0x93, 0x00, 0x00, 0x99, 0x02, 0x9a, 0x95, 0x5a, 0x91, 0x00, 0x00, 0x2a, 0x31,
   0xb0, 0x52, 0x53, 0xa0, 0x00, 0x00, 0x90, 0x0a, 0x13, 0x23, 0xb3, 0x42, 0x00,
   0x00, 0x90, 0x44, 0x92, 0xa9, 0x1a, 0x91, 0x00, 0x00, 0xa9, 0xac, 0xa0, 0x99,
   0xa9, 0x0a, 0x00, 0x00, 0x11, 0x19, 0xb4, 0x01, 0xc0, 0x33, 0x00, 0x00, 0x1a,
   0x3b, 0x43, 0x49, 0x29, 0x90, 0x00, 0x00, 0xc2, 0x2b, 0x21, 0x30, 0x34, 0x4c,
   0x00, 0x00, 0x19, 0x29, 0x05, 0x43, 0xa4, 0x03, 0x00, 0x00, 0x92, 0x23, 0x21,
   0x12, 0x2a, 0x32, 0x00, 0x00, 0x10, 0xda, 0x1b, 0x92, 0xb9, 0x64, 0x00, 0x00,
   0x1a, 0x49, 0x01, 0x92, 0xba, 0x0b, 0x00, 0x00, 0x29, 0x00, 0x53, 0x09, 0x95,
   0x11, 0x00, 0x00, 0x0a, 0x04, 0x0c, 0xa1, 0x9b, 0x2a, 0x00, 0x00, 0xb0, 0xa0,
   0x4c, 0x19, 0x0b, 0x90, 0x00, 0x00, 0x20, 0x03, 0xc1, 0x21, 0x23, 0xa9, 0x00,
   0x00, 0x30, 0x01, 0x9a, 0xba, 0xc2, 0x13, 0x00, 0x00, 0x19, 0xaa, 0xaa, 0x1b,
   0x01, 0x1b, 0x00, 0x00, 0x33, 0x07, 0x20, 0x00, 0x45, 0x32, 0x00, 0x00, 0x22,
   0x9a, 0x0a, 0x39, 0x22, 0x13, 0x00, 0x00, 0xa1, 0x9b, 0x10, 0x4d, 0xc3, 0x1a,
   0x00, 0x00, 0x41, 0x02, 0x10, 0x2c, 0xb0, 0x92, 0x00, 0x00, 0x31, 0x4a, 0x19,
   0x0a, 0x54, 0x63, 0x00, 0x00, 0x21, 0xb1, 0x11, 0x9b, 0x39, 0x1a, 0x00, 0x00,
   0x9a, 0x00, 0xbc, 0x92, 0xad, 0x7a, 0x00, 0x00, 0x70, 0x41, 0x9b, 0x03, 0x1a,
   0xc1, 0x00, 0x00, 0xa1, 0xd4, 0x30, 0x91, 0x1f, 0x10, 0x00, 0x00, 0x5a, 0x1a,
   0x41, 0x13, 0x12, 0x34, 0x00, 0x00, 0xc1, 0xc0, 0x4c, 0x24, 0x13, 0x09, 0x00,
   0x00, 0x30, 0xa4, 0xab, 0x1c, 0x40, 0xb1, 0x00, 0x00, 0x9c, 0x10, 0x03, 0x9a,
   0xc2, 0x00, 0x00, 0x00, 0x1a, 0xb2, 0x02, 0xa1, 0x92, 0x24, 0x00, 0x00, 0xd3,
   0xc9, 0x9c, 0x99, 0x25, 0x16, 0x00, 0x00, 0x32, 0xb1, 0x90, 0x03, 0x21, 0x12,
   0x00, 0x00, 0x23, 0x0a, 0x59, 0x92, 0x91, 0x12, 0x00, 0x00, 0x31, 0x01, 0x2a,
   0x3b, 0x61, 0x93, 0x00, 0x00, 0x03, 0xab, 0x93, 0x0b, 0xb0, 0xa4, 0x00, 0x00,
   0x24, 0xb3, 0x10, 0x32, 0x9b, 0x10, 0x00, 0x00, 0x19, 0x15, 0xa4, 0x1b, 0x39,
   0x4a, 0x00, 0x00, 0xab, 0x1a, 0x09, 0x20, 0xab, 0x34, 0x00, 0x00, 0xc2, 0x91,
   0x52, 0x92, 0x02, 0x50, 0x00, 0x00, 0x91, 0xc4, 0x2a, 0x01, 0x12, 0xca, 0x00,
   0x00, 0x9a, 0x45, 0x03, 0x20, 0x1b, 0x19, 0x00, 0x00, 0x22, 0x94, 0x10, 0x03,
   0x49, 0x93, 0x00, 0x00, 0x39, 0x45, 0x99, 0x20, 0x4a, 0x92, 0x00, 0x00, 0x10,
   0x33, 0x02, 0x31, 0x99, 0xa3, 0x00, 0x00, 0x0b, 0xcb, 0x01, 0x33, 0x32, 0xaa,
   0x00, 0x00, 0x0a, 0x39, 0xa9, 0x93, 0x9c, 0x90, 0x00, 0x00, 0x21, 0x33, 0x2b,
   0x96, 0xaa, 0xba, 0x00, 0x00, 0x2a, 0x10, 0x91, 0x9b, 0xbb, 0xad, 0x00, 0x00,
   0x39, 0x33, 0x13, 0x12, 0xae, 0x2b, 0x00, 0x00, 0x13, 0xd9, 0x91, 0x31, 0xa3,
   0xa9, 0x00, 0x00, 0x9a, 0x32, 0x90, 0x33, 0x5d, 0x1a, 0x00, 0x00, 0xa4, 0xaa,
   0xba, 0x21, 0x21, 0x09, 0x00, 0x00, 0x33, 0x10, 0x33, 0x00, 0x31, 0x21, 0x00,
   0x00, 0xa0, 0xb0, 0x00, 0x3a, 0xc9, 0x10, 0x00, 0x00, 0x10, 0x92, 0x24, 0x19,
   0x4c, 0x1a, 0x00, 0x00, 0x11, 0x12, 0x54, 0x21, 0x09, 0xba, 0x00, 0x00, 0x92,
   0x31, 0x21, 0x20, 0x45, 0xca, 0x00, 0x00, 0xac, 0x01, 0xaa, 0x02, 0xa9, 0x42,
   0x00, 0x00, 0xcb, 0x09, 0x5a, 0x41, 0x00, 0x2b, 0x00, 0x00, 0x36, 0x09, 0xb2,
   0x12, 0x23, 0xa2, 0x00, 0x00, 0x39, 0xa9, 0x49, 0x42, 0x9b, 0x40, 0x00, 0x00,
   0xa3, 0x0a, 0x93, 0x1c, 0x1b, 0xa2, 0x00, 0x00, 0x00, 0x31, 0xb0, 0x22, 0x4c,
   0x02, 0x00, 0x00, 0x30, 0x22, 0xb2, 0x21, 0x9a, 0xa9, 0x00, 0x00, 0x09, 0xcb,
   0x2a, 0xad, 0x02, 0xa0, 0x00, 0x00, 0x3a, 0xc1, 0x9a, 0x14, 0x11, 0x2a, 0x00,
   0x00, 0x13, 0x95, 0xa2, 0x39, 0x64, 0x03, 0x00, 0x00, 0xb2, 0xcb, 0x11, 0x10,
   0x21, 0xa0, 0x00, 0x00, 0xb3, 0x90, 0x3c, 0xb2, 0x99, 0x20, 0x00, 0x00, 0x29,
   0x0a, 0x21, 0x25, 0x20, 0xea, 0x00, 0x00, 0x2a, 0x13, 0xaa, 0x96, 0x02, 0x54,
   0x00, 0x00, 0x49, 0x12, 0x22, 0x90, 0xd2, 0xaa, 0x00, 0x00, 0x23, 0x00, 0x94,
   0xc5, 0xa9, 0x26, 0x00, 0x00, 0xba, 0xb0, 0xa3, 0x00, 0xca, 0x3b, 0x00, 0x00,
   0x20, 0x0b, 0x0c, 0x3a, 0xc3, 0x21, 0x00, 0x00, 0x94, 0x9a, 0x21, 0xa3, 0x43,
   0x31, 0x00, 0x00, 0xcd, 0x15, 0x1a, 0x0b, 0xcd, 0xab, 0x00, 0x00, 0x00, 0x29,
   0x0a, 0x0a, 0x04, 0x12, 0x00, 0x00, 0x2b, 0xbb, 0xb3, 0xc9, 0x33, 0x42, 0x00,
   0x00, 0xfd, 0x40, 0x23, 0xb2, 0x49, 0xa3, 0x00, 0x00, 0xdc, 0x10, 0x45, 0x2c,
   0xb2, 0xb0, 0x00, 0x00, 0x10, 0x1a, 0x12, 0x01, 0x24, 0xd0, 0x00, 0x00, 0x29,
   0x7a, 0x92, 0x00, 0x09, 0x13, 0x00, 0x00, 0x92, 0xa9, 0xba, 0x3b, 0xb2, 0x49,
   0x00, 0x00, 0x99, 0x5c, 0x20, 0x29, 0x2a, 0xab, 0x00, 0x00, 0xd1, 0xa1, 0x0b,
   0x12, 0x9c, 0x04, 0x00, 0x00, 0xdb, 0x01, 0xb2, 0x24, 0xbc, 0xac, 0x00, 0x00,
   0x04, 0x90, 0x01, 0xaa, 0xa0, 0xc3, 0x00, 0x00, 0x94, 0x43, 0x30, 0x90, 0xa2,
   0x30, 0x00, 0x00, 0x32, 0x13, 0x1b, 0x21, 0x1a, 0xc1, 0x00, 0x00, 0x44, 0x99,
   0xaa, 0x1b, 0x9a, 0x02, 0x00, 0x00, 0x34, 0x93, 0x99, 0x99, 0x19, 0x02, 0x00,
   0x00, 0x23, 0x00, 0x25, 0x26, 0x24, 0x22, 0x00, 0x00, 0x19, 0x11, 0x29, 0x45,
   0x00, 0x1c, 0x00, 0x00, 0x2a, 0x0b, 0x9d, 0xb9, 0xb9, 0xa1, 0x00, 0x00, 0x2a,
   0x20, 0x0a, 0x4b, 0x90, 0x00, 0x00, 0x00, 0x00, 0x49, 0x14, 0x93, 0x90, 0x9a,
   0x00, 0x00, 0x30, 0xb9, 0x22, 0x12, 0xab, 0x02, 0x00, 0x00, 0xaa, 0x19, 0x39,
   0x02, 0x40, 0xb1, 0x00, 0x00, 0x00, 0x3b, 0xb1, 0x0b, 0x20, 0x22, 0x00, 0x00,
   0x51, 0xa3, 0xa0, 0xb1, 0x93, 0x9c, 0x00, 0x00, 0x12, 0xca, 0xaa, 0xb2, 0x11,
   0x95, 0x00, 0x00, 0x45, 0x32, 0x9b, 0x41, 0x2b, 0x99, 0x00, 0x00, 0x20, 0xab,
   0x0a, 0x00, 0x3a, 0x09, 0x00, 0x00, 0x0a, 0xa9, 0xfc, 0x31, 0x4a, 0x2a, 0x00,
   0x00, 0xb1, 0xba, 0x33, 0x1a, 0xd9, 0x30, 0x00, 0x00, 0x9c, 0xb0, 0x21, 0x19,
   0xc0, 0xa2, 0x00, 0x00, 0xa3, 0x33, 0xa3, 0x11, 0x09, 0xb2, 0x00, 0x00, 0x30,
   0x30, 0x21, 0xa3, 0xd0, 0x31, 0x00, 0x00, 0xc9, 0x20, 0x92, 0x21, 0x29, 0x0b,
   0x00, 0x00, 0x09, 0x35, 0x1a, 0x0a, 0x0a, 0x1a, 0x00, 0x00, 0x52, 0x33, 0x24,
   0xa2, 0xa9, 0x92, 0x00, 0x00, 0x9a, 0xab, 0xb0, 0xbc, 0x00, 0xdc, 0x00, 0x00,
   0xb4, 0x91, 0x9b, 0x02, 0x90, 0xa1, 0x00, 0x00, 0x40, 0x04, 0x19, 0x31, 0xb0,
   0xbb, 0x00, 0x00, 0x91, 0x01, 0xb1, 0x09, 0x93, 0xa4, 0x00, 0x00, 0x11, 0xcb,
   0x5a, 0x21, 0x22, 0x94, 0x00, 0x00, 0x03, 0x90, 0xab, 0x00, 0xbc, 0x01, 0x00,
   0x00, 0x3a, 0xd0, 0xdd, 0xa1, 0x00, 0x1c, 0x00, 0x00, 0x54, 0x90, 0x14, 0x92,
   0x11, 0x03, 0x00, 0x00, 0x24, 0xa1, 0x9c, 0xb1, 0x23, 0x32, 0x00, 0x00, 0x92,
   0xa9, 0xaa, 0x42, 0xc9, 0x21, 0x00, 0x00, 0x10, 0x32, 0x34, 0x63, 0x05, 0x11,
   0x00, 0x00, 0xa3, 0x19, 0xb0, 0x12, 0x35, 0x11, 0x00, 0x00, 0x0e, 0xb3, 0x92,
   0xc0, 0x24, 0x34, 0x00, 0x00, 0x01, 0xd4, 0xa9, 0x42, 0x30, 0xac, 0x00, 0x00,
   0xb3, 0xbc, 0x01, 0x0a, 0x20, 0xb9, 0x00, 0x00, 0xbb, 0x19, 0x2a, 0x03, 0x5a,
   0x09, 0x00, 0x00, 0x51, 0x2a, 0x16, 0x0c, 0x03, 0x99, 0x00, 0x00, 0x03, 0x01,
   0x13, 0x02, 0x12, 0x29, 0x00, 0x00, 0xa0, 0xc0, 0x2b, 0xcb, 0xc0, 0x22, 0x00,
   0x00, 0x33, 0x23, 0xd2, 0x3a, 0x30, 0x21, 0x00, 0x00, 0x90, 0x3b, 0xa4, 0x1a,
   0x91, 0x43, 0x00, 0x00, 0xa2, 0xa1, 0x19, 0x11, 0x20, 0x93, 0x00, 0x00, 0xc0,
   0x2c, 0x03, 0xb0, 0x12, 0x9a, 0x00, 0x00, 0x0a, 0x11, 0xa9, 0xc9, 0x99, 0xc0,
   0x00, 0x00, 0x0a, 0x9c, 0xb2, 0x04, 0x2b, 0x53, 0x00, 0x00, 0x94, 0x1c, 0x9a,
   0x09, 0x20, 0xb0, 0x00, 0x00, 0xb1, 0x9c, 0x02, 0x41, 0x2a, 0x33, 0x00, 0x00,
   0xa9, 0x0c, 0x21, 0x23, 0x22, 0x03, 0x00, 0x00, 0x01, 0x31, 0xbc, 0x3a, 0xa2,
   0x4b, 0x00, 0x00, 0x0a, 0x9a, 0xab, 0x99, 0x02, 0x01, 0x00, 0x00, 0xc4, 0x03,
   0x33, 0x3a, 0x92, 0x10, 0x00, 0x00, 0xc2, 0xa2, 0x09, 0x53, 0xb0, 0x13, 0x00,
   0x00, 0x10, 0x11, 0xa1, 0x20, 0x20, 0x5a, 0x00, 0x00, 0xa0, 0x9b, 0xb1, 0x0a,
   0xa2, 0x11, 0x00, 0x00, 0xb0, 0x92, 0x29, 0x12, 0x52, 0x10, 0x00, 0x00, 0x9c,
   0x31, 0x91, 0x41, 0xa0, 0xb9, 0x00, 0x00, 0x29, 0xa0, 0x43, 0x21, 0x12, 0x29,
   0x00, 0x00, 0x9c, 0x3a, 0x99, 0x32, 0x26, 0x9a, 0x00, 0x00, 0x10, 0x0b, 0x24,
   0x19, 0x20, 0x33, 0x00, 0x00, 0x02, 0x1d, 0xab, 0x15, 0x94, 0x12, 0x00, 0x00,
   0xbb, 0x14, 0xb3, 0x31, 0xc5, 0x65, 0x00, 0x00, 0x93, 0xa2, 0xbb, 0x40, 0x1a,
   0xe0, 0x00, 0x00, 0x22, 0x01, 0x12, 0x22, 0xa3, 0xb9, 0x00, 0x00, 0xa1, 0x01,
   0x93, 0x44, 0xc3, 0x31, 0x00, 0x00, 0x11, 0x29, 0x4c, 0x42, 0xb1, 0xb1, 0x00,
   0x00, 0x0b, 0xd1, 0x09, 0x92, 0xb5, 0x02, 0x00, 0x00, 0x3c, 0x23, 0x11, 0x12,
   0x92, 0x93, 0x00, 0x00, 0x99, 0xab, 0xaa, 0xb9, 0xc3, 0x20, 0x00, 0x00, 0x49,
   0x50, 0x13, 0x0a, 0x2a, 0x13, 0x00, 0x00, 0x09, 0xcb, 0x39, 0xb1, 0xc0, 0x53,
   0x00, 0x00, 0x03, 0x30, 0x1a, 0xb0, 0xa1, 0xac, 0x00, 0x00, 0x10, 0x31, 0xa9,
   0xd2, 0x49, 0x62, 0x00, 0x00, 0x42, 0x30, 0x23, 0x4c, 0x23, 0xaa, 0x00, 0x00,
   0x2b, 0x11, 0xb0, 0x3c, 0x49, 0xa1, 0x00, 0x00, 0x09, 0x04, 0x1b, 0x9c, 0x20,
   0x25, 0x00, 0x00, 0x1a, 0x2c, 0x3b, 0xc2, 0x10, 0x92, 0x00, 0x00, 0x2a, 0x92,
   0x41, 0x0c, 0xca, 0xa0, 0x00, 0x00, 0x21, 0x21, 0x94, 0xbb, 0xd3, 0xc3, 0x00,
   0x00, 0x11, 0xb5, 0x3b, 0xbc, 0xbd, 0x40, 0x00, 0x00, 0xa0, 0x10, 0x93, 0x30,
   0x55, 0x94, 0x00, 0x00, 0xe2, 0x41, 0x91, 0xa2, 0x99, 0x90, 0x00, 0x00, 0x00,
   0x3c, 0xb1, 0x5c, 0x43, 0x04, 0x00, 0x00, 0xbb, 0x03, 0x0a, 0xa0, 0x05, 0x22,
   0x00, 0x00, 0x35, 0x33, 0x31, 0xd2, 0x32, 0xa2, 0x00, 0x00, 0x1a, 0x1a, 0xb1,
   0x92, 0x09, 0x10, 0x00, 0x00, 0x21, 0x10, 0x9c, 0x92, 0x4b, 0x12, 0x00, 0x00,
   0xa5, 0xa0, 0x29, 0x09, 0xaa, 0x69, 0x00, 0x00, 0x16, 0x10, 0x92, 0x22, 0x01,
   0xd0, 0x00, 0x00, 0x06, 0xa1, 0x32, 0x0a, 0x22, 0x93, 0x00, 0x00, 0x03, 0xb4,
   0x21, 0x41, 0x93, 0xa2, 0x00, 0x00, 0x12, 0x02, 0x51, 0x00, 0xc9, 0x1b, 0x00,
   0x00, 0x90, 0x90, 0xaa, 0x39, 0xaa, 0x04, 0x00, 0x00, 0xa9, 0x33, 0x32, 0x52,
   0x91, 0xa0, 0x00, 0x00, 0x34, 0xa1, 0x04, 0xba, 0x9b, 0xc0, 0x00, 0x00, 0x19,
   0x32, 0x91, 0x19, 0x2b, 0x32, 0x00, 0x00, 0x12, 0xa1, 0x21, 0xab, 0x02, 0x23,
   0x00, 0x00, 0x00, 0x11, 0x1b, 0x11, 0x9d, 0xc9, 0x00, 0x00, 0xcc, 0x19, 0xd9,
   0xa1, 0xc9, 0x2a, 0x00, 0x00, 0x90, 0x00, 0x12, 0x10, 0x29, 0x00, 0x00, 0x00,
   0xb3, 0x31, 0xd1, 0x41, 0x1b, 0xa5, 0x00, 0x00, 0x09, 0xca, 0xaf, 0x21, 0x19,
   0x13, 0x00, 0x00, 0x30, 0x2a, 0x46, 0x9a, 0x03, 0xa3, 0x00, 0x00, 0x99, 0x09,
   0x1d, 0x41, 0x02, 0x97, 0x00, 0x00, 0xb2, 0x4b, 0x33, 0x4c, 0x09, 0x29, 0x00,
   0x00, 0x21, 0xa9, 0x55, 0x00, 0x03, 0xc2, 0x00, 0x00, 0x11, 0xa0, 0xd1, 0x17,
   0xb1, 0x4c, 0x00, 0x00, 0xa1, 0x22, 0x12, 0x02, 0xb1, 0x1c, 0x00, 0x00, 0x36,
   0x91, 0x29, 0x91, 0x23, 0x51, 0x00, 0x00, 0x3c, 0x1a, 0x9b, 0xa1, 0x20, 0x20,
   0x00, 0x00, 0x0a, 0x92, 0x90, 0x02, 0xa0, 0x9b, 0x00, 0x00, 0x39, 0x20, 0x11,
   0xa2, 0x06, 0x23, 0x00, 0x00, 0x4b, 0xa1, 0x4a, 0x02, 0xa0, 0xb0, 0x00, 0x00,
   0x93, 0x04, 0x9d, 0x40, 0x94, 0x34, 0x00, 0x00, 0x9a, 0x9a, 0x3a, 0x31, 0x23,
   0xb0, 0x00, 0x00, 0x92, 0x29, 0x3d, 0x5a, 0x0b, 0x21, 0x00, 0x00, 0xb1, 0x30,
   0x00, 0x99, 0xb0, 0x9a, 0x00, 0x00, 0xa1, 0x10, 0xc9, 0xaa, 0xa0, 0x35, 0x00,
   0x00, 0x21, 0x39, 0xb1, 0x2a, 0x41, 0xb4, 0x00, 0x00, 0x01, 0x2a, 0x0a, 0xb9,
   0x43, 0x1b, 0x00, 0x00, 0x44, 0x13, 0x12, 0xa0, 0x1a, 0x99, 0x00, 0x00, 0x9b,
   0x09, 0x22, 0xad, 0xb1, 0x01, 0x00, 0x00, 0xa1, 0x0b, 0xab, 0xa1, 0x7c, 0x41,
   0x00, 0x00, 0x2b, 0x10, 0xcd, 0xcb, 0x0b, 0x19, 0x00, 0x00, 0xc2, 0x39, 0x93,
   0xe9, 0x31, 0x91, 0x00, 0x00, 0x01, 0x03, 0x20, 0x22, 0x91, 0x3d, 0x00, 0x00,
   0x52, 0x11, 0x34, 0x30, 0xa5, 0x10, 0x00, 0x00, 0x21, 0x91, 0x92, 0x05, 0x30,
   0x19, 0x00, 0x00, 0xaa, 0x10, 0x3b, 0x62, 0x99, 0xa3, 0x00, 0x00, 0xd2, 0xad,
   0x30, 0xda, 0xba, 0x2b, 0x00, 0x00, 0x91, 0x9d, 0x20, 0x30, 0x15, 0xab, 0x00,
   0x00, 0x2e, 0x9d, 0x3c, 0x51, 0x90, 0x00, 0x00, 0x00, 0x22, 0x94, 0x09, 0xb4,
   0x0a, 0x29, 0x00, 0x00, 0x19, 0x94, 0x29, 0x2b, 0x31, 0xb2, 0x00, 0x00, 0x2c,
   0x10, 0x19, 0x32, 0x52, 0x99, 0x00, 0x00, 0x00, 0xa9, 0x3b, 0x0b, 0x19, 0xb5,
   0x00, 0x00, 0xa2, 0x11, 0x42, 0xa3, 0x9a, 0x33, 0x00, 0x00, 0x40, 0xa0, 0x06,
   0x21, 0x9b, 0xa5, 0x00, 0x00, 0x03, 0x0b, 0x1a, 0x3a, 0x2a, 0x11, 0x00, 0x00,
   0xa9, 0x03, 0x02, 0xb1, 0xba, 0xc1, 0x00, 0x00, 0x2a, 0x13, 0x29, 0xa4, 0xb0,
   0xdd, 0x00, 0x00, 0xa1, 0xa0, 0x33, 0x25, 0x9a, 0x90, 0x00, 0x00, 0x3b, 0x2a,
   0x09, 0xa0, 0x91, 0xc9, 0x00, 0x00, 0x40, 0xcc, 0x51, 0x91, 0x10, 0x95, 0x00,
   0x00, 0x90, 0xa1, 0x11, 0xa9, 0x99, 0x20, 0x00, 0x00, 0xac, 0xc2, 0x42, 0xb3,
   0x93, 0x2b, 0x00, 0x00, 0x20, 0x0a, 0xc1, 0x12, 0xc5, 0x09, 0x00, 0x00, 0x01,
   0xc2, 0xa0, 0x09, 0x2a, 0x61, 0x00, 0x00, 0x90, 0x9d, 0xc9, 0x3a, 0x90, 0x02,
   0x00, 0x00, 0x24, 0xa2, 0xb4, 0x0b, 0x30, 0x01, 0x00, 0x00, 0x2c, 0x23, 0xb3,
   0xda, 0xb3, 0x9a, 0x00, 0x00, 0xc0, 0xd4, 0x14, 0x01, 0xbb, 0xc9, 0x00, 0x00,
   0x0a, 0x34, 0xa1, 0xa9, 0xd9, 0xc1, 0x00, 0x00, 0xaa, 0x4a, 0x65, 0x14, 0xb3,
   0x10, 0x00, 0x00, 0x19, 0xa9, 0x15, 0x44, 0x20, 0x1b, 0x00, 0x00, 0xda, 0xb0,
   0xbb, 0x11, 0x41, 0x37, 0x00, 0x00, 0x43, 0xd2, 0x92, 0x59, 0x1a, 0xa0, 0x00,
   0x00, 0x21, 0x4c, 0x2d, 0x51, 0x09, 0x94, 0x00, 0x00, 0x11, 0x9c, 0x1b, 0x03,
   0x99, 0xa2, 0x00, 0x00, 0x12, 0x09, 0x0a, 0x99, 0x15, 0x0a, 0x00, 0x00, 0x0c,
   0x23, 0x1b, 0xaa, 0x43, 0xb1, 0x00, 0x00, 0x09, 0x01, 0xca, 0x1b, 0x14, 0x0c,
   0x00, 0x00, 0x22, 0xda, 0x1c, 0x14, 0xa9, 0x01, 0x00, 0x00, 0x93, 0xa2, 0x29,
   0x00, 0x02, 0x0d, 0x00, 0x00, 0x42, 0x90, 0x90, 0x30, 0x3a, 0xc0, 0x00, 0x00,
   0x13, 0xa5, 0xa3, 0x22, 0x0a, 0xc0, 0x00, 0x00, 0x93, 0x4c, 0x01, 0x30, 0x11,
   0x92, 0x00, 0x00, 0x9c, 0x21, 0x05, 0x29, 0x13, 0x10, 0x00, 0x00, 0x14, 0x21,
   0x33, 0x11, 0x00, 0x0a, 0x00, 0x00, 0x3a, 0x9a, 0x31, 0x92, 0x49, 0x13, 0x00,
   0x00, 0x20, 0x20, 0xb1, 0xbc, 0x0a, 0x20, 0x00, 0x00, 0x03, 0x23, 0x1a, 0xda,
   0x30, 0x01, 0x00, 0x00, 0xcb, 0x2b, 0xa1, 0x54, 0x25, 0x0d, 0x00, 0x00, 0x33,
   0xb2, 0xca, 0xb3, 0x33, 0xdc, 0x00, 0x00, 0x41, 0xa5, 0x1b, 0x13, 0x11, 0x34,
   0x00, 0x00, 0x42, 0x91, 0xe1, 0x52, 0x25, 0x30, 0x00, 0x00, 0x20, 0x10, 0x9a,
   0xad, 0xc9, 0x92, 0x00, 0x00, 0x3b, 0x42, 0x00, 0x51, 0x0c, 0x29, 0x00, 0x00,
   0x91, 0x3a, 0x21, 0x40, 0xab, 0x23, 0x00, 0x00, 0x0a, 0xd1, 0x1c, 0x3a, 0x6b,
   0x21, 0x00, 0x00, 0x00, 0x29, 0xb9, 0x4c, 0x30, 0x11, 0x00, 0x00, 0x14, 0xd3,
   0xbb, 0xa9, 0x0b, 0xa3, 0x00, 0x00, 0x0c, 0xa1, 0x19, 0x2b, 0x10, 0x99, 0x00,
   0x00, 0xa4, 0x34, 0x24, 0x2b, 0x10, 0x6b, 0x00, 0x00, 0x31, 0x33, 0x31, 0xba,
   0x2a, 0x30, 0x00, 0x00, 0x90, 0x41, 0xc0, 0x32, 0x10, 0x52, 0x00, 0x00, 0x02,
   0x3c, 0x2d, 0x11, 0xa9, 0xb2, 0x00, 0x00, 0x95, 0x4e, 0x99, 0xc9, 0x12, 0x9c,
   0x00, 0x00, 0xc9, 0x01, 0x11, 0x31, 0x94, 0x92, 0x00, 0x00, 0x20, 0xc3, 0xb3,
   0xc5, 0x30, 0x32, 0x00, 0x00, 0x12, 0x14, 0x23, 0x9a, 0x29, 0x21, 0x00, 0x00,
   0x4b, 0xa1, 0xb2, 0x92, 0x95, 0xb9, 0x00, 0x00, 0x91, 0x32, 0x23, 0x00, 0x22,
   0x11, 0x00, 0x00, 0x9a, 0x99, 0x11, 0x1b, 0x22, 0x40, 0x00, 0x00, 0x3a, 0x29,
   0x00, 0xc4, 0x1e, 0x04, 0x00, 0x00, 0x99, 0x90, 0x3c, 0x90, 0x39, 0x2c, 0x00,
   0x00, 0xa9, 0x49, 0x10, 0xa9, 0x10, 0x49, 0x00, 0x00, 0x21, 0xba, 0x19, 0x20,
   0x23, 0x22, 0x00, 0x00, 0x99, 0x10, 0x31, 0x24, 0xcb, 0x10, 0x00, 0x00, 0x49,
   0xb9, 0xb2, 0xb9, 0x33, 0x1c, 0x00, 0x00, 0x20, 0x22, 0x19, 0x9c, 0xa0, 0x99,
   0x00, 0x00, 0xbb, 0x29, 0x23, 0x23, 0x0d, 0x20, 0x00, 0x00, 0xa0, 0x22, 0xa3,
   0x1a, 0x09, 0xc9, 0x00, 0x00, 0x90, 0x3c, 0x6a, 0x40, 0x33, 0x10, 0x00, 0x00,
   0x10, 0x01, 0x22, 0x3b, 0x9a, 0x09, 0x00, 0x00, 0xbb, 0xd4, 0x43, 0x92, 0xab,
   0x42, 0x00, 0x00, 0x39, 0x99, 0x39, 0xa3, 0x00, 0xb4, 0x00, 0x00, 0x9b, 0x09,
   0xa2, 0x00, 0xb0, 0xa4, 0x00, 0x00, 0xbb, 0x20, 0x2a, 0xa2, 0x23, 0xaa, 0x00,
   0x00, 0x9a, 0xb1, 0xd2, 0x54, 0xc7, 0xaa, 0x00, 0x00, 0x9a, 0xfa, 0x1e, 0x92,
   0xba, 0x40, 0x00, 0x00, 0x35, 0x02, 0xa2, 0x20, 0x01, 0x1a, 0x00, 0x00, 0x43,
   0xba, 0xb0, 0x0a, 0x12, 0xa9, 0x00, 0x00, 0xa4, 0x4b, 0xbb, 0x12, 0x02, 0x49,
   0x00, 0x00, 0x0a, 0x02, 0x41, 0xa1, 0x5c, 0x53, 0x00, 0x00, 0xa1, 0x30, 0x32,
   0xac, 0x9a, 0x11, 0x00, 0x00, 0xa3, 0x23, 0x14, 0x10, 0x91, 0x91, 0x00, 0x00,
   0x91, 0x29, 0xa9, 0x00, 0x0a, 0x02, 0x00, 0x00, 0x34, 0x4a, 0x24, 0x00, 0x19,
   0x23, 0x00, 0x00, 0x20, 0x12, 0x21, 0x20, 0x9d, 0x2d, 0x00, 0x00, 0x9b, 0x5a,
   0x11, 0x20, 0x91, 0xb4, 0x00, 0x00, 0x10, 0x94, 0x22, 0x39, 0xbb, 0x3a, 0x00,
   0x00, 0x41, 0x40, 0x04, 0x24, 0xa1, 0x02, 0x00, 0x00, 0x02, 0x12, 0x1d, 0x29,
   0x29, 0x32, 0x00, 0x00, 0x02, 0xa1, 0x3b, 0x03, 0x00, 0x15, 0x00, 0x00, 0xa1,
   0xb0, 0x9a, 0xb3, 0xc9, 0x01, 0x00, 0x00, 0xbb, 0x9a, 0x92, 0xaa, 0xa1, 0x01,
   0x00, 0x00, 0xab, 0x21, 0x01, 0x0c, 0x0a, 0x40, 0x00, 0x00, 0x0a, 0x11, 0x11,
   0xa5, 0xaa, 0x0a, 0x00, 0x00, 0x29, 0x0a, 0x19, 0x90, 0x91, 0x43, 0x00, 0x00,
   0x23, 0xda, 0xd0, 0x0b, 0x1a, 0x11, 0x00, 0x00, 0x10, 0xa1, 0x30, 0x01, 0x2a,
   0x53, 0x00, 0x00, 0xb2, 0x12, 0x01, 0xca, 0x32, 0x00, 0x00, 0x00, 0x59, 0x20,
   0x70, 0xa0, 0x3b, 0x69, 0x00, 0x00, 0xb9, 0x33, 0x52, 0x0b, 0xaa, 0xa2, 0x00,
   0x00, 0x30, 0xa0, 0x9a, 0xb1, 0x10, 0xb0, 0x00, 0x00, 0x43, 0x1a, 0xb2, 0x34,
   0x23, 0x0e, 0x00, 0x00, 0x43, 0x95, 0x37, 0x0a, 0x9b, 0x17, 0x00, 0x00, 0x00,
   0x24, 0x99, 0x03, 0x9a, 0x91, 0x00, 0x00, 0x50, 0x04, 0x6b, 0x00, 0x91, 0x99,
   0x00, 0x00, 0x10, 0x92, 0xb3, 0x30, 0x4b, 0x32, 0x00, 0x00, 0x19, 0x0a, 0x91,
   0x00, 0x01, 0x04, 0x00, 0x00, 0x11, 0x40, 0xa2, 0xa9, 0x22, 0x29, 0x00, 0x00,
   0x2a, 0x00, 0x19, 0x0a, 0x29, 0x30, 0x00, 0x00, 0xa5, 0x00, 0x02, 0x46, 0x17,
   0x07, 0x00, 0x00, 0x30, 0xc9, 0xdb, 0x23, 0x21, 0x12, 0x00, 0x00, 0x09, 0x30,
   0xa5, 0x0a, 0xd4, 0x95, 0x00, 0x00, 0x13, 0xd2, 0x1d, 0x03, 0xa0, 0x12, 0x00,
   0x00, 0x34, 0x30, 0x29, 0x2a, 0xa3, 0x1d, 0x00, 0x00, 0x2b, 0x22, 0x24, 0xc2,
   0xab, 0x40, 0x00, 0x00, 0x29, 0x2a, 0x12, 0x44, 0xd3, 0xdb, 0x00, 0x00, 0x9b,
   0x01, 0x92, 0x14, 0x92, 0x06, 0x00, 0x00, 0x03, 0x2a, 0x63, 0x22, 0x49, 0x26,
   0x00, 0x00, 0x92, 0xbc, 0x39, 0x04, 0xa7, 0x94, 0x00, 0x00, 0x19, 0x4a, 0x0a,
   0xb1, 0xc3, 0x22, 0x00, 0x00, 0xa2, 0x31, 0x9a, 0x0a, 0xb5, 0x4c, 0x00, 0x00,
   0x99, 0x33, 0x90, 0x44, 0xb2, 0x22, 0x00, 0x00, 0xaa, 0x00, 0x06, 0x52, 0x29,
   0x23, 0x00, 0x00, 0x2b, 0xa1, 0xbb, 0x34, 0xb1, 0x09, 0x00, 0x00, 0xa1, 0x32,
   0x23, 0x22, 0x20, 0x95, 0x00, 0x00, 0x21, 0x9c, 0x0d, 0xaa, 0x3c, 0x26, 0x00,
   0x00, 0xc0, 0x30, 0xa3, 0x29, 0x2a, 0xc0, 0x00, 0x00, 0xda, 0x0c, 0x21, 0xba,
   0x4b, 0x23, 0x00, 0x00, 0x0b, 0xad, 0x31, 0x92, 0xa2, 0x9d, 0x00, 0x00, 0xa9,
   0x11, 0x17, 0x99, 0xbb, 0x04, 0x00, 0x00, 0x31, 0xb9, 0x02, 0x2a, 0x0a, 0x2a,
   0x00, 0x00, 0xa0, 0x5b, 0x10, 0xd2, 0x6e, 0xa2, 0x00, 0x00, 0x29, 0x29, 0xba,
   0x51, 0x39, 0x35, 0x00, 0x00, 0x35, 0x49, 0x24, 0xfc, 0xc0, 0xbf, 0x00, 0x00,
   0x43, 0x01, 0x2a, 0xaa, 0x9c, 0xed, 0x00, 0x00, 0x19, 0x0a, 0x0b, 0x23, 0xc1,
   0x19, 0x00, 0x00, 0x11, 0xb5, 0xce, 0x99, 0x41, 0xc3, 0x00, 0x00, 0xed, 0x2a,
   0x99, 0xbb, 0x32, 0x32, 0x00, 0x00, 0xbe, 0x23, 0x42, 0xc1, 0xae, 0x33, 0x00,
   0x00, 0xf0, 0x0f, 0xd4, 0xaa, 0x99, 0x39, 0x00, 0x00, 0xc0, 0x03, 0x09, 0x11,
   0x93, 0x23, 0x00, 0x00, 0xaa, 0x5a, 0x9c, 0x03, 0xa9, 0x13, 0x00, 0x00, 0x04,
   0xf1, 0xac, 0x09, 0x09, 0x40, 0x00, 0x00, 0x43, 0xa1, 0x1b, 0xbb, 0x5b, 0x19,
   0x00, 0x00, 0x23, 0x21, 0x55, 0x92, 0xaa, 0x34, 0x00, 0x00, 0x13, 0x2b, 0x04,
   0x32, 0x50, 0x2a, 0x00, 0x00, 0x09, 0x07, 0x92, 0x30, 0xa9, 0x15, 0x00, 0x00,
   0x95, 0x19, 0x42, 0x94, 0x91, 0xcd, 0x00, 0x00, 0x22, 0x92, 0x30, 0x11, 0xd1,
   0x3b, 0x00, 0x00, 0x49, 0x3a, 0x30, 0x51, 0x25, 0xbd, 0x00, 0x00, 0x34, 0x35,
   0x23, 0x29, 0xaa, 0xa9, 0x00, 0x00, 0x29, 0x42, 0x41, 0x12, 0x1a, 0xda, 0x00,
   0x00, 0x73, 0x13, 0x25, 0x25, 0x9b, 0x11, 0x00, 0x00, 0x2b, 0x01, 0x23, 0xa9,
   0xa1, 0xbc, 0x00, 0x00, 0x32, 0x95, 0x29, 0x91, 0x30, 0x0b, 0x00, 0x00, 0x91,
   0x29, 0x94, 0x21, 0x00, 0xa1, 0x00, 0x00, 0x9d, 0xbb, 0x93, 0x25, 0x30, 0xb3,
   0x00, 0x00, 0x02, 0x2a, 0xb0, 0xa2, 0x13, 0x25, 0x00, 0x00, 0xcb, 0xac, 0xcd,
   0x94, 0x20, 0x12, 0x00, 0x00, 0xba, 0x21, 0x14, 0xa0, 0x29, 0x94, 0x00, 0x00,
   0xb2, 0x32, 0x43, 0x20, 0xa1, 0x9a, 0x00, 0x00, 0x91, 0xb0, 0x03, 0x30, 0xa1,
   0x9c, 0x00, 0x00, 0x4b, 0x31, 0x1b, 0xc0, 0x21, 0xd1, 0x00, 0x00, 0x70, 0x11,
   0x11, 0x10, 0x99, 0x49, 0x00, 0x00, 0x1b, 0x20, 0xa9, 0x20, 0x31, 0x90, 0x00,
   0x00, 0x10, 0x15, 0xa1, 0x42, 0x44, 0x05, 0x00, 0x00, 0x49, 0x93, 0x51, 0x90,
   0x9a, 0x55, 0x00, 0x00, 0x1c, 0x91, 0x00, 0x09, 0x13, 0xca, 0x00, 0x00, 0x10,
   0xaa, 0x00, 0x10, 0xda, 0x01, 0x00, 0x00, 0xb9, 0x35, 0x42, 0xca, 0x09, 0x12,
   0x00, 0x00, 0x09, 0xcb, 0x29, 0x15, 0x21, 0x1a, 0x00, 0x00, 0x4a, 0x23, 0x93,
   0x32, 0x69, 0x43, 0x00, 0x00, 0x29, 0x9c, 0x0e, 0x49, 0xa5, 0x99, 0x00, 0x00,
   0xb0, 0xa1, 0x21, 0x21, 0x30, 0x32, 0x00, 0x00, 0x99, 0x21, 0x0c, 0xcc, 0x9c,
   0xe9, 0x00, 0x00, 0x32, 0x0a, 0x90, 0xca, 0x90, 0x40, 0x00, 0x00, 0xe9, 0xac,
   0xb0, 0xac, 0x0a, 0xae, 0x00, 0x00, 0xbb, 0x40, 0x16, 0x0a, 0x2d, 0x94, 0x00,
   0x00, 0x33, 0xba, 0x2b, 0x39, 0xb0, 0x90, 0x00, 0x00, 0xb1, 0x93, 0x21, 0xe0,
   0x0a, 0x34, 0x00, 0x00, 0x04, 0x03, 0x50, 0x31, 0x13, 0x3a, 0x00, 0x00, 0x9a,
   0xcc, 0x21, 0x9a, 0x0b, 0xab, 0x00, 0x00, 0x12, 0xb1, 0xbd, 0xc1, 0x12, 0xae,
   0x00, 0x00, 0x4a, 0x10, 0x02, 0xb9, 0xbb, 0x0c, 0x00, 0x00, 0x00, 0xca, 0x9c,
   0x4b, 0x41, 0x23, 0x00, 0x00, 0xbd, 0x9c, 0x90, 0x3b, 0xa0, 0xa9, 0x00, 0x00,
   0xbe, 0x40, 0x41, 0x44, 0x25, 0x62, 0x00, 0x00, 0xb0, 0x92, 0xd3, 0x33, 0x44,
   0x0a, 0x00, 0x00, 0x4e, 0xb2, 0xcd, 0x40, 0x1c, 0x20, 0x00, 0x00, 0x54, 0x14,
   0xca, 0x92, 0xa0, 0x40, 0x00, 0x00, 0x16, 0x93, 0xed, 0xce, 0x5d, 0x55, 0x00,
   0x00, 0xa6, 0x13, 0xab, 0x33, 0x99, 0xa9, 0x00, 0x00, 0x00, 0x32, 0xa2, 0x01,
   0xfa, 0xb4, 0x00, 0x00, 0x54, 0x0a, 0x09, 0x1a, 0x10, 0x00, 0x00, 0x00, 0x91,
   0x60, 0xa2, 0x0a, 0x0a, 0x99, 0x00, 0x00, 0x22, 0x21, 0x93, 0x90, 0xa1, 0x1c,
   0x00, 0x00, 0x40, 0x43, 0x21, 0xaa, 0x03, 0x0a, 0x00, 0x00, 0x20, 0x49, 0x24,
   0xa1, 0x31, 0x23, 0x00, 0x00, 0x90, 0x99, 0x93, 0x1a, 0x04, 0x29, 0x00, 0x00,
   0x09, 0x4a, 0x55, 0xad, 0x0b, 0x1a, 0x00, 0x00, 0x39, 0x24, 0x67, 0x0b, 0x11,
   0x1c, 0x00, 0x00, 0x04, 0x03, 0x24, 0xbc, 0xeb, 0x9f, 0x00, 0x00, 0x19, 0x00,
   0x19, 0xec, 0xbc, 0x00, 0x00, 0x00, 0x09, 0x10, 0x20, 0x9a, 0xb5, 0xa1, 0x00,
   0x00, 0x10, 0xc2, 0x93, 0x1a, 0x9a, 0x5b, 0x00, 0x00, 0x0a, 0xb3, 0x22, 0xa0,
   0x2b, 0x19, 0x00, 0x00, 0x92, 0x21, 0x04, 0x20, 0x23, 0xa9, 0x00, 0x00, 0xa9,
   0x41, 0x94, 0x00, 0x01, 0x11, 0x00, 0x00, 0xa9, 0x13, 0x04, 0x30, 0x11, 0xa0,
   0x00, 0x00, 0x19, 0x9a, 0xa4, 0x53, 0x00, 0xc0, 0x00, 0x00, 0x29, 0xa3, 0xb4,
   0x19, 0x30, 0x99, 0x00, 0x00, 0x21, 0x2a, 0x52, 0x44, 0x29, 0x94, 0x00, 0x00,
   0xcc, 0x29, 0x1a, 0x21, 0x0d, 0x35, 0x00, 0x00, 0x42, 0x33, 0xa1, 0xa2, 0x93,
   0xba, 0x00, 0x00, 0x9c, 0x99, 0xc2, 0x11, 0x15, 0x92, 0x00, 0x00, 0x1a, 0xc0,
   0x91, 0x12, 0x21, 0x20, 0x00, 0x00, 0x31, 0x9a, 0x91, 0x92, 0x49, 0x05, 0x00,
   0x00, 0x0b, 0x10, 0x13, 0x09, 0xa2, 0x29, 0x00, 0x00, 0x1b, 0xa1, 0xa9, 0x30,
   0x04, 0x04, 0x00, 0x00, 0x09, 0x02, 0x92, 0x40, 0x31, 0x91, 0x00, 0x00, 0x9c,
   0x9a, 0xb2, 0x43, 0x1a, 0x90, 0x00, 0x00, 0x93, 0x31, 0x51, 0x90, 0x10, 0xab,
   0x00, 0x00, 0xcc, 0x9d, 0xb9, 0x2a, 0x1d, 0xbe, 0x00, 0x00, 0x2a, 0x22, 0xa3,
   0x1a, 0x10, 0x42, 0x00, 0x00, 0xc9, 0x94, 0x23, 0xae, 0x39, 0xa3, 0x00, 0x00,
   0x1b, 0x21, 0x13, 0xba, 0x40, 0x90, 0x00, 0x00, 0x21, 0xa2, 0xb9, 0x91, 0x29,
   0x0a, 0x00, 0x00, 0x9a, 0xa9, 0xbc, 0xd1, 0xb0, 0x32, 0x00, 0x00, 0x93, 0x4b,
   0x23, 0x90, 0x09, 0x9a, 0x00, 0x00, 0xb9, 0x09, 0x41, 0x10, 0x22, 0x2c, 0x00,
   0x00, 0x32, 0x22, 0xb0, 0xa4, 0x94, 0x99, 0x00, 0x00, 0x11, 0x19, 0x19, 0x9b,
   0xc4, 0x00, 0x00, 0x00, 0x93, 0x09, 0x13, 0x22, 0x59, 0xb3, 0x00, 0x00, 0x99,
   0x1a, 0x92, 0x49, 0xa3, 0x01, 0x00, 0x00, 0x1a, 0x31, 0x22, 0x1c, 0x02, 0x64,
   0x00, 0x00, 0x3b, 0xb2, 0x00, 0x00, 0xb0, 0xba, 0x00, 0x00, 0x63, 0x14, 0xad,
   0x94, 0xa0, 0xc9, 0x00, 0x00, 0x04, 0x02, 0xb0, 0x9c, 0xc0, 0x20, 0x00, 0x00,
   0xda, 0xc9, 0xbc, 0xbc, 0x02, 0x14, 0x00, 0x00, 0x10, 0x91, 0x31, 0xa1, 0x20,
   0x4c, 0x00, 0x00, 0x32, 0x91, 0x01, 0xba, 0x3d, 0x5b, 0x00, 0x00, 0x29, 0x1a,
   0x20, 0x0c, 0x21, 0x11, 0x00, 0x00, 0xbb, 0x49, 0x01, 0x3a, 0x10, 0xb3, 0x00,
   0x00, 0x99, 0x22, 0x00, 0x1a, 0x9a, 0x9c, 0x00, 0x00, 0x53, 0x1a, 0xb0, 0x22,
   0x3b, 0xcb, 0x00, 0x00, 0x09, 0x9b, 0x30, 0x00, 0xa0, 0x01, 0x00, 0x00, 0x3a,
   0x1b, 0x9a, 0x2a, 0x31, 0x10, 0x00, 0x00, 0x39, 0x06, 0x21, 0x92, 0xa9, 0xae,
   0x00, 0x00, 0x72, 0x69, 0x92, 0x94, 0x42, 0x20, 0x00, 0x00, 0xab, 0x93, 0x11,
   0x02, 0x0a, 0xad, 0x00, 0x00, 0x30, 0x24, 0x11, 0xc0, 0x12, 0xad, 0x00, 0x00,
   0x19, 0x14, 0x93, 0x1c, 0x1b, 0x41, 0x00, 0x00, 0x14, 0x02, 0xb9, 0x10, 0x00,
   0x90, 0x00, 0x00, 0x35, 0x52, 0x24, 0x04, 0x55, 0x99, 0x00, 0x00, 0x32, 0x09,
   0xea, 0x22, 0x94, 0x00, 0x00, 0x00, 0x21, 0x99, 0xd0, 0xa2, 0xaa, 0x1d, 0x00,
   0x00, 0xb0, 0x02, 0xa0, 0xaa, 0x41, 0xb2, 0x00, 0x00, 0x19, 0x99, 0xa2, 0x49,
   0x14, 0x10, 0x00, 0x00, 0x90, 0xa0, 0x92, 0x10, 0x93, 0x9b, 0x00, 0x00, 0xa1,
   0xba, 0x01, 0x30, 0xc1, 0x93, 0x00, 0x00, 0xc9, 0x09, 0x49, 0x93, 0x20, 0xa3,
   0x00, 0x00, 0x00, 0xa0, 0xaa, 0x3a, 0x1b, 0x10, 0x00, 0x00, 0x3b, 0x2d, 0x39,
   0x14, 0x1c, 0x36, 0x00, 0x00, 0x9b, 0x0c, 0x42, 0x12, 0xa9, 0x09, 0x00, 0x00,
   0x0b, 0x2a, 0xa2, 0x23, 0xa9, 0x45, 0x00, 0x00, 0x30, 0x01, 0x11, 0x02, 0xb0,
   0x0b, 0x00, 0x00, 0xaa, 0xb2, 0x9a, 0x29, 0x23, 0x02, 0x00, 0x00, 0x3b, 0xc0,
   0xbe, 0x49, 0xac, 0x1a, 0x00, 0x00, 0x42, 0xa9, 0x25, 0x21, 0x02, 0x20, 0x00,
   0x00, 0x33, 0x01, 0xa9, 0xb9, 0xb9, 0xc2, 0x00, 0x00, 0x14, 0x99, 0x0b, 0xa9,
   0xbb, 0xbb, 0x00, 0x00, 0xcb, 0x22, 0x92, 0x09, 0x2a, 0x04, 0x00, 0x00, 0x2c,
   0x91, 0xa9, 0x00, 0xc2, 0x23, 0x00, 0x00, 0x59, 0x92, 0xb0, 0x2b, 0x22, 0xc4,
   0x00, 0x00, 0x2c, 0x9c, 0x30, 0x63, 0x01, 0x00, 0x00, 0x00, 0x00, 0x2a, 0x90,
   0x39, 0x10, 0x22, 0x00, 0x00, 0x3a, 0x02, 0x02, 0xca, 0x10, 0x1a, 0x00, 0x00,
   0xb2, 0x7b, 0x14, 0xa2, 0xa3, 0xb1, 0x00, 0x00, 0xaa, 0xa9, 0x20, 0x91, 0xe9,
   0xb9, 0x00, 0x00, 0xa3, 0x34, 0x5a, 0x42, 0xa2, 0x31, 0x00, 0x00, 0x22, 0x13,
   0xc1, 0x09, 0xa0, 0x1b, 0x00, 0x00, 0x00, 0x6a, 0x2a, 0xbb, 0x51, 0xac, 0x00,
   0x00, 0x19, 0x9c, 0x02, 0x21, 0x11, 0x29, 0x00, 0x00, 0xb1, 0xa2, 0x15, 0x39,
   0x00, 0xa5, 0x00, 0x00, 0x2d, 0xa6, 0x12, 0x1b, 0xa2, 0x29, 0x00, 0x00, 0x0a,
   0xaa, 0x4a, 0x3b, 0x91, 0x2b, 0x00, 0x00, 0x29, 0x1d, 0xb0, 0x42, 0x21, 0x23,
   0x00, 0x00, 0x3d, 0xb0, 0x1b, 0x40, 0x2a, 0xc3, 0x00, 0x00, 0x1a, 0x29, 0x20,
   0x09, 0xa0, 0x00, 0x00, 0x00, 0x29, 0xa4, 0x10, 0x3b, 0xb0, 0x3c, 0x00, 0x00,
   0x3b, 0x05, 0xb1, 0xa0, 0x2a, 0x34, 0x00, 0x00, 0x4b, 0x1a, 0x23, 0x4b, 0xba,
   0x00, 0x00, 0x00, 0x09, 0x2b, 0x43, 0x19, 0xa1, 0x09, 0x00, 0x00, 0xa9, 0xa4,
   0xc2, 0x63, 0x24, 0x22, 0x00, 0x00, 0x60, 0x2b, 0xa3, 0x39, 0x19, 0x90, 0x00,
   0x00, 0x13, 0x21, 0xb1, 0x10, 0x39, 0x34, 0x00, 0x00, 0x11, 0x21, 0x40, 0x12,
   0x31, 0xa1, 0x00, 0x00, 0x99, 0x11, 0xca, 0xab, 0x91, 0x21, 0x00, 0x00, 0xb0,
   0x20, 0x39, 0xb5, 0xa0, 0x12, 0x00, 0x00, 0x92, 0xa4, 0x91, 0xb3, 0x12, 0xdc,
   0x00, 0x00, 0xa3, 0x03, 0x21, 0x1c, 0x20, 0xa0, 0x00, 0x00, 0x31, 0xd0, 0x22,
   0xc4, 0xc0, 0xc1, 0x00, 0x00, 0x21, 0x15, 0x40, 0xb0, 0xc0, 0xcb, 0x00, 0x00,
   0x19, 0xc2, 0x40, 0x13, 0x31, 0xa2, 0x00, 0x00, 0x90, 0x41, 0x03, 0x9a, 0x19,
   0x91, 0x00, 0x00, 0x0a, 0x12, 0x90, 0x0b, 0x02, 0x1a, 0x00, 0x00, 0x20, 0x9c,
   0x21, 0x00, 0xd2, 0x02, 0x00, 0x00, 0xb2, 0x0a, 0x20, 0x00, 0x19, 0x49, 0x00,
   0x00, 0x0b, 0x19, 0xcc, 0x39, 0xb6, 0x3b, 0x00, 0x00, 0xba, 0x1a, 0x0c, 0xba,
   0xa3, 0xaa, 0x00, 0x00, 0x30, 0x1c, 0x0d, 0xc0, 0x9b, 0x90, 0x00, 0x00, 0x2c,
   0x21, 0x02, 0x91, 0x99, 0xbc, 0x00, 0x00, 0x22, 0x03, 0xa1, 0xca, 0xb0, 0x9c,
   0x00, 0x00, 0x93, 0xa2, 0x93, 0x19, 0x9b, 0x90, 0x00, 0x00, 0x01, 0x90, 0x25,
   0xac, 0x0c, 0x9a, 0x00, 0x00, 0xaa, 0x3b, 0x23, 0x02, 0x0c, 0x93, 0x00, 0x00,
   0x9c, 0x0b, 0xa0, 0x95, 0x2c, 0xab, 0x00, 0x00, 0x20, 0xba, 0xb0, 0xba, 0x0a,
   0x93, 0x00, 0x00, 0xa0, 0x3b, 0x13, 0x39, 0x11, 0x2c, 0x00, 0x00, 0x22, 0xd1,
   0x0a, 0xa4, 0xa4, 0x20, 0x00, 0x00, 0xbb, 0x5a, 0x30, 0x11, 0x34, 0x24, 0x00,
   0x00, 0x09, 0x11, 0x99, 0x42, 0xb2, 0x3b, 0x00, 0x00, 0xbb, 0x3b, 0xa4, 0x22,
   0x23, 0x02, 0x00, 0x00, 0x02, 0x03, 0xc3, 0x1b, 0x01, 0xb9, 0x00, 0x00, 0x99,
   0xa9, 0xc9, 0x12, 0x29, 0x3a, 0x00, 0x00, 0x29, 0x10, 0x10, 0x40, 0x99, 0x00,
   0x00, 0x00, 0x2a, 0x02, 0x90, 0x2c, 0xb0, 0x4a, 0x00, 0x00, 0xb2, 0xc0, 0x1a,
   0x11, 0xc9, 0xbb, 0x00, 0x00, 0x01, 0x1a, 0x99, 0x32, 0xc2, 0x01, 0x00, 0x00,
   0x32, 0x03, 0x09, 0x0b, 0x1a, 0x30, 0x00, 0x00, 0x29, 0xad, 0xcb, 0x0b, 0xaa,
   0x99, 0x00, 0x00, 0xa0, 0x01, 0x69, 0x04, 0xae, 0x9b, 0x00, 0x00, 0xaa, 0x39,
   0x1a, 0x91, 0xa4, 0x04, 0x00, 0x00, 0xca, 0x21, 0x34, 0x0a, 0x24, 0x00, 0x00,
   0x00, 0x9a, 0xa0, 0x33, 0x2a, 0x29, 0xc1, 0x00, 0x00, 0x9b, 0x00, 0x29, 0x4a,
   0x91, 0x09, 0x00, 0x00, 0x31, 0x92, 0xa4, 0x09, 0x10, 0xba, 0x00, 0x00, 0x0b,
   0x22, 0x04, 0x13, 0xc0, 0xab, 0x00, 0x00, 0x29, 0xd1, 0xa2, 0x13, 0xc3, 0x71,
   0x00, 0x00, 0xdf, 0x91, 0xcb, 0x90, 0xa2, 0x31, 0x00, 0x00, 0x44, 0x11, 0xb0,
   0x10, 0x02, 0x3b, 0x00, 0x00, 0xb5, 0xb0, 0x92, 0xc9, 0x9b, 0xab, 0x00, 0x00,
   0x29, 0x3a, 0xc0, 0x19, 0x10, 0x02, 0x00, 0x00, 0x9a, 0x99, 0x41, 0x22, 0x01,
   0x0a, 0x00, 0x00, 0xbb, 0x9c, 0xca, 0x21, 0x13, 0x3b, 0x00, 0x00, 0x00, 0x1a,
   0x30, 0x1a, 0x22, 0x19, 0x00, 0x00, 0x90, 0x00, 0x01, 0x10, 0x10, 0xb3, 0x00,
   0x00, 0x0b, 0x4b, 0x9a, 0xc5, 0x95, 0x02, 0x00, 0x00, 0x23, 0xa9, 0xad, 0x29,
   0x20, 0xb2, 0x00, 0x00, 0x5a, 0x1a, 0x32, 0x93, 0x10, 0x4b, 0x00, 0x00, 0x40,
   0x9a, 0xda, 0xb3, 0x0b, 0x21, 0x00, 0x00, 0xa3, 0x9a, 0x0a, 0xcb, 0x22, 0x1a,
   0x00, 0x00, 0x21, 0x1d, 0x92, 0x33, 0x5a, 0x91, 0x00, 0x00, 0xba, 0x3a, 0x03,
   0xcc, 0x99, 0x43, 0x00, 0x00, 0x0a, 0x31, 0x19, 0xb2, 0x01, 0x2a, 0x00, 0x00,
   0xb0, 0x0d, 0x93, 0xd1, 0x10, 0xb1, 0x00, 0x00, 0x21, 0xa9, 0x43, 0xcb, 0x23,
   0x2d, 0x00, 0x00, 0x00, 0xaa, 0x49, 0x35, 0x25, 0xb1, 0x00, 0x00, 0xb4, 0xcc,
   0x9b, 0x2a, 0xa4, 0x3c, 0x00, 0x00, 0xa2, 0x0c, 0x13, 0x33, 0x92, 0x41, 0x00,
   0x00, 0xa9, 0xa1, 0xdd, 0x01, 0x11, 0x11, 0x00, 0x00, 0x11, 0xc2, 0x21, 0x04,
   0x29, 0xa0, 0x00, 0x00, 0xac, 0xa1, 0xb9, 0x2a, 0x13, 0x90, 0x00, 0x00, 0xac,
   0x93, 0xaa, 0x31, 0xba, 0xda, 0x00, 0x00, 0x0c, 0x03, 0x01, 0xc1, 0x22, 0x2a,
   0x00, 0x00, 0x46, 0x44, 0x23, 0xb1, 0x21, 0xbc, 0x00, 0x00, 0x34, 0xf2, 0x00,
   0xba, 0xe1, 0x10, 0x00, 0x00, 0x13, 0xa5, 0xaa, 0xb9, 0x9a, 0x13, 0x00, 0x00,
   0x31, 0xb5, 0x1b, 0xc0, 0x1a, 0x9d, 0x00, 0x00, 0x31, 0x00, 0xc1, 0x0d, 0x3b,
   0x91, 0x00, 0x00, 0x09, 0xbc, 0xa9, 0x0a, 0x9c, 0xa9, 0x00, 0x00, 0x35, 0x21,
   0x94, 0x01, 0x9c, 0xb9, 0x00, 0x00, 0xb0, 0x22, 0xe9, 0x9a, 0x99, 0x20, 0x00,
   0x00, 0x20, 0x29, 0xa1, 0x29, 0x20, 0x50, 0x00, 0x00, 0x09, 0xca, 0x20, 0xbc,
   0xbb, 0x30, 0x00, 0x00, 0x59, 0x21, 0x33, 0x2c, 0x11, 0x52, 0x00, 0x00, 0x91,
   0x04, 0x9a, 0xa1, 0xa1, 0x11, 0x00, 0x00, 0x39, 0x11, 0xba, 0x9d, 0x1a, 0xbb,
   0x00, 0x00, 0x9c, 0x3b, 0x10, 0x92, 0xb2, 0x92, 0x00, 0x00, 0xad, 0xe2, 0x09,
   0x9d, 0x25, 0x90, 0x00, 0x00, 0xc3, 0x01, 0x19, 0x39, 0x1b, 0x1b, 0x00, 0x00,
   0xa0, 0x9c, 0x00, 0xb3, 0x43, 0x51, 0x00, 0x00, 0x93, 0x0e, 0x19, 0x32, 0x30,
   0xc3, 0x00, 0x00, 0x20, 0x1a, 0x0b, 0x2b, 0x11, 0xc0, 0x00, 0x00, 0x51, 0x20,
   0x2b, 0xa1, 0x22, 0xb1, 0x00, 0x00, 0xaa, 0x9b, 0x0b, 0x30, 0x94, 0x22, 0x00,
   0x00, 0x26, 0xd3, 0x12, 0x9b, 0xc9, 0xa1, 0x00, 0x00, 0x04, 0x1a, 0x00, 0x92,
   0x11, 0x14, 0x00, 0x00, 0x39, 0xa1, 0x24, 0x92, 0x9b, 0x1c, 0x00, 0x00, 0xb9,
   0x00, 0xc1, 0x90, 0x11, 0xa2, 0x00, 0x00, 0xaa, 0x01, 0x0b, 0x2c, 0x30, 0xa4,
   0x00, 0x00, 0x0c, 0xa2, 0xbc, 0x39, 0xc4, 0x91, 0x00, 0x00, 0x23, 0xc9, 0x2b,
   0x02, 0x1c, 0x92, 0x00, 0x00, 0x11, 0xc4, 0x09, 0x41, 0x9b, 0x12, 0x00, 0x00,
   0xc0, 0x00, 0x40, 0x51, 0xc1, 0xb4, 0x00, 0x00, 0xba, 0xa2, 0x2b, 0x45, 0xb4,
   0xa9, 0x00, 0x00, 0xb4, 0xd4, 0x1a, 0xb3, 0x00, 0x15, 0x00, 0x00, 0xd1, 0x39,
   0x93, 0x2a, 0x9d, 0x92, 0x00, 0x00, 0xab, 0x13, 0xa2, 0x96, 0x13, 0xba, 0x00,
   0x00, 0x90, 0xa1, 0xb1, 0xad, 0xa0, 0x1b, 0x00, 0x00, 0x00, 0x99, 0x29, 0x94,
   0x00, 0xd1, 0x00, 0x00, 0xab, 0x00, 0xa9, 0x23, 0x2c, 0x10, 0x00, 0x00, 0x01,
   0x41, 0x29, 0x2b, 0x43, 0x95, 0x00, 0x00, 0x04, 0xb1, 0x21, 0x20, 0x9b, 0xc9,
   0x00, 0x00, 0xb2, 0xeb, 0xa2, 0x41, 0x40, 0x01, 0x00, 0x00, 0x91, 0x90, 0x02,
   0x01, 0xa0, 0xb9, 0x00, 0x00, 0xaa, 0x4c, 0x12, 0x0b, 0xa0, 0xe0, 0x00, 0x00,
   0x24, 0x92, 0x99, 0x92, 0x30, 0x03, 0x00, 0x00, 0x9a, 0xa2, 0x42, 0xa2, 0x09,
   0xa0, 0x00, 0x00, 0xdc, 0x9a, 0xc1, 0x11, 0x09, 0xa0, 0x00, 0x00, 0x2a, 0xe9,
   0x15, 0x03, 0x35, 0x04, 0x00, 0x00, 0x01, 0x12, 0x93, 0x91, 0xc0, 0xcb, 0x00,
   0x00, 0x12, 0x00, 0x10, 0xa3, 0x0b, 0x31, 0x00, 0x00, 0x03, 0x21, 0x53, 0xb0,
   0x2c, 0x0a, 0x00, 0x00, 0x90, 0xa9, 0x20, 0x1a, 0xc1, 0xad, 0x00, 0x00, 0x31,
   0xc0, 0x20, 0x0a, 0x19, 0xa0, 0x00, 0x00, 0x62, 0x39, 0x6a, 0x1b, 0x21, 0x90,
   0x00, 0x00, 0x93, 0x93, 0xa0, 0x02, 0xb1, 0xc0, 0x00, 0x00, 0x10, 0x0a, 0xc9,
   0xa9, 0x49, 0xd4, 0x00, 0x00, 0xcb, 0x21, 0x1a, 0x20, 0xd6, 0xa9, 0x00, 0x00,
   0x29, 0xc2, 0x29, 0x2c, 0x01, 0xac, 0x00, 0x00, 0x0b, 0x31, 0x0c, 0x52, 0xa9,
   0x23, 0x00, 0x00, 0x31, 0x09, 0x29, 0x30, 0x2b, 0xb2, 0x00, 0x00, 0xc2, 0x9c,
   0x0a, 0x4b, 0x0b, 0x39, 0x00, 0x00, 0x9a, 0x21, 0x4a, 0xa9, 0x91, 0x92, 0x00,
   0x00, 0x92, 0x1b, 0xc0, 0x13, 0xbc, 0x13, 0x00, 0x00, 0x59, 0xd0, 0x10, 0xc0,
   0x21, 0x33, 0x00, 0x00, 0x21, 0x99, 0x92, 0x11, 0x42, 0x3e, 0x00, 0x00, 0x30,
   0xba, 0x24, 0x1d, 0xb9, 0xa4, 0x00, 0x00, 0xbd, 0x22, 0x1b, 0x3a, 0x3b, 0x3c,
   0x00, 0x00, 0x4b, 0xab, 0x34, 0xba, 0xb3, 0xca, 0x00, 0x00, 0xa2, 0x12, 0x12,
   0x30, 0xa3, 0x99, 0x00, 0x00, 0x23, 0x93, 0x9a, 0xa0, 0x21, 0x02, 0x00, 0x00,
   0xb1, 0x04, 0x92, 0x4a, 0x22, 0xfa, 0x00, 0x00, 0x29, 0x41, 0x22, 0x1b, 0x19,
   0x2a, 0x00, 0x00, 0x40, 0xc3, 0x00, 0xa0, 0x03, 0x25, 0x00, 0x00, 0xb2, 0x4c,
   0x93, 0x02, 0x9b, 0xb9, 0x00, 0x00, 0x0a, 0x4d, 0x12, 0xb9, 0x90, 0x20, 0x00,
   0x00, 0x2b, 0x90, 0x99, 0x00, 0x0b, 0x0a, 0x00, 0x00, 0xa2, 0x24, 0x3a, 0x91,
   0xa0, 0x0b, 0x00, 0x00, 0xc2, 0x1a, 0x12, 0x91, 0x3b, 0x20, 0x00, 0x00, 0x21,
   0xc1, 0x90, 0x49, 0xb0, 0xaa, 0x00, 0x00, 0x70, 0x54, 0x90, 0xa2, 0x90, 0x9e,
   0x00, 0x00, 0x90, 0x1d, 0x51, 0x34, 0xc1, 0xb0, 0x00, 0x00, 0x05, 0x01, 0x41,
   0xa3, 0x12, 0x2a, 0x00, 0x00, 0x93, 0x9a, 0x01, 0xc0, 0x1d, 0x9b, 0x00, 0x00,
   0x12, 0x11, 0x01, 0x92, 0x92, 0x99, 0x00, 0x00, 0x14, 0x00, 0x3a, 0x2b, 0x00,
   0xab, 0x00, 0x00, 0x11, 0x9c, 0x94, 0xb3, 0xaa, 0x0a, 0x00, 0x00, 0x11, 0x21,
   0x90, 0x2a, 0x32, 0x05, 0x00, 0x00, 0x53, 0x24, 0x2b, 0x12, 0x3a, 0x94, 0x00,
   0x00, 0xba, 0x0c, 0x11, 0x03, 0x04, 0x9a, 0x00, 0x00, 0x52, 0xa4, 0xa4, 0x92,
   0x91, 0x0a, 0x00, 0x00, 0xc2, 0xa1, 0x02, 0x0b, 0xe1, 0xaf, 0x00, 0x00, 0x04,
   0x49, 0xfe, 0x99, 0x10, 0x6d, 0x00, 0x00, 0x13, 0xba, 0xba, 0x49, 0x01, 0x1a,
   0x00, 0x00, 0x20, 0x03, 0x23, 0x24, 0x11, 0x94, 0x00, 0x00, 0x34, 0xb0, 0xdc,
   0x2a, 0xb9, 0x19, 0x00, 0x00, 0x12, 0x26, 0x39, 0x13, 0x10, 0x3b, 0x00, 0x00,
   0x22, 0x99, 0xc3, 0xac, 0x10, 0x0b, 0x00, 0x00, 0x01, 0x00, 0xb1, 0xc3, 0x41,
   0x1a, 0x00, 0x00, 0x34, 0x91, 0x34, 0x19, 0x9c, 0x00, 0x00, 0x00, 0x2d, 0x03,
   0x13, 0x31, 0x91, 0x99, 0x00, 0x00, 0xb1, 0xba, 0xda, 0x53, 0x21, 0x10, 0x00,
   0x00, 0x21, 0x0b, 0x24, 0x22, 0x42, 0x20, 0x00, 0x00, 0x29, 0x1a, 0x99, 0x33,
   0x04, 0x1a, 0x00, 0x00, 0xca, 0x00, 0x94, 0x24, 0x02, 0x01, 0x00, 0x00, 0xa3,
   0x91, 0x20, 0x23, 0xc9, 0xca, 0x00, 0x00, 0x30, 0xbc, 0xc1, 0xd9, 0xd3, 0x3a,
   0x00, 0x00, 0x14, 0x24, 0xb1, 0x32, 0x9b, 0x32, 0x00, 0x00, 0x23, 0x0a, 0x20,
   0xaa, 0x9b, 0x92, 0x00, 0x00, 0xca, 0x10, 0x90, 0x51, 0x34, 0x25, 0x00, 0x00,
   0x03, 0x3c, 0x02, 0x21, 0x49, 0x11, 0x00, 0x00, 0x34, 0x00, 0x0b, 0x75, 0x1a,
   0x4b, 0x00, 0x00, 0x99, 0xcb, 0x1c, 0xcb, 0x31, 0x25, 0x00, 0x00, 0x39, 0xb4,
   0x10, 0x59, 0x20, 0x91, 0x00, 0x00, 0x1a, 0x0c, 0x00, 0x10, 0x09, 0x90, 0x00,
   0x00, 0x9b, 0x11, 0x06, 0x32, 0x41, 0x3a, 0x00, 0x00, 0x9b, 0x7e, 0x37, 0x32,
   0xc2, 0xc0, 0x00, 0x00, 0xa3, 0x09, 0x14, 0x42, 0x99, 0xea, 0x00, 0x00, 0x32,
   0x32, 0xa0, 0x09, 0xe9, 0x1a, 0x00, 0x00, 0x02, 0x90, 0x9a, 0x02, 0x29, 0x0c,
   0x00, 0x00, 0x9b, 0x31, 0x9a, 0xa9, 0x02, 0x6b, 0x00, 0x00, 0x93, 0xac, 0x2b,
   0x9a, 0xa9, 0x34, 0x00, 0x00, 0x9a, 0x99, 0xe0, 0x22, 0xab, 0x0a, 0x00, 0x00,
   0xb9, 0x19, 0x19, 0xcb, 0x09, 0xab, 0x00, 0x00, 0xc0, 0x29, 0xa2, 0xda, 0x19,
   0x23, 0x00, 0x00, 0x40, 0x29, 0x01, 0x41, 0x23, 0xe3, 0x00, 0x00, 0x04, 0x21,
   0x10, 0x90, 0xbc, 0xb4, 0x00, 0x00, 0x31, 0xbc, 0x0b, 0x72, 0x11, 0x22, 0x00,
   0x00, 0x03, 0xba, 0x19, 0x93, 0x96, 0x9b, 0x00, 0x00, 0x92, 0x15, 0x3c, 0xa4,
   0x02, 0xab, 0x00, 0x00, 0x2b, 0x3a, 0xa0, 0x42, 0x12, 0x23, 0x00, 0x00, 0xb6,
   0x90, 0x1b, 0x24, 0xc2, 0x19, 0x00, 0x00, 0xb0, 0xb0, 0x12, 0x52, 0xbc, 0xa0,
   0x00, 0x00, 0x23, 0x94, 0x14, 0xc9, 0x41, 0x12, 0x00, 0x00, 0xaa, 0x5c, 0x36,
   0x39, 0xbb, 0xbb, 0x00, 0x00, 0xa3, 0xc3, 0xd2, 0x31, 0x2a, 0xb3, 0x00, 0x00,
   0x5a, 0x54, 0x49, 0x07, 0x29, 0x11, 0x00, 0x00, 0x00, 0xc1, 0x30, 0x21, 0x00,
   0xb0, 0x00, 0x00, 0x5b, 0xb7, 0x3a, 0x14, 0xa0, 0xb2, 0x00, 0x00, 0x3a, 0x29,
   0x1a, 0xb2, 0x90, 0xc9, 0x00, 0x00, 0x3a, 0x13, 0x35, 0xa4, 0x40, 0x9b, 0x00,
   0x00, 0x91, 0x15, 0xba, 0x92, 0x1a, 0x19, 0x00, 0x00, 0x21, 0xfe, 0x69, 0x29,
   0xa1, 0x2b, 0x00, 0x00, 0x2b, 0xb1, 0x20, 0xc1, 0x9b, 0x31, 0x00, 0x00, 0x39,
   0x02, 0x0f, 0x10, 0x0a, 0x4d, 0x00, 0x00, 0x5c, 0x53, 0x41, 0xa2, 0x5b, 0x90,
   0x00, 0x00, 0x0a, 0x91, 0xac, 0x59, 0xe0, 0x2a, 0x00, 0x00, 0x9b, 0x34, 0x0a,
   0x12, 0x11, 0x94, 0x00, 0x00, 0xba, 0x11, 0x11, 0x10, 0xc1, 0x2a, 0x00, 0x00,
   0xa1, 0x09, 0xa0, 0x2a, 0x91, 0x00, 0x00, 0x00, 0xc3, 0x09, 0x4b, 0xb0, 0x11,
   0x01, 0x00, 0x00, 0x30, 0xa0, 0x03, 0x01, 0x11, 0x99, 0x00, 0x00, 0x20, 0xaa,
   0x4b, 0x0b, 0x12, 0xb2, 0x00, 0x00, 0x03, 0xa1, 0x10, 0xb4, 0x2a, 0x0b, 0x00,
   0x00, 0x9a, 0x13, 0x4a, 0x44, 0xab, 0x31, 0x00, 0x00, 0x10, 0x00, 0x5b, 0x31,
   0xab, 0x90, 0x00, 0x00, 0x2a, 0xa0, 0xbb, 0x1a, 0x16, 0x94, 0x00, 0x00, 0x42,
   0xa2, 0x5b, 0x11, 0xba, 0xa1, 0x00, 0x00, 0x2a, 0x9b, 0x93, 0x53, 0x92, 0xa9,
   0x00, 0x00, 0xa0, 0x22, 0x41, 0x22, 0x19, 0x9a, 0x00, 0x00, 0xdd, 0x42, 0x10,
   0x12, 0x1b, 0x02, 0x00, 0x00, 0x34, 0x01, 0x39, 0x02, 0x91, 0x34, 0x00, 0x00,
   0xa1, 0x16, 0x00, 0x19, 0xb5, 0x09, 0x00, 0x00, 0x2a, 0xa3, 0xb0, 0xb1, 0x10,
   0x06, 0x00, 0x00, 0xa3, 0x19, 0x2c, 0x0c, 0xb1, 0x00, 0x00, 0x00, 0x34, 0xb3,
   0x02, 0xa9, 0x0b, 0x1b, 0x00, 0x00, 0x40, 0x51, 0x40, 0x1a, 0xb1, 0x15, 0x00,
   0x00, 0xb0, 0x9b, 0x1a, 0xa9, 0x90, 0xc1, 0x00, 0x00, 0x43, 0x09, 0x42, 0xb0,
   0x3a, 0xb9, 0x00, 0x00, 0xa1, 0x10, 0x9b, 0x11, 0x1b, 0x19, 0x00, 0x00, 0x0a,
   0xa0, 0x94, 0x1a, 0xa0, 0x90, 0x00, 0x00, 0x9a, 0x24, 0x23, 0x09, 0x21, 0x52,
   0x00, 0x00, 0x2a, 0xbc, 0x49, 0x0a, 0x22, 0x03, 0x00, 0x00, 0x0b, 0x59, 0x40,
   0x1c, 0x99, 0x90, 0x00, 0x00, 0xaa, 0x9a, 0x01, 0xb1, 0x49, 0x03, 0x00, 0x00,
   0x92, 0x01, 0x00, 0xa3, 0x5a, 0x33, 0x00, 0x00, 0x30, 0x23, 0x3b, 0x02, 0x99,
   0x43, 0x00, 0x00, 0xa9, 0x90, 0x24, 0x19, 0xa9, 0x02, 0x00, 0x00, 0x33, 0x12,
   0x40, 0x15, 0x79, 0x90, 0x00, 0x00, 0x13, 0x2a, 0x0a, 0x55, 0x92, 0x11, 0x00,
   0x00, 0x91, 0xb1, 0x12, 0x01, 0x39, 0x54, 0x00, 0x00, 0xa1, 0x4b, 0x91, 0xc3,
   0x12, 0x2a, 0x00, 0x00, 0x91, 0xb1, 0x50, 0x22, 0x39, 0xa2, 0x00, 0x00, 0xca,
   0x30, 0x39, 0x10, 0xb1, 0x1a, 0x00, 0x00, 0x99, 0x91, 0x42, 0xb9, 0xa2, 0xd9,
   0x00, 0x00, 0xcb, 0x2c, 0x13, 0x59, 0x24, 0x99, 0x00, 0x00, 0xad, 0xa0, 0x99,
   0x34, 0x15, 0x13, 0x00, 0x00, 0x31, 0x94, 0x30, 0x25, 0x22, 0x49, 0x00, 0x00,
   0xaa, 0xab, 0xa1, 0x12, 0x22, 0x64, 0x00, 0x00, 0x90, 0x41, 0x3a, 0x52, 0xba,
   0x0a, 0x00, 0x00, 0xa0, 0xb1, 0x99, 0x99, 0xc9, 0x00, 0x00, 0x00, 0x1a, 0x99,
   0xa1, 0xb3, 0x29, 0xb9, 0x00, 0x00, 0xca, 0x99, 0x02, 0x13, 0x4a, 0xb5, 0x00,
   0x00, 0x21, 0xb2, 0xdb, 0xa4, 0x09, 0xa0, 0x00, 0x00, 0x14, 0x30, 0x20, 0x00,
   0x12, 0x00, 0x00, 0x00, 0x32, 0x0a, 0x92, 0x01, 0x92, 0x22, 0x00, 0x00, 0x64,
   0xa4, 0xb3, 0x42, 0x1b, 0xa3, 0x00, 0x00, 0x93, 0x21, 0x2b, 0x0b, 0x21, 0x05,
   0x00, 0x00, 0xd9, 0x09, 0x20, 0x12, 0x92, 0xb2, 0x00, 0x00, 0xc2, 0x30, 0x21,
   0x92, 0x12, 0x24, 0x00, 0x00, 0xa2, 0x0a, 0x09, 0x11, 0x62, 0x50, 0x00, 0x00,
   0x30, 0x5a, 0xc5, 0xb2, 0x99, 0x32, 0x00, 0x00, 0x1b, 0x12, 0xa5, 0x0c, 0x9a,
   0x59, 0x00, 0x00, 0x13, 0x0b, 0x94, 0x0a, 0xa9, 0x39, 0x00, 0x00, 0xa1, 0xc2,
   0x9a, 0x0a, 0x9a, 0x4b, 0x00, 0x00, 0x41, 0xc4, 0x14, 0x03, 0x15, 0x20, 0x00,
   0x00, 0xa0, 0x01, 0x0a, 0x39, 0x01, 0x2a, 0x00, 0x00, 0x41, 0x31, 0x10, 0x2c,
   0x90, 0x29, 0x00, 0x00, 0x9a, 0x39, 0x33, 0x9b, 0x99, 0xb0, 0x00, 0x00, 0x11,
   0x10, 0x13, 0x10, 0x42, 0x20, 0x00, 0x00, 0xab, 0x02, 0x1a, 0x91, 0x13, 0x92,
   0x00, 0x00, 0x11, 0x94, 0x42, 0x33, 0x20, 0x02, 0x00, 0x00, 0x23, 0xc4, 0x0c,
   0xac, 0x32, 0x01, 0x00, 0x00, 0x1a, 0x9a, 0x99, 0x4a, 0x12, 0xa3, 0x00, 0x00,
   0x26, 0x23, 0x2a, 0x12, 0x0a, 0xa3, 0x00, 0x00, 0x11, 0x91, 0x1a, 0x23, 0x91,
   0x24, 0x00, 0x00, 0x69, 0x04, 0xa1, 0xa2, 0x11, 0x33, 0x00, 0x00, 0x23, 0x22,
   0x03, 0x3b, 0x34, 0xa9, 0x00, 0x00, 0x12, 0x39, 0x29, 0xb4, 0x12, 0x1b, 0x00,
   0x00, 0x91, 0x00, 0x1b, 0x30, 0xa2, 0xb4, 0x00, 0x00, 0xbb, 0x25, 0x94, 0x0a,
   0x20, 0x13, 0x00, 0x00, 0x01, 0x99, 0x14, 0xa9, 0x41, 0x34, 0x00, 0x00, 0x30,
   0x93, 0x61, 0x99, 0x93, 0x32, 0x00, 0x00, 0x24, 0x42, 0x90, 0xb2, 0x02, 0x2a,
   0x00, 0x00, 0x32, 0x20, 0x09, 0x12, 0x9c, 0x9a, 0x00, 0x00, 0x20, 0xa9, 0xb9,
   0xa4, 0xa0, 0xab, 0x00, 0x00, 0x10, 0x91, 0x40, 0xb9, 0x43, 0xba, 0x00, 0x00,
   0x19, 0x22, 0x19, 0x92, 0x4a, 0x09, 0x00, 0x00, 0x99, 0x53, 0x33, 0x9b, 0x34,
   0x1b, 0x00, 0x00, 0x23, 0x92, 0x12, 0x09, 0xba, 0xba, 0x00, 0x00, 0x33, 0x2b,
   0x10, 0xac, 0xc7, 0x32, 0x00, 0x00, 0x20, 0x23, 0xa1, 0x09, 0x99, 0x3b, 0x00,
   0x00, 0x24, 0x04, 0xda, 0x1b, 0x03, 0x0d, 0x00, 0x00, 0x01, 0x93, 0x3a, 0x9b,
   0x10, 0x10, 0x00, 0x00, 0x31, 0x44, 0x0a, 0x29, 0xe0, 0x09, 0x00, 0x00, 0xc9,
   0x1a, 0x42, 0x0b, 0x34, 0xa1, 0x00, 0x00, 0x5c, 0x93, 0x10, 0x01, 0xc1, 0x52,
   0x00, 0x00, 0x02, 0x1b, 0xb2, 0xab, 0xa2, 0x0d, 0x00, 0x00, 0x31, 0x35, 0x23,
   0x99, 0xba, 0x01, 0x00, 0x00, 0x9b, 0x5a, 0x01, 0x09, 0x1c, 0x43, 0x00, 0x00,
   0x9a, 0x23, 0xbb, 0x12, 0x2a, 0x30, 0x00, 0x00, 0x99, 0x1a, 0x12, 0xb0, 0x42,
   0x22, 0x00, 0x00, 0x23, 0x33, 0xc2, 0x1c, 0x4b, 0xa2, 0x00, 0x00, 0x00, 0xb3,
   0x0b, 0x11, 0xb9, 0x6b, 0x00, 0x00, 0x3a, 0xa9, 0x11, 0xa3, 0xa9, 0xad, 0x00,
   0x00, 0x99, 0x11, 0x39, 0x17, 0xa3, 0x6c, 0x00, 0x00, 0xb0, 0x0b, 0x41, 0x32,
   0x22, 0x99, 0x00, 0x00, 0xba, 0xab, 0xb9, 0x91, 0xa4, 0x10, 0x00, 0x00, 0xb0,
   0x5b, 0x67, 0x59, 0x14, 0x17, 0x00, 0x00, 0x03, 0xca, 0xa1, 0xec, 0xc2, 0x91,
   0x00, 0x00, 0x22, 0xab, 0xd9, 0xaa, 0x99, 0xb1, 0x00, 0x00, 0x2c, 0x32, 0x09,
   0x3a, 0x19, 0xbb, 0x00, 0x00, 0x2b, 0x03, 0xb2, 0x93, 0x96, 0x1b, 0x00, 0x00,
   0xb4, 0xb3, 0x29, 0xb3, 0xb1, 0x90, 0x00, 0x00, 0x20, 0x15, 0x9a, 0x03, 0xe4,
   0x0a, 0x00, 0x00, 0x9a, 0x32, 0x11, 0x9a, 0x15, 0x02, 0x00, 0x00, 0x2c, 0x1a,
   0x09, 0x99, 0x9e, 0x2a, 0x00, 0x00, 0x41, 0x25, 0x24, 0x19, 0xa0, 0x12, 0x00,
   0x00, 0x04, 0xb0, 0xbc, 0xa1, 0x09, 0xa0, 0x00, 0x00, 0xca, 0x90, 0x41, 0x19,
   0x09, 0xc9, 0x00, 0x00, 0x9e, 0x3a, 0xa0, 0x2a, 0x93, 0x0a, 0x00, 0x00, 0x12,
   0x1b, 0x03, 0x39, 0x95, 0x1b, 0x00, 0x00, 0x9b, 0x02, 0x4b, 0x03, 0xe2, 0x11,
   0x00, 0x00, 0x1a, 0x26, 0xa2, 0x90, 0xa0, 0x21, 0x00, 0x00, 0x29, 0x94, 0x0a,
   0xaa, 0x21, 0x21, 0x00, 0x00, 0x1a, 0x22, 0xab, 0x29, 0xeb, 0x0a, 0x00, 0x00,
   0x33, 0x13, 0x10, 0x22, 0x59, 0x99, 0x00, 0x00, 0x04, 0x94, 0x90, 0x90, 0x20,
   0xaa, 0x00, 0x00, 0xa3, 0x29, 0x9a, 0xa2, 0x2a, 0x44, 0x00, 0x00, 0x2b, 0xab,
   0x90, 0x00, 0x2a, 0x43, 0x00, 0x00, 0xb9, 0xa4, 0x03, 0xc9, 0x19, 0xcb, 0x00,
   0x00, 0x12, 0xa0, 0x92, 0x11, 0x23, 0x52, 0x00, 0x00, 0x00, 0x90, 0x20, 0x02,
   0x59, 0x90, 0x00, 0x00, 0xa5, 0x11, 0xb1, 0x33, 0xc3, 0x40, 0x00, 0x00, 0xb2,
   0x32, 0x11, 0x31, 0x9a, 0x1a, 0x00, 0x00, 0x04, 0x40, 0x2a, 0xb1, 0x95, 0xa0,
   0x00, 0x00, 0x10, 0x11, 0x19, 0x59, 0x03, 0x54, 0x00, 0x00, 0x03, 0x02, 0x0b,
   0x01, 0x21, 0xa0, 0x00, 0x00, 0x19, 0x9b, 0xaa, 0x21, 0x29, 0x2b, 0x00, 0x00,
   0x92, 0x19, 0x13, 0x31, 0x00, 0xb3, 0x00, 0x00, 0x22, 0xb9, 0x92, 0x15, 0x19,
   0x99, 0x00, 0x00, 0x09, 0x94, 0x2a, 0x93, 0x20, 0x2a, 0x00, 0x00, 0x4c, 0x1a,
   0x33, 0x12, 0x29, 0x6a, 0x00, 0x00, 0x19, 0x0a, 0x00, 0xbb, 0x93, 0x31, 0x00,
   0x00, 0x21, 0x11, 0x32, 0x33, 0xa9, 0xbc, 0x00, 0x00, 0xc2, 0x49, 0xa3, 0x34,
   0xc2, 0x90, 0x00, 0x00, 0x23, 0x1a, 0x32, 0x39, 0x34, 0x44, 0x00, 0x00, 0xb1,
   0x41, 0x14, 0x02, 0x91, 0xc2, 0x00, 0x00, 0x19, 0x2f, 0x00, 0x52, 0x02, 0xb3,
   0x00, 0x00, 0x39, 0xc2, 0x49, 0x14, 0x1c, 0xb9, 0x00, 0x00, 0xd0, 0xa0, 0xc1,
   0x05, 0x94, 0x50, 0x00, 0x00, 0x13, 0x3a, 0x11, 0x20, 0x91, 0x02, 0x00, 0x00,
   0x2b, 0xa2, 0x10, 0xb1, 0x10, 0xb0, 0x00, 0x00, 0x02, 0x93, 0x52, 0xaa, 0x90,
   0xa4, 0x00, 0x00, 0x39, 0xbc, 0x2a, 0x10, 0x1c, 0xb9, 0x00, 0x00, 0xa3, 0x59,
   0x39, 0xea, 0x0a, 0x1a, 0x00, 0x00, 0xd3, 0x0b, 0x92, 0xa9, 0x99, 0xac, 0x00,
   0x00, 0x39, 0x4c, 0x22, 0xcb, 0x01, 0x31, 0x00, 0x00, 0xa0, 0x13, 0x9b, 0x1b,
   0xac, 0x61, 0x00, 0x00, 0x37, 0x92, 0x02, 0xaa, 0xdb, 0xa9, 0x00, 0x00, 0xa1,
   0xc3, 0x49, 0xc1, 0x11, 0x19, 0x00, 0x00, 0xa0, 0x4a, 0x3a, 0x1b, 0x92, 0x11,
   0x00, 0x00, 0x49, 0x94, 0xa2, 0x30, 0x12, 0x01, 0x00, 0x00, 0x09, 0x24, 0x41,
   0xb9, 0x9a, 0x12, 0x00, 0x00, 0xac, 0x9e, 0x45, 0x12, 0x40, 0xba, 0x00, 0x00,
   0xbb, 0x10, 0x19, 0x30, 0x2a, 0x29, 0x00, 0x00, 0x21, 0x20, 0x3c, 0x1d, 0x99,
   0x2a, 0x00, 0x00, 0xa2, 0x1b, 0xb2, 0x22, 0x54, 0x06, 0x00, 0x00, 0xd3, 0xc0,
   0x9b, 0xb0, 0x43, 0x41, 0x00, 0x00, 0x09, 0x93, 0x0a, 0x21, 0x41, 0x2a, 0x00,
   0x00, 0x46, 0x13, 0x33, 0x9b, 0xa2, 0x33, 0x00, 0x00, 0x03, 0x11, 0xab, 0x20,
   0x42, 0x04, 0x00, 0x00, 0x94, 0x99, 0x64, 0xa0, 0x4b, 0x32, 0x00, 0x00, 0x39,
   0x23, 0x11, 0x49, 0x43, 0xca, 0x00, 0x00, 0x09, 0x93, 0x54, 0xb9, 0x0a, 0x32,
   0x00, 0x00, 0x90, 0xc0, 0x29, 0x42, 0x29, 0x1a, 0x00, 0x00, 0xbd, 0x11, 0x12,
   0x13, 0x99, 0x9b, 0x00, 0x00, 0x63, 0x14, 0x19, 0x39, 0xac, 0x02, 0x00, 0x00,
   0x41, 0xc2, 0x52, 0x02, 0x00, 0x14, 0x00, 0x00, 0x12, 0x93, 0x12, 0x91, 0x3b,
   0x0a, 0x00, 0x00, 0x19, 0x94, 0x42, 0x49, 0x1a, 0x09, 0x00, 0x00, 0x00, 0xa1,
   0x2c, 0x39, 0x21, 0x9a, 0x00, 0x00, 0xaa, 0x09, 0xa0, 0xa4, 0x91, 0x99, 0x00,
   0x00, 0x42, 0x91, 0x22, 0x9b, 0x2c, 0x2a, 0x00, 0x00, 0x0a, 0x10, 0x90, 0x23,
   0xb4, 0xc0, 0x00, 0x00, 0x31, 0x94, 0x9e, 0x53, 0x19, 0x9a, 0x00, 0x00, 0xb1,
   0x39, 0xda, 0x00, 0xa0, 0x22, 0x00, 0x00, 0xb3, 0xa3, 0x24, 0x29, 0x33, 0x3c,
   0x00, 0x00, 0x5c, 0x33, 0x0b, 0x19, 0x12, 0x12, 0x00, 0x00, 0x1b, 0x14, 0xb9,
   0xba, 0x95, 0xc0, 0x00, 0x00, 0x49, 0x92, 0x13, 0x9b, 0x99, 0x19, 0x00, 0x00,
   0xbb, 0x1b, 0x51, 0xb9, 0xb2, 0xa0, 0x00, 0x00, 0x9a, 0x53, 0xc4, 0x49, 0xa0,
   0x4b, 0x00, 0x00, 0x29, 0xb2, 0xa9, 0x90, 0x21, 0x9d, 0x00, 0x00, 0x99, 0x23,
   0x5d, 0x19, 0xa9, 0x43, 0x00, 0x00, 0x52, 0x4a, 0x10, 0x0b, 0x2a, 0x49, 0x00,
   0x00, 0x44, 0x0c, 0x41, 0x22, 0xa0, 0x24, 0x00, 0x00, 0x2c, 0x19, 0x1a, 0x12,
   0x0a, 0x99, 0x00, 0x00, 0xb1, 0x04, 0x10, 0x62, 0x31, 0x13, 0x00, 0x00, 0x49,
   0x01, 0xab, 0x13, 0x1a, 0x09, 0x00, 0x00, 0x10, 0x2c, 0xa9, 0xa9, 0x3a, 0xb9,
   0x00, 0x00, 0xa1, 0x20, 0xb2, 0x31, 0xd1, 0x39, 0x00, 0x00, 0x01, 0x3a, 0x29,
   0x09, 0x34, 0x33, 0x00, 0x00, 0xa2, 0x10, 0x12, 0x11, 0xa2, 0x11, 0x00, 0x00,
   0xd9, 0xa1, 0x42, 0x9a, 0xa0, 0xa0, 0x00, 0x00, 0x12, 0x32, 0x11, 0x24, 0xd0,
   0x0a, 0x00, 0x00, 0x49, 0x19, 0x11, 0x29, 0x20, 0x09, 0x00, 0x00, 0x2b, 0xa1,
   0x22, 0xc0, 0xbc, 0x92, 0x00, 0x00, 0x01, 0x20, 0x20, 0xab, 0xaa, 0x00, 0x00,
   0x00, 0xa2, 0x29, 0x11, 0xaa, 0xa2, 0x49, 0x00, 0x00, 0x99, 0x9b, 0x53, 0x1a,
   0x95, 0xd0, 0x00, 0x00, 0xa9, 0x13, 0x20, 0x94, 0xb9, 0xa9, 0x00, 0x00, 0xad,
   0x34, 0x43, 0xaa, 0x12, 0x00, 0x00, 0x00, 0xb2, 0x2a, 0x0a, 0xba, 0x14, 0x20,
   0x00, 0x00, 0x32, 0xa0, 0x41, 0x2d, 0x21, 0x99, 0x00, 0x00, 0xba, 0x5a, 0x12,
   0xaa, 0x36, 0xa3, 0x00, 0x00, 0x10, 0x21, 0x54, 0x4a, 0x09, 0x39, 0x00, 0x00,
   0x40, 0xb3, 0xc0, 0x43, 0x04, 0x30, 0x00, 0x00, 0x3c, 0x1b, 0x11, 0xb0, 0xb1,
   0x2a, 0x00, 0x00, 0xb9, 0x30, 0x0b, 0x1a, 0xa1, 0xbb, 0x00, 0x00, 0xa2, 0x2b,
   0x3a, 0x1a, 0x91, 0xa3, 0x00, 0x00, 0xb9, 0x21, 0x12, 0x3a, 0xaa, 0x40, 0x00,
   0x00, 0x09, 0x0a, 0x0a, 0x0c, 0xb0, 0xa2, 0x00, 0x00, 0x51, 0x03, 0x10, 0x9a,
   0x02, 0x20, 0x00, 0x00, 0xa5, 0x4b, 0x10, 0x01, 0x29, 0x00, 0x00, 0x00, 0x3a,
   0xb1, 0x3a, 0x9a, 0xe2, 0x03, 0x00, 0x00, 0x52, 0x22, 0x29, 0x9a, 0xaa, 0x14,
   0x00, 0x00, 0x14, 0x03, 0xcd, 0x99, 0x01, 0x11, 0x00, 0x00, 0x25, 0x22, 0x94,
   0x15, 0xa4, 0x09, 0x00, 0x00, 0x01, 0x41, 0x25, 0x15, 0x09, 0x41, 0x00, 0x00,
   0x9a, 0x12, 0x49, 0x40, 0x20, 0xd9, 0x00, 0x00, 0x34, 0x10, 0x94, 0x96, 0x93,
   0x12, 0x00, 0x00, 0x3a, 0xd2, 0xa1, 0x32, 0x20, 0x3a, 0x00, 0x00, 0x41, 0xba,
   0x94, 0xc5, 0xb3, 0x2c, 0x00, 0x00, 0x03, 0x93, 0x49, 0x32, 0x40, 0x99, 0x00,
   0x00, 0x9c, 0x4c, 0xa3, 0x4c, 0xc1, 0xaa, 0x00, 0x00, 0xa9, 0x93, 0xb4, 0x14,
   0x09, 0xb4, 0x00, 0x00, 0x10, 0xa0, 0x43, 0x2c, 0x11, 0xc0, 0x00, 0x00, 0xca,
   0x4d, 0x09, 0x99, 0x09, 0x29, 0x00, 0x00, 0xc9, 0xc4, 0x19, 0x42, 0x24, 0x93,
   0x00, 0x00, 0x01, 0x1a, 0x2a, 0x00, 0xb0, 0xa3, 0x00, 0x00, 0x92, 0xbb, 0xbd,
   0x1a, 0xc1, 0x1b, 0x00, 0x00, 0x22, 0x91, 0x99, 0x19, 0x93, 0x23, 0x00, 0x00,
   0x2a, 0xc4, 0x91, 0xa9, 0x00, 0x21, 0x00, 0x00, 0x99, 0xa1, 0x3b, 0x90, 0xb0,
   0x29, 0x00, 0x00, 0xa1, 0xa4, 0x1d, 0x99, 0x3a, 0x09, 0x00, 0x00, 0x52, 0x90,
   0x29, 0xa1, 0x10, 0x04, 0x00, 0x00, 0x59, 0x00, 0xb3, 0x94, 0xb0, 0x22, 0x00,
   0x00, 0x02, 0x00, 0x31, 0x65, 0x14, 0x11, 0x00, 0x00, 0xa2, 0xa2, 0x00, 0x23,
   0xb2, 0x60, 0x00, 0x00, 0xa0, 0x29, 0x90, 0xa0, 0x03, 0x0a, 0x00, 0x00, 0x99,
   0xa9, 0x23, 0x92, 0x12, 0x3b, 0x00, 0x00, 0x60, 0x4a, 0x33, 0x12, 0xa9, 0x53,
   0x00, 0x00, 0x53, 0x1a, 0x09, 0x29, 0x1b, 0xbc, 0x00, 0x00, 0x19, 0xa5, 0xc9,
   0x29, 0x39, 0x20, 0x00, 0x00, 0x03, 0x11, 0x30, 0x0a, 0xdc, 0x00, 0x00, 0x00,
   0xa9, 0x11, 0x24, 0x39, 0x11, 0x1a, 0x00, 0x00, 0x59, 0x95, 0x60, 0x34, 0xc4,
   0x22, 0x00, 0x00, 0x01, 0xa4, 0x9a, 0xd1, 0x00, 0x20, 0x00, 0x00, 0x09, 0xa9,
   0x44, 0x1d, 0x2d, 0x04, 0x00, 0x00, 0x29, 0x90, 0x93, 0xdc, 0xa1, 0x12, 0x00,
   0x00, 0x19, 0xaa, 0x79, 0xb1, 0x5c, 0x26, 0x00, 0x00, 0xeb, 0x1a, 0x25, 0x3b,
   0x39, 0x2a, 0x00, 0x00, 0x41, 0x01, 0x30, 0x3a, 0xb2, 0x90, 0x00, 0x00, 0x1a,
   0xbe, 0x39, 0xb1, 0x12, 0xb2, 0x00, 0x00, 0x99, 0xb4, 0x39, 0xaa, 0x06, 0x24,
   0x00, 0x00, 0xa1, 0x0b, 0x20, 0x02, 0x31, 0x50, 0x00, 0x00, 0x40, 0xb1, 0x0a,
   0x3a, 0x11, 0xb0, 0x00, 0x00, 0x61, 0x90, 0x2b, 0x0a, 0x11, 0x50, 0x00, 0x00,
   0x01, 0x91, 0x14, 0x02, 0x93, 0xb2, 0x00, 0x00, 0x53, 0x90, 0x49, 0x09, 0xaa,
   0x41, 0x00, 0x00, 0x13, 0xa3, 0x99, 0xa3, 0x32, 0x02, 0x00, 0x00, 0x13, 0x25,
   0x29, 0x10, 0x33, 0x93, 0x00, 0x00, 0x19, 0xc2, 0xa1, 0x01, 0x09, 0x54, 0x00,
   0x00, 0x13, 0x13, 0x42, 0xbb, 0x30, 0x0a, 0x00, 0x00, 0x22, 0x91, 0x03, 0x99,
   0x19, 0x20, 0x00, 0x00, 0x0b, 0xa6, 0x4a, 0x93, 0x32, 0xa4, 0x00, 0x00, 0xb9,
   0x32, 0xb9, 0x23, 0xa3, 0x03, 0x00, 0x00, 0xaa, 0x02, 0x02, 0x19, 0x1b, 0xa2,
   0x00, 0x00, 0xa9, 0x40, 0x15, 0x12, 0x0a, 0xab, 0x00, 0x00, 0x42, 0x10, 0xcb,
   0x04, 0x0b, 0x19, 0x00, 0x00, 0x99, 0x79, 0x00, 0xab, 0x0c, 0xc9, 0x00, 0x00,
   0x0c, 0x4d, 0x91, 0x00, 0x3a, 0x20, 0x00, 0x00, 0x13, 0xbb, 0xb1, 0xb9, 0x91,
   0x1a, 0x00, 0x00, 0x34, 0xb9, 0x9b, 0x93, 0xab, 0x13, 0x00, 0x00, 0x1a, 0xc1,
   0xab, 0x3a, 0x31, 0x0a, 0x00, 0x00, 0x2a, 0x40, 0x92, 0x09, 0x9b, 0xcb, 0x00,
   0x00, 0x4c, 0xc3, 0x5a, 0x12, 0x4c, 0xba, 0x00, 0x00, 0xa0, 0xb1, 0x3b, 0x53,
   0x2f, 0x09, 0x00, 0x00, 0x11, 0x3a, 0xb0, 0x11, 0x30, 0xa1, 0x00, 0x00, 0x92,
   0xb9, 0x3a, 0x13, 0xcb, 0x71, 0x00, 0x00, 0xa2, 0x00, 0xb9, 0xa9, 0x31, 0xb2,
   0x00, 0x00, 0x00, 0x11, 0x03, 0x24, 0xa0, 0x72, 0x00, 0x00, 0x19, 0x10, 0xaa,
   0xa3, 0x1c, 0x1a, 0x00, 0x00, 0x30, 0xc1, 0x0a, 0x13, 0xa4, 0x4a, 0x00, 0x00,
   0x49, 0xa3, 0x90, 0xda, 0x93, 0x40, 0x00, 0x00, 0x34, 0x10, 0x3c, 0x91, 0xaa,
   0xb3, 0x00, 0x00, 0x12, 0x1c, 0x91, 0xbd, 0x09, 0x22, 0x00, 0x00, 0x2a, 0xa0,
   0x0a, 0xbb, 0x00, 0x6b, 0x00, 0x00, 0x00, 0x1c, 0xba, 0xde, 0x14, 0xba, 0x00,
   0x00, 0x31, 0x09, 0x39, 0x1c, 0x31, 0x34, 0x00, 0x00, 0x22, 0x2a, 0xb0, 0x0a,
   0x1c, 0x30, 0x00, 0x00, 0x9a, 0x04, 0x10, 0x12, 0x1d, 0x79, 0x00, 0x00, 0x93,
   0x03, 0x2b, 0xc1, 0x20, 0x99, 0x00, 0x00, 0xa0, 0xd0, 0xa2, 0xb2, 0xca, 0xa1,
   0x00, 0x00, 0x43, 0x00, 0x11, 0x20, 0x22, 0xa1, 0x00, 0x00, 0x03, 0xe1, 0x49,
   0x12, 0xb1, 0x04, 0x00, 0x00, 0xb9, 0x01, 0x9b, 0x2a, 0x49, 0x01, 0x00, 0x00,
   0x02, 0x3f, 0x11, 0x20, 0x92, 0xaa, 0x00, 0x00, 0x99, 0xa1, 0x3a, 0x42, 0x13,
   0x20, 0x00, 0x00, 0xc1, 0xcf, 0x0b, 0xde, 0x3a, 0x93, 0x00, 0x00, 0x40, 0xc0,
   0x30, 0xda, 0x39, 0x94, 0x00, 0x00, 0x49, 0xa9, 0x0c, 0x0b, 0x95, 0x45, 0x00,
   0x00, 0xcb, 0x20, 0x0a, 0x10, 0xa1, 0x03, 0x00, 0x00, 0xaa, 0x21, 0xc3, 0x1b,
   0x0b, 0x4b, 0x00, 0x00, 0xb2, 0xa1, 0x02, 0x1a, 0x1a, 0x23, 0x00, 0x00, 0x90,
   0x95, 0x25, 0xa9, 0x09, 0x3b, 0x00, 0x00, 0x1a, 0x91, 0x90, 0x2b, 0xb9, 0x42,
   0x00, 0x00, 0x31, 0x23, 0x00, 0x01, 0x90, 0x49, 0x00, 0x00, 0x50, 0x11, 0xb1,
   0x90, 0x59, 0x52, 0x00, 0x00, 0x99, 0x14, 0x22, 0x9a, 0x53, 0x52, 0x00, 0x00,
   0x70, 0x00, 0x31, 0x2a, 0x99, 0x13, 0x00, 0x00, 0x91, 0x02, 0x52, 0x9b, 0x61,
   0x31, 0x00, 0x00, 0x53, 0x39, 0xa2, 0x33, 0xa4, 0x3a, 0x00, 0x00, 0x93, 0xc0,
   0x2a, 0x43, 0x92, 0x59, 0x00, 0x00, 0xa0, 0x2b, 0x01, 0xa9, 0x0d, 0x13, 0x00,
   0x00, 0xab, 0x30, 0x23, 0x12, 0x93, 0x22, 0x00, 0x00, 0xb2, 0x1b, 0x39, 0x3a,
   0x90, 0xa4, 0x00, 0x00, 0x24, 0x1c, 0x1a, 0x22, 0x2b, 0xa9, 0x00, 0x00, 0x09,
   0x39, 0x99, 0xc1, 0x0a, 0x41, 0x00, 0x00, 0xc0, 0x1d, 0x9b, 0xa0, 0x94, 0xb1,
   0x00, 0x00, 0x92, 0x9a, 0x41, 0x23, 0xb9, 0xad, 0x00, 0x00, 0x1a, 0x2b, 0x23,
   0x34, 0xa2, 0x9a, 0x00, 0x00, 0x4a, 0xa9, 0x04, 0x10, 0x02, 0xbe, 0x00, 0x00,
   0xa9, 0x39, 0xa6, 0x03, 0xb1, 0xb3, 0x00, 0x00, 0x00, 0x99, 0xa1, 0x00, 0x12,
   0x50, 0x00, 0x00, 0x3c, 0x30, 0x23, 0xa0, 0x2a, 0x40, 0x00, 0x00, 0x92, 0x99,
   0x13, 0x31, 0x1a, 0x9a, 0x00, 0x00, 0x12, 0x19, 0x10, 0x73, 0x42, 0xb4, 0x00,
   0x00, 0x2c, 0xa4, 0x52, 0x92, 0x31, 0x11, 0x00, 0x00, 0xab, 0x39, 0x9d, 0x40,
   0x10, 0x2a, 0x00, 0x00, 0x3a, 0xc0, 0x29, 0x12, 0x42, 0x24, 0x00, 0x00, 0x19,
   0x9b, 0x9b, 0x42, 0x96, 0x41, 0x00, 0x00, 0xbb, 0x09, 0x90, 0x9a, 0x20, 0x09,
   0x00, 0x00, 0x42, 0x10, 0xb9, 0xb4, 0x54, 0x94, 0x00, 0x00, 0x9a, 0x9c, 0x29,
   0x9b, 0x91, 0x37, 0x00, 0x00, 0x93, 0xbf, 0x20, 0x99, 0xa1, 0xbc, 0x00, 0x00,
   0x99, 0x31, 0x39, 0x90, 0x9b, 0x31, 0x00, 0x00, 0x32, 0x31, 0x9c, 0xb0, 0x10,
   0x9a, 0x00, 0x00, 0xcb, 0x1c, 0x90, 0xda, 0x30, 0x43, 0x00, 0x00, 0x13, 0xa5,
   0x41, 0xac, 0xb1, 0x56, 0x00, 0x00, 0x91, 0x9d, 0x31, 0x10, 0x90, 0x9e, 0x00,
   0x00, 0x30, 0xa2, 0x5d, 0x1d, 0xa9, 0xdb, 0x00, 0x00, 0x9a, 0xa4, 0xa2, 0x44,
   0x32, 0xc4, 0x00, 0x00, 0x90, 0x92, 0x9c, 0x33, 0x19, 0xc0, 0x00, 0x00, 0xbe,
   0x39, 0x21, 0xc4, 0x92, 0xc2, 0x00, 0x00, 0x9d, 0x03, 0x42, 0x19, 0xa2, 0x3b,
   0x00, 0x00, 0x93, 0x0b, 0x01, 0x91, 0x32, 0xa2, 0x00, 0x00, 0xcb, 0x10, 0x00,
   0x32, 0x54, 0x91, 0x00, 0x00, 0x02, 0x29, 0xe0, 0x91, 0x02, 0xaa, 0x00, 0x00,
   0x4b, 0x91, 0x1c, 0xac, 0x0b, 0x23, 0x00, 0x00, 0x33, 0x92, 0x23, 0x3b, 0x11,
   0x4a, 0x00, 0x00, 0x0a, 0x21, 0x29, 0x92, 0x01, 0x1a, 0x00, 0x00, 0x22, 0x21,
   0x11, 0x90, 0x23, 0xab, 0x00, 0x00, 0xaa, 0x59, 0x36, 0xba, 0xaa, 0xc5, 0x00,
   0x00, 0x09, 0x01, 0xc2, 0x41, 0x13, 0xab, 0x00, 0x00, 0x02, 0x12, 0x39, 0x9c,
   0x1b, 0x2c, 0x00, 0x00, 0x99, 0x19, 0x49, 0x44, 0xb3, 0xb0, 0x00, 0x00, 0x53,
   0x21, 0x73, 0x34, 0x54, 0x22, 0x00, 0x00, 0x02, 0x03, 0x03, 0xe9, 0x29, 0x91,
   0x00, 0x00, 0x05, 0xa4, 0x41, 0x21, 0xa3, 0xda, 0x00, 0x00, 0xa2, 0xba, 0xa9,
   0xa0, 0x3a, 0x92, 0x00, 0x00, 0x4a, 0xc5, 0x62, 0xa1, 0xac, 0x10, 0x00, 0x00,
   0x29, 0x01, 0x00, 0x09, 0x94, 0xc9, 0x00, 0x00, 0x0a, 0x3a, 0xa2, 0x06, 0x91,
   0x11, 0x00, 0x00, 0x59, 0x02, 0x02, 0x14, 0x59, 0xb9, 0x00, 0x00, 0x09, 0x39,
   0x3a, 0x30, 0x50, 0x10, 0x00, 0x00, 0x2c, 0x11, 0x20, 0xca, 0x0c, 0xbc, 0x00,
   0x00, 0x91, 0x4d, 0x5a, 0xb1, 0xc1, 0xaa, 0x00, 0x00, 0x16, 0x00, 0xd1, 0x3a,
   0x92, 0x11, 0x00, 0x00, 0x64, 0x34, 0xcb, 0x33, 0x00, 0x33, 0x00, 0x00, 0x92,
   0x90, 0x99, 0xbb, 0x13, 0x19, 0x00, 0x00, 0x23, 0x9a, 0xca, 0x00, 0x11, 0x09,
   0x00, 0x00, 0xad, 0xa1, 0x51, 0x99, 0x30, 0x92, 0x00, 0x00, 0x63, 0x01, 0x31,
   0x45, 0x2c, 0x06, 0x00, 0x00, 0x1a, 0x31, 0x20, 0x93, 0x92, 0x0b, 0x00, 0x00,
   0x20, 0x94, 0x92, 0x29, 0xe0, 0x10, 0x00, 0x00, 0x0a, 0x20, 0x30, 0xa9, 0x40,
   0x10, 0x00, 0x00, 0xa1, 0x0a, 0x31, 0x22, 0x0b, 0x90, 0x00, 0x00, 0x53, 0x52,
   0x14, 0x20, 0x29, 0x23, 0x00, 0x00, 0x21, 0x31, 0xb3, 0x40, 0x30, 0x51, 0x00,
   0x00, 0x20, 0xa4, 0x51, 0x90, 0xbb, 0x12, 0x00, 0x00, 0x02, 0x29, 0x29, 0xb0,
   0xab, 0x1b, 0x00, 0x00, 0x23, 0x9a, 0x1b, 0xa2, 0x13, 0x31, 0x00, 0x00, 0xa9,
   0x13, 0x21, 0x30, 0x92, 0x39, 0x00, 0x00, 0xca, 0xbb, 0xc2, 0x43, 0xc3, 0xa2,
   0x00, 0x00, 0x13, 0xa9, 0x39, 0x4a, 0xa2, 0xb1, 0x00, 0x00, 0x02, 0x23, 0xaa,
   0xe0, 0xbd, 0x90, 0x00, 0x00, 0x0a, 0x91, 0xa1, 0x96, 0xa1, 0x93, 0x00, 0x00,
   0xb0, 0x25, 0x23, 0xd3, 0x09, 0x9c, 0x00, 0x00, 0x2c, 0x00, 0x32, 0x23, 0x40,
   0x11, 0x00, 0x00, 0x92, 0x04, 0x50, 0x0b, 0xc0, 0x1a, 0x00, 0x00, 0x91, 0x33,
   0x11, 0x23, 0x90, 0x94, 0x00, 0x00, 0xc0, 0x9a, 0x09, 0x20, 0x02, 0xca, 0x00,
   0x00, 0xe1, 0x0c, 0x99, 0x10, 0x00, 0x03, 0x00, 0x00, 0x10, 0x94, 0x21, 0x41,
   0x43, 0x04, 0x00, 0x00, 0x34, 0x30, 0x2b, 0x91, 0x32, 0x9b, 0x00, 0x00, 0x31,
   0x91, 0x53, 0x2d, 0x13, 0x9a, 0x00, 0x00, 0xa9, 0xbb, 0x09, 0xaa, 0x2b, 0x92,
   0x00, 0x00, 0x12, 0x10, 0x23, 0x14, 0xa5, 0x02, 0x00, 0x00, 0x19, 0x04, 0xa2,
   0x2a, 0x11, 0x40, 0x00, 0x00, 0x9a, 0x4d, 0xc9, 0xa3, 0xb0, 0x03, 0x00, 0x00,
   0xcc, 0x92, 0xa3, 0xa0, 0xb0, 0x1b, 0x00, 0x00, 0x21, 0x29, 0xb1, 0x1a, 0xd4,
   0xac, 0x00, 0x00, 0x30, 0x91, 0x4a, 0x09, 0x00, 0x00, 0x00, 0x00, 0x59, 0x7a,
   0x55, 0xc0, 0x6a, 0xa9, 0x00, 0x00, 0x3a, 0x09, 0xba, 0xb3, 0x0b, 0x9b, 0x00,
   0x00, 0x22, 0x23, 0x43, 0x11, 0x01, 0x3a, 0x00, 0x00, 0x42, 0xb1, 0x93, 0xb3,
   0x19, 0x95, 0x00, 0x00, 0x55, 0xa9, 0x23, 0x41, 0x92, 0xc9, 0x00, 0x00, 0xa0,
   0x00, 0x4b, 0xc9, 0x44, 0x62, 0x00, 0x00, 0x93, 0x19, 0x94, 0x03, 0xca, 0x2a,
   0x00, 0x00, 0x0c, 0x1a, 0xc1, 0x6a, 0x10, 0xd3, 0x00, 0x00, 0x4b, 0xc4, 0x3a,
   0x13, 0xb4, 0xc3, 0x00, 0x00, 0x9a, 0xcc, 0x12, 0x9b, 0xb9, 0x2c, 0x00, 0x00,
   0x41, 0xa2, 0x44, 0xb0, 0x9b, 0xb9, 0x00, 0x00, 0x30, 0x43, 0x26, 0x0b, 0x19,
   0x23, 0x00, 0x00, 0x39, 0x2d, 0xb0, 0xaa, 0x99, 0xb3, 0x00, 0x00, 0x14, 0xa9,
   0x29, 0xa1, 0xb9, 0x55, 0x00, 0x00, 0x13, 0x0a, 0x03, 0x90, 0x91, 0x0a, 0x00,
   0x00, 0x09, 0xaa, 0xd2, 0x22, 0x91, 0x5b, 0x00, 0x00, 0x0a, 0xa3, 0x31, 0x1c,
   0x34, 0xc2, 0x00, 0x00, 0x34, 0xa9, 0xac, 0xb1, 0x00, 0x13, 0x00, 0x00, 0x10,
   0x30, 0x01, 0x92, 0x92, 0x2c, 0x00, 0x00, 0x42, 0xa9, 0x40, 0x53, 0xb2, 0x19,
   0x00, 0x00, 0x02, 0xab, 0xba, 0xb9, 0xb0, 0x12, 0x00, 0x00, 0xb2, 0xb2, 0xb1,
   0xb9, 0x92, 0x40, 0x00, 0x00, 0x2c, 0x93, 0xa2, 0x39, 0xa0, 0x46, 0x00, 0x00,
   0x91, 0x11, 0x92, 0x0a, 0x2a, 0x21, 0x00, 0x00, 0x2a, 0x02, 0x94, 0x01, 0xc1,
   0x23, 0x00, 0x00, 0x34, 0x92, 0xa5, 0x04, 0x1b, 0x31, 0x00, 0x00, 0x13, 0xb1,
   0x10, 0x2a, 0x04, 0x31, 0x00, 0x00, 0xb1, 0x01, 0x01, 0x40, 0xc1, 0x30, 0x00,
   0x00, 0x31, 0xa9, 0x02, 0x3b, 0xa6, 0x33, 0x00, 0x00, 0x10, 0xaa, 0x21, 0x9c,
   0xa2, 0xa3, 0x00, 0x00, 0x49, 0xa0, 0xa1, 0x1d, 0xbd, 0x21, 0x00, 0x00, 0x1a,
   0x21, 0x30, 0x3a, 0x99, 0x51, 0x00, 0x00, 0x31, 0x01, 0x45, 0xc0, 0x39, 0x3b,
   0x00, 0x00, 0x91, 0x21, 0x03, 0x3b, 0x31, 0x9c, 0x00, 0x00, 0x11, 0xdb, 0x2b,
   0x15, 0x03, 0xab, 0x00, 0x00, 0xaa, 0x19, 0x42, 0x22, 0x93, 0x25, 0x00, 0x00,
   0x0c, 0x00, 0x09, 0x0a, 0x19, 0x9a, 0x00, 0x00, 0xc2, 0x22, 0x40, 0x91, 0x92,
   0x1b, 0x00, 0x00, 0x23, 0x22, 0x20, 0x25, 0x0b, 0x92, 0x00, 0x00, 0xac, 0x25,
   0x99, 0x2b, 0x44, 0x92, 0x00, 0x00, 0x23, 0x03, 0x54, 0xac, 0x94, 0x00, 0x00,
   0x00, 0x0b, 0xb3, 0xba, 0x2a, 0x1a, 0xb2, 0x00, 0x00, 0x2a, 0xa4, 0x90, 0xa3,
   0x02, 0x3a, 0x00, 0x00, 0x11, 0x03, 0x03, 0x1a, 0x43, 0x24, 0x00, 0x00, 0x09,
   0x15, 0xa0, 0x23, 0x11, 0x22, 0x00, 0x00, 0xc4, 0xd1, 0xaa, 0x10, 0xa1, 0x40,
   0x00, 0x00, 0xc2, 0x2b, 0xba, 0x40, 0x94, 0x2c, 0x00, 0x00, 0x24, 0xc1, 0x99,
   0x0a, 0xc9, 0x29, 0x00, 0x00, 0x20, 0x00, 0x00, 0xb2, 0x20, 0xd2, 0x00, 0x00,
   0xba, 0x93, 0xb1, 0x00, 0x11, 0x02, 0x00, 0x00, 0x19, 0xbb, 0x92, 0x01, 0x49,
   0x00, 0x00, 0x00, 0xaa, 0xa0, 0x01, 0x9a, 0x10, 0x12, 0x00, 0x00, 0x00, 0xbb,
   0x91, 0xa0, 0x6a, 0xd3, 0x00, 0x00, 0x99, 0x09, 0xa9, 0x3a, 0x12, 0x2c, 0x00,
   0x00, 0x11, 0xa9, 0xa9, 0x30, 0x10, 0xa0, 0x00, 0x00, 0x9a, 0x14, 0x45, 0xb9,
   0xa1, 0xb3, 0x00, 0x00, 0xaa, 0x5b, 0xc0, 0xa4, 0x49, 0xa3, 0x00, 0x00, 0x13,
   0x92, 0x3a, 0xa9, 0xaa, 0x9a, 0x00, 0x00, 0x3a, 0xb0, 0x03, 0x4c, 0x93, 0x33,
   0x00, 0x00, 0xbb, 0x0b, 0x2d, 0xa2, 0x90, 0x99, 0x00, 0x00, 0x21, 0xb9, 0x23,
   0x29, 0xcd, 0x03, 0x00, 0x00, 0x9a, 0x1a, 0x9b, 0x91, 0x9b, 0xa0, 0x00, 0x00,
   0x43, 0x90, 0x02, 0xb2, 0x21, 0xa0, 0x00, 0x00, 0x01, 0xd9, 0x53, 0xc3, 0x0a,
   0x13, 0x00, 0x00, 0x94, 0x02, 0x1d, 0x94, 0x0b, 0xb9, 0x00, 0x00, 0xa2, 0xbd,
   0x40, 0xb2, 0xb2, 0x19, 0x00, 0x00, 0xbb, 0x1c, 0x1b, 0x00, 0x22, 0x0a, 0x00,
   0x00, 0xaa, 0xb0, 0x23, 0x14, 0x19, 0x49, 0x00, 0x00, 0x32, 0xa9, 0x24, 0xe2,
   0x3a, 0x90, 0x00, 0x00, 0xb1, 0x6b, 0x41, 0x99, 0xb0, 0x09, 0x00, 0x00, 0xb3,
   0x43, 0x41, 0x9c, 0x29, 0xa1, 0x00, 0x00, 0x99, 0x91, 0x1c, 0x33, 0x93, 0x91,
   0x00, 0x00, 0xa0, 0x90, 0x21, 0x22, 0xbb, 0x13, 0x00, 0x00, 0x01, 0x29, 0x10,
   0x10, 0x20, 0x90, 0x00, 0x00, 0x93, 0xba, 0xb0, 0x13, 0x03, 0x10, 0x00, 0x00,
   0xc0, 0x92, 0x12, 0x51, 0x06, 0x42, 0x00, 0x00, 0x02, 0xbb, 0x0b, 0x2a, 0x33,
   0xaa, 0x00, 0x00, 0x31, 0x24, 0x9a, 0x0a, 0xa3, 0x2a, 0x00, 0x00, 0x09, 0x90,
   0x22, 0xb4, 0xb1, 0xac, 0x00, 0x00, 0x9b, 0x01, 0xa9, 0xcd, 0xa1, 0xb9, 0x00,
   0x00, 0xaa, 0x91, 0x34, 0x14, 0x10, 0x09, 0x00, 0x00, 0x20, 0x13, 0x90, 0xb0,
   0xa4, 0xb0, 0x00, 0x00, 0x1a, 0x2b, 0xa3, 0xb2, 0x29, 0x1b, 0x00, 0x00, 0x3a,
   0x2a, 0x24, 0x45, 0xa1, 0xcc, 0x00, 0x00, 0x02, 0x14, 0x23, 0xb1, 0x91, 0xb0,
   0x00, 0x00, 0x2a, 0x91, 0xb3, 0x49, 0xa1, 0x90, 0x00, 0x00, 0x2a, 0x31, 0x02,
   0xa0, 0xaa, 0x9a, 0x00, 0x00, 0x32, 0x1d, 0x19, 0x2d, 0x33, 0x9c, 0x00, 0x00,
   0xa3, 0x12, 0x20, 0xb2, 0xcb, 0xb1, 0x00, 0x00, 0x90, 0xc3, 0x13, 0x29, 0xa2,
   0xca, 0x00, 0x00, 0xb9, 0xba, 0x3a, 0xc2, 0x22, 0x1a, 0x00, 0x00, 0x93, 0x3b,
   0x1b, 0x10, 0xa1, 0xd1, 0x00, 0x00, 0x01, 0x1b, 0x1c, 0x29, 0xc9, 0x1a, 0x00,
   0x00, 0x0b, 0x0c, 0x02, 0x20, 0xc1, 0xca, 0x00, 0x00, 0x90, 0x0a, 0x91, 0x01,
   0x43, 0x02, 0x00, 0x00, 0x9a, 0x42, 0xc0, 0x0c, 0xd3, 0xa0, 0x00, 0x00, 0xc9,
   0x31, 0x99, 0x21, 0x0a, 0x24, 0x00, 0x00, 0xb1, 0x0b, 0x02, 0x94, 0xb9, 0x2b,
   0x00, 0x00, 0xa0, 0xb1, 0xcc, 0xa3, 0xcb, 0x12, 0x00, 0x00, 0x25, 0xa0, 0x32,
   0x92, 0x40, 0x21, 0x00, 0x00, 0x31, 0x40, 0x09, 0x19, 0x1a, 0xa0, 0x00, 0x00,
   0xb0, 0x11, 0x93, 0xba, 0x9a, 0x29, 0x00, 0x00, 0xa0, 0x92, 0x29, 0x90, 0x02,
   0xb1, 0x00, 0x00, 0x4a, 0x10, 0x1c, 0x06, 0x90, 0x01, 0x00, 0x00, 0x2a, 0x20,
   0x99, 0x1d, 0x4c, 0x91, 0x00, 0x00, 0x10, 0x20, 0x24, 0x34, 0x91, 0x1a, 0x00,
   0x00, 0xcb, 0x04, 0x10, 0xb4, 0x0c, 0xc1, 0x00, 0x00, 0x9b, 0x20, 0x1a, 0x41,
   0x21, 0x09, 0x00, 0x00, 0x19, 0x9e, 0xbb, 0xa9, 0x42, 0x05, 0x00, 0x00, 0x4a,
   0xa1, 0x93, 0xb1, 0x1c, 0x49, 0x00, 0x00, 0x30, 0x22, 0x3a, 0x10, 0x30, 0xb3,
   0x00, 0x00, 0x39, 0xcb, 0xb0, 0x29, 0x3a, 0xb1, 0x00, 0x00, 0x95, 0x02, 0x01,
   0x0b, 0xda, 0x0c, 0x00, 0x00, 0x5c, 0xa9, 0x44, 0x30, 0xa9, 0xd9, 0x00, 0x00,
   0x3b, 0xc4, 0x2a, 0x33, 0x91, 0x59, 0x00, 0x00, 0x0c, 0xc1, 0xa9, 0x51, 0x12,
   0x13, 0x00, 0x00, 0x30, 0x20, 0xc2, 0xa9, 0x31, 0x21, 0x00, 0x00, 0x09, 0xe9,
   0xb9, 0x60, 0x90, 0x34, 0x00, 0x00, 0x05, 0xa1, 0x00, 0xa1, 0x39, 0xd9, 0x00,
   0x00, 0xa2, 0x2b, 0xa9, 0xb0, 0x92, 0x99, 0x00, 0x00, 0x17, 0x13, 0x40, 0x21,
   0x9a, 0x0a, 0x00, 0x00, 0x09, 0xa1, 0x0a, 0x1b, 0xea, 0x2a, 0x00, 0x00, 0xc4,
   0xd9, 0xba, 0x24, 0x94, 0xa0, 0x00, 0x00, 0x02, 0x05, 0x99, 0x30, 0x42, 0x50,
   0x00, 0x00, 0x00, 0xc9, 0x20, 0x42, 0xa2, 0x1a, 0x00, 0x00, 0x06, 0xa0, 0xbc,
   0x9b, 0x42, 0x9b, 0x00, 0x00, 0x12, 0x19, 0x9c, 0x2b, 0xda, 0x90, 0x00, 0x00,
   0x1a, 0x90, 0x50, 0x09, 0x2b, 0xab, 0x00, 0x00, 0x9a, 0x40, 0xbc, 0x04, 0x25,
   0x1a, 0x00, 0x00, 0x12, 0x01, 0x79, 0xc1, 0x0d, 0x9a, 0x00, 0x00, 0x24, 0xb1,
   0x60, 0xaa, 0x11, 0x22, 0x00, 0x00, 0xa2, 0x11, 0x61, 0x64, 0x4b, 0x43, 0x00,
   0x00, 0x10, 0x01, 0x99, 0x20, 0x93, 0x29, 0x00, 0x00, 0xda, 0xaa, 0x3b, 0xda,
   0xaa, 0x21, 0x00, 0x00, 0x90, 0x94, 0x02, 0xa2, 0x19, 0x94, 0x00, 0x00, 0x46,
   0x27, 0x59, 0xb9, 0x01, 0x11, 0x00, 0x00, 0x1b, 0x00, 0x9a, 0xdc, 0x1b, 0x00,
   0x00, 0x00, 0x20, 0x52, 0x16, 0x1a, 0x93, 0x0a, 0x00, 0x00, 0x19, 0x10, 0x12,
   0x00, 0x10, 0x30, 0x00, 0x00, 0xa9, 0x3b, 0x91, 0x2b, 0x22, 0x43, 0x00, 0x00,
   0xa1, 0x0b, 0x29, 0xd1, 0x0a, 0x01, 0x00, 0x00, 0x11, 0x60, 0x0a, 0x0a, 0x90,
   0x0c, 0x00, 0x00, 0xca, 0x1b, 0xaa, 0x91, 0x39, 0x9c, 0x00, 0x00, 0x1d, 0x31,
   0x10, 0x91, 0xa9, 0xb3, 0x00, 0x00, 0x11, 0x15, 0xab, 0xcb, 0x09, 0xa2, 0x00,
   0x00, 0x09, 0xb0, 0x91, 0x00, 0xa1, 0x1b, 0x00, 0x00, 0x42, 0x25, 0x0b, 0xa4,
   0xa5, 0xa9, 0x00, 0x00, 0x21, 0x3a, 0x21, 0x4a, 0x33, 0x0c, 0x00, 0x00, 0x20,
   0x12, 0x1d, 0x46, 0xb0, 0xb1, 0x00, 0x00, 0x2b, 0x93, 0x49, 0x22, 0x11, 0x2a,
   0x00, 0x00, 0x21, 0x02, 0xe5, 0x33, 0xbb, 0x90, 0x00, 0x00, 0xaa, 0x09, 0xa3,
   0x03, 0x9a, 0xa1, 0x00, 0x00, 0x12, 0x02, 0x24, 0xc2, 0xa2, 0x2a, 0x00, 0x00,
   0x33, 0xb2, 0xf9, 0x92, 0x5c, 0x05, 0x00, 0x00, 0xa9, 0x10, 0xe4, 0x22, 0x29,
   0x91, 0x00, 0x00, 0x2c, 0x0a, 0x94, 0x90, 0x59, 0xc1, 0x00, 0x00, 0x29, 0x39,
   0x90, 0x9b, 0xbb, 0xda, 0x00, 0x00, 0xa0, 0x9c, 0x2a, 0x12, 0x10, 0x02, 0x00,
   0x00, 0xb0, 0xb9, 0x15, 0x29, 0xca, 0x32, 0x00, 0x00, 0x0b, 0x22, 0x3a, 0xd4,
   0x6b, 0xcc, 0x00, 0x00, 0x03, 0x31, 0x3a, 0x34, 0x23, 0x23, 0x00, 0x00, 0xaa,
   0x01, 0xbc, 0xa6, 0x99, 0x9c, 0x00, 0x00, 0xc9, 0x92, 0xd9, 0x39, 0x22, 0x01,
   0x00, 0x00, 0x34, 0x04, 0xb0, 0xa0, 0x1b, 0x20, 0x00, 0x00, 0x01, 0x00, 0xeb,
   0x19, 0x93, 0x09, 0x00, 0x00, 0xc5, 0x93, 0x24, 0x29, 0xaa, 0x21, 0x00, 0x00,
   0x19, 0x07, 0xba, 0x00, 0x04, 0xba, 0x00, 0x00, 0xbb, 0x90, 0x99, 0xb3, 0xb4,
   0x91, 0x00, 0x00, 0x4a, 0x10, 0x10, 0x39, 0x13, 0xa3, 0x00, 0x00, 0x10, 0x03,
   0x31, 0x31, 0x50, 0x24, 0x00, 0x00, 0x19, 0x03, 0x11, 0x0a, 0x3c, 0x00, 0x00,
   0x00, 0xb9, 0xd1, 0xbc, 0xca, 0xca, 0xab, 0x00, 0x00, 0x50, 0x2b, 0xa4, 0x3a,
   0x50, 0x31, 0x00, 0x00, 0x10, 0xaa, 0x32, 0x90, 0xa5, 0x32, 0x00, 0x00, 0x93,
   0x53, 0xaa, 0x5a, 0x0c, 0x34, 0x00, 0x00, 0xb3, 0xc1, 0x0a, 0xc3, 0x4a, 0xbb,
   0x00, 0x00, 0x21, 0x14, 0x11, 0x60, 0x99, 0x04, 0x00, 0x00, 0x12, 0x9b, 0x2a,
   0x3b, 0x59, 0xa3, 0x00, 0x00, 0x19, 0x4b, 0xbd, 0x95, 0xa3, 0x49, 0x00, 0x00,
   0x4a, 0xc9, 0x49, 0x30, 0xc2, 0x22, 0x00, 0x00, 0x91, 0x12, 0xb9, 0xa1, 0x09,
   0x09, 0x00, 0x00, 0x02, 0xaf, 0xa0, 0x33, 0x23, 0x90, 0x00, 0x00, 0x99, 0x11,
   0x02, 0x0d, 0x32, 0xcb, 0x00, 0x00, 0x33, 0x94, 0x20, 0x4b, 0x5a, 0x3a, 0x00,
   0x00, 0x24, 0x43, 0x24, 0x79, 0x2b, 0xd1, 0x00, 0x00, 0x74, 0xc4, 0x14, 0x0b,
   0xaa, 0x24, 0x00, 0x00, 0x02, 0xaa, 0xaa, 0x29, 0x10, 0x01, 0x00, 0x00, 0x13,
   0xb9, 0x09, 0x01, 0xb0, 0x21, 0x00, 0x00, 0x00, 0x91, 0x4b, 0x09, 0x01, 0x23,
   0x00, 0x00, 0x91, 0x9a, 0x94, 0x2a, 0xa4, 0x99, 0x00, 0x00, 0x09, 0x01, 0x1a,
   0x12, 0x01, 0x22, 0x00, 0x00, 0x19, 0x25, 0xb0, 0xda, 0xb0, 0x9a, 0x00, 0x00,
   0x9a, 0x12, 0xb0, 0x20, 0x33, 0xc1, 0x00, 0x00, 0x0c, 0x09, 0xca, 0x22, 0xa1,
   0x90, 0x00, 0x00, 0x34, 0x0d, 0x00, 0x22, 0x31, 0x20, 0x00, 0x00, 0xac, 0x00,
   0xa2, 0x20, 0xa2, 0x3c, 0x00, 0x00, 0x19, 0x0c, 0x01, 0x90, 0x1a, 0xa2, 0x00,
   0x00, 0xa1, 0x10, 0x39, 0x22, 0x09, 0x09, 0x00, 0x00, 0x91, 0xbb, 0xba, 0x40,
   0xa2, 0x2a, 0x00, 0x00, 0x23, 0x99, 0xb9, 0x13, 0x30, 0x03, 0x00, 0x00, 0x2c,
   0x31, 0x92, 0x4b, 0x33, 0x39, 0x00, 0x00, 0x1a, 0x10, 0xd2, 0x24, 0x0a, 0x20,
   0x00, 0x00, 0x19, 0x42, 0xa6, 0x91, 0xa0, 0x49, 0x00, 0x00, 0x29, 0x11, 0xc1,
   0xa1, 0x99, 0xcc, 0x00, 0x00, 0x01, 0x94, 0xac, 0x1c, 0x9b, 0xd1, 0x00, 0x00,
   0x99, 0x61, 0x3a, 0x49, 0x10, 0x1b, 0x00, 0x00, 0x99, 0x90, 0x91, 0xb0, 0xc3,
   0x9b, 0x00, 0x00, 0x21, 0x91, 0x49, 0xd3, 0xab, 0x92, 0x00, 0x00, 0x22, 0x04,
   0x99, 0x36, 0x10, 0x31, 0x00, 0x00, 0x0a, 0xb1, 0xaa, 0xc9, 0x04, 0x91, 0x00,
   0x00, 0x02, 0x01, 0x10, 0x31, 0x19, 0xb1, 0x00, 0x00, 0x9c, 0xb1, 0xba, 0x91,
   0x13, 0x02, 0x00, 0x00, 0x3c, 0xc3, 0xc2, 0x20, 0x9b, 0x09, 0x00, 0x00, 0xb3,
   0xa1, 0xb9, 0x93, 0x01, 0x21, 0x00, 0x00, 0x94, 0xa4, 0x9c, 0x21, 0x30, 0x32,
   0x00, 0x00, 0x14, 0x23, 0x20, 0x9b, 0xd1, 0xa2, 0x00, 0x00, 0x44, 0xac, 0x09,
   0x10, 0x1b, 0xcd, 0x00, 0x00, 0x0a, 0x01, 0x09, 0x01, 0x0a, 0x92, 0x00, 0x00,
   0x01, 0x09, 0x9a, 0x1b, 0xa1, 0x90, 0x00, 0x00, 0x92, 0x03, 0x30, 0x0b, 0xb2,
   0x13, 0x00, 0x00, 0x94, 0x91, 0xc0, 0x92, 0x00, 0x31, 0x00, 0x00, 0x10, 0x10,
   0x40, 0x10, 0xa2, 0x06, 0x00, 0x00, 0x33, 0x00, 0x2a, 0x30, 0x9c, 0x30, 0x00,
   0x00, 0x40, 0x49, 0xaa, 0xdb, 0x29, 0x02, 0x00, 0x00, 0x92, 0x1c, 0x3c, 0x32,
   0x09, 0xb9, 0x00, 0x00, 0x20, 0xc5, 0x3a, 0x40, 0xc1, 0xb2, 0x00, 0x00, 0x51,
   0x31, 0xa2, 0x30, 0x20, 0x59, 0x00, 0x00, 0xb1, 0xb9, 0x09, 0x01, 0x90, 0x90,
   0x00, 0x00, 0x0b, 0x1d, 0x10, 0x09, 0xba, 0x30, 0x00, 0x00, 0x3d, 0x9c, 0x01,
   0x03, 0xb0, 0x1b, 0x00, 0x00, 0x2c, 0x1a, 0x23, 0xbb, 0x24, 0x1b, 0x00, 0x00,
   0x22, 0xa2, 0x21, 0x30, 0x55, 0x20, 0x00, 0x00, 0x6a, 0xb3, 0x41, 0x02, 0x0c,
   0x09, 0x00, 0x00, 0x34, 0xa0, 0xc9, 0xd2, 0x42, 0x37, 0x00, 0x00, 0x4a, 0x11,
   0xb3, 0xc1, 0x52, 0x00, 0x00, 0x00, 0x0d, 0x92, 0x23, 0x00, 0xa9, 0xa4, 0x00,
   0x00, 0x3a, 0x0a, 0x2a, 0x4b, 0x19, 0x2b, 0x00, 0x00, 0x13, 0x09, 0x14, 0x00,
   0x92, 0xa1, 0x00, 0x00, 0x2a, 0x09, 0x22, 0xec, 0x54, 0x2a, 0x00, 0x00, 0xb4,
   0x42, 0x95, 0x90, 0x95, 0x30, 0x00, 0x00, 0xb1, 0xb6, 0xab, 0x12, 0x94, 0xa1,
   0x00, 0x00, 0x3b, 0xa0, 0x11, 0x24, 0x23, 0x29, 0x00, 0x00, 0x22, 0x99, 0xbb,
   0x1a, 0x12, 0x34, 0x00, 0x00, 0x0a, 0x11, 0x49, 0x92, 0x9b, 0x02, 0x00, 0x00,
   0xa2, 0xa3, 0x19, 0x3b, 0xb0, 0x41, 0x00, 0x00, 0x19, 0x23, 0x01, 0x10, 0x92,
   0x34, 0x00, 0x00, 0x91, 0xc2, 0xc3, 0x1a, 0x90, 0x11, 0x00, 0x00, 0x02, 0x09,
   0xba, 0xa1, 0x3b, 0x30, 0x00, 0x00, 0xaa, 0x22, 0x23, 0xab, 0x92, 0x13, 0x00,
   0x00, 0x59, 0x11, 0xba, 0x12, 0xb9, 0x3a, 0x00, 0x00, 0x3b, 0xa0, 0x23, 0x3a,
   0x1a, 0x01, 0x00, 0x00, 0x2c, 0x0a, 0x99, 0x13, 0x19, 0x9a, 0x00, 0x00, 0xb9,
   0x1d, 0xa9, 0x4d, 0xaa, 0x02, 0x00, 0x00, 0x1c, 0x00, 0x24, 0x22, 0x01, 0xa2,
   0x00, 0x00, 0x09, 0x0c, 0xd1, 0x52, 0x10, 0x09, 0x00, 0x00, 0x3a, 0x30, 0x9c,
   0x00, 0x3b, 0xc2, 0x00, 0x00, 0x32, 0xaa, 0x32, 0x40, 0x3a, 0x02, 0x00, 0x00,
   0x3a, 0x93, 0x3c, 0x25, 0x14, 0xd1, 0x00, 0x00, 0x92, 0xb5, 0x11, 0x20, 0xaa,
   0x91, 0x00, 0x00, 0x09, 0x01, 0x29, 0x0d, 0x22, 0x24, 0x00, 0x00, 0x20, 0xc1,
   0xca, 0x92, 0x13, 0xa1, 0x00, 0x00, 0xa9, 0xd9, 0x1c, 0xab, 0x1b, 0x92, 0x00,
   0x00, 0x21, 0x00, 0xb1, 0x5a, 0x12, 0xb9, 0x00, 0x00, 0x32, 0x09, 0x20, 0x9a,
   0x0a, 0x29, 0x00, 0x00, 0xa9, 0x32, 0x9c, 0xa0, 0x09, 0xc6, 0x00, 0x00, 0x29,
   0xa0, 0xb0, 0xa0, 0xa0, 0x2c, 0x00, 0x00, 0x95, 0x1a, 0x02, 0xc0, 0x15, 0xd3,
   0x00, 0x00, 0xb9, 0x91, 0x32, 0x19, 0xa9, 0x90, 0x00, 0x00, 0x0a, 0x91, 0x2a,
   0x0c, 0x21, 0x23, 0x00, 0x00, 0xb9, 0x0a, 0x9a, 0x19, 0x19, 0x19, 0x00, 0x00,
   0xb0, 0xa2, 0xb9, 0xd3, 0x9c, 0x5b, 0x00, 0x00, 0x9b, 0xca, 0x4c, 0x1b, 0x1a,
   0x59, 0x00, 0x00, 0x00, 0x19, 0x0b, 0xa4, 0x3b, 0x21, 0x00, 0x00, 0x2a, 0xa9,
   0xad, 0x2a, 0xcb, 0x09, 0x00, 0x00, 0x3a, 0x39, 0x39, 0xc3, 0x1a, 0x4b, 0x00,
   0x00, 0x3a, 0x03, 0x90, 0x52, 0x4a, 0x23, 0x00, 0x00, 0x22, 0x1b, 0x0b, 0x4b,
   0x29, 0xa9, 0x00, 0x00, 0x2d, 0x0d, 0x2a, 0x10, 0x22, 0x10, 0x00, 0x00, 0x02,
   0x9b, 0x91, 0x49, 0x0a, 0x31, 0x00, 0x00, 0x94, 0x00, 0x00, 0xaa, 0x94, 0x0a,
   0x00, 0x00, 0xcb, 0x39, 0x42, 0xa5, 0x30, 0x40, 0x00, 0x00, 0xc9, 0x21, 0x00,
   0x3a, 0x11, 0x31, 0x00, 0x00, 0x9d, 0x00, 0x9d, 0x13, 0x4b, 0x0e, 0x00, 0x00,
   0xa3, 0x11, 0x91, 0x13, 0x99, 0x14, 0x00, 0x00, 0x10, 0x2b, 0x29, 0x29, 0xa3,
   0x29, 0x00, 0x00, 0x14, 0xaa, 0x14, 0x9b, 0xa2, 0x22, 0x00, 0x00, 0x13, 0x39,
   0x42, 0x09, 0x10, 0x2b, 0x00, 0x00, 0xb1, 0x19, 0x05, 0x00, 0x92, 0x29, 0x00,
   0x00, 0x2c, 0xa9, 0x2a, 0x29, 0x11, 0x39, 0x00, 0x00, 0x9c, 0x99, 0x91, 0xe1,
   0x90, 0x1a, 0x00, 0x00, 0x21, 0x01, 0x13, 0xa1, 0x10, 0x9e, 0x00, 0x00, 0x20,
   0x0a, 0x22, 0x23, 0x10, 0x19, 0x00, 0x00, 0xb0, 0xa1, 0x3a, 0x10, 0x29, 0x3c,
   0x00, 0x00, 0x3a, 0xbc, 0x2b, 0x90, 0x95, 0x19, 0x00, 0x00, 0x13, 0x94, 0x22,
   0xa2, 0x29, 0xa1, 0x00, 0x00, 0x11, 0x3b, 0x92, 0x09, 0xa1, 0xcb, 0x00, 0x00,
   0x49, 0xd3, 0x02, 0x22, 0x91, 0xb3, 0x00, 0x00, 0x00, 0xc1, 0x1b, 0x00, 0x96,
   0x11, 0x00, 0x00, 0x39, 0x00, 0x6a, 0x95, 0x2b, 0xd1, 0x00, 0x00, 0x93, 0x0b,
   0x0b, 0xcc, 0x91, 0x41, 0x00, 0x00, 0x22, 0x92, 0xb5, 0x19, 0x20, 0x90, 0x00,
   0x00, 0xa3, 0x0a, 0xd0, 0x0a, 0x10, 0x4a, 0x00, 0x00, 0x90, 0xb2, 0x0a, 0x00,
   0xb3, 0x19, 0x00, 0x00, 0xa0, 0x51, 0x2b, 0x12, 0xb1, 0x59, 0x00, 0x00, 0xa1,
   0xa2, 0x69, 0x91, 0x20, 0xda, 0x00, 0x00, 0x23, 0x15, 0x13, 0x9a, 0xa2, 0x02,
   0x00, 0x00, 0x2b, 0x5b, 0x9a, 0xa9, 0x9a, 0xbb, 0x00, 0x00, 0x22, 0x27, 0x43,
   0x90, 0x13, 0x49, 0x00, 0x00, 0x40, 0x1b, 0xac, 0xc0, 0x99, 0x22, 0x00, 0x00,
   0x99, 0x09, 0x13, 0xa9, 0x29, 0x24, 0x00, 0x00, 0x31, 0x9b, 0x21, 0x29, 0xb0,
   0x31, 0x00, 0x00, 0x10, 0x0a, 0x02, 0xa2, 0x3a, 0x19, 0x00, 0x00, 0x09, 0x0a,
   0x0a, 0x10, 0x19, 0x51, 0x00, 0x00, 0x19, 0x10, 0x53, 0x40, 0x25, 0x41, 0x00,
   0x00, 0x99, 0x21, 0xa2, 0x20, 0x93, 0x40, 0x00, 0x00, 0x9a, 0x91, 0x45, 0x70,
   0x99, 0x21, 0x00, 0x00, 0x99, 0x29, 0x1a, 0x1b, 0xc2, 0x4c, 0x00, 0x00, 0x14,
   0x91, 0x21, 0x20, 0xb1, 0x40, 0x00, 0x00, 0x69, 0xa1, 0x03, 0xc1, 0xd3, 0xc0,
   0x00, 0x00, 0x91, 0xc1, 0x04, 0xac, 0xa3, 0x22, 0x00, 0x00, 0xa2, 0x93, 0x91,
   0xbb, 0x13, 0xac, 0x00, 0x00, 0xba, 0xca, 0xa2, 0xb9, 0xc3, 0x92, 0x00, 0x00,
   0x46, 0xbb, 0x29, 0xda, 0xb2, 0xcb, 0x00, 0x00, 0xc9, 0xc2, 0x4a, 0x31, 0xa9,
   0xb0, 0x00, 0x00, 0x21, 0x13, 0xb0, 0x52, 0x90, 0xb2, 0x00, 0x00, 0x0c, 0x1d,
   0x0a, 0x9c, 0x1b, 0x0a, 0x00, 0x00, 0x21, 0x00, 0x10, 0x14, 0x2a, 0xc2, 0x00,
   0x00, 0xa1, 0xb0, 0xb9, 0xa1, 0x32, 0xa1, 0x00, 0x00, 0xc2, 0x4a, 0x49, 0x31,
   0x91, 0x15, 0x00, 0x00, 0xba, 0x14, 0x13, 0x03, 0x03, 0x13, 0x00, 0x00, 0x3b,
   0x14, 0x31, 0x31, 0x05, 0x91, 0x00, 0x00, 0xa3, 0xb2, 0x22, 0x13, 0x22, 0x09,
   0x00, 0x00, 0x21, 0x20, 0xb9, 0x25, 0xc1, 0x9c, 0x00, 0x00, 0xa9, 0xa1, 0x31,
   0x10, 0xb3, 0x2a, 0x00, 0x00, 0x00, 0x0b, 0xf0, 0xb1, 0xfb, 0xbb, 0x00, 0x00,
   0x9a, 0x12, 0x3a, 0x00, 0xca, 0x4b, 0x00, 0x00, 0x49, 0xbc, 0x31, 0xa1, 0x29,
   0xc9, 0x00, 0x00, 0x22, 0x14, 0x20, 0xaa, 0x9b, 0x09, 0x00, 0x00, 0x23, 0x2b,
   0x02, 0x10, 0x11, 0x03, 0x00, 0x00, 0x19, 0x02, 0xb9, 0x0c, 0x4a, 0x06, 0x00,
   0x00, 0x92, 0x19, 0x0a, 0xb2, 0x53, 0x11, 0x00, 0x00, 0xca, 0x12, 0x02, 0xb1,
   0x21, 0xba, 0x00, 0x00, 0x02, 0x32, 0xc5, 0xeb, 0x00, 0x3a, 0x00, 0x00, 0x91,
   0x9a, 0x0e, 0x04, 0xc0, 0x0b, 0x00, 0x00, 0x90, 0x5a, 0x12, 0xf3, 0x31, 0x25,
   0x00, 0x00, 0xaa, 0x90, 0xcd, 0x01, 0x93, 0x10, 0x00, 0x00, 0x94, 0x1c, 0xb9,
   0x04, 0x13, 0x31, 0x00, 0x00, 0x29, 0x03, 0xb0, 0x01, 0x01, 0x9e, 0x00, 0x00,
   0x01, 0x32, 0x42, 0x32, 0x91, 0xa0, 0x00, 0x00, 0x2a, 0x4b, 0x21, 0x15, 0x90,
   0xb9, 0x00, 0x00, 0x91, 0x12, 0x23, 0x49, 0xba, 0xbc, 0x00, 0x00, 0xaa, 0x50,
   0x93, 0xd3, 0x43, 0x39, 0x00, 0x00, 0x01, 0x92, 0x22, 0xa9, 0x12, 0x93, 0x00,
   0x00, 0xab, 0xc1, 0x20, 0x03, 0x62, 0x21, 0x00, 0x00, 0x90, 0x34, 0x99, 0xc9,
   0x9a, 0xaa, 0x00, 0x00, 0x9a, 0x39, 0xb0, 0x90, 0x11, 0xd0, 0x00, 0x00, 0x42,
   0x10, 0x50, 0x02, 0x11, 0x34, 0x00, 0x00, 0x21, 0x90, 0xa1, 0x03, 0xb9, 0xa2,
   0x00, 0x00, 0x01, 0x40, 0xae, 0x90, 0x92, 0x19, 0x00, 0x00, 0x12, 0xba, 0x31,
   0x0a, 0x91, 0x20, 0x00, 0x00, 0xa9, 0x03, 0x9a, 0x2a, 0x43, 0x94, 0x00, 0x00,
   0xab, 0x2a, 0x92, 0x55, 0x3a, 0x49, 0x00, 0x00, 0x79, 0x11, 0xaa, 0xa9, 0x3b,
   0x17, 0x00, 0x00, 0x44, 0x91, 0xd3, 0x2a, 0x3a, 0xd3, 0x00, 0x00, 0xea, 0x02,
   0x31, 0x9a, 0x29, 0xba, 0x00, 0x00, 0x9d, 0x01, 0xc1, 0x0b, 0x00, 0xad, 0x00,
   0x00, 0x23, 0x03, 0x93, 0x0a, 0x09, 0x90, 0x00, 0x00, 0x43, 0x99, 0x1a, 0x4a,
   0xb9, 0x02, 0x00, 0x00, 0xca, 0xd3, 0xd2, 0xab, 0xdb, 0x21, 0x00, 0x00, 0x39,
   0x1a, 0x24, 0x23, 0x29, 0xb9, 0x00, 0x00, 0xb9, 0x40, 0x9b, 0x1a, 0x91, 0xdc,
   0x00, 0x00, 0x11, 0x34, 0x0b, 0xac, 0xc0, 0xa1, 0x00, 0x00, 0x9a, 0x01, 0xa2,
   0x19, 0x93, 0x19, 0x00, 0x00, 0xa2, 0x19, 0x91, 0x1c, 0xa9, 0x29, 0x00, 0x00,
   0xdd, 0xab, 0x11, 0x02, 0xba, 0x19, 0x00, 0x00, 0x42, 0x40, 0xd4, 0x9a, 0x23,
   0x32, 0x00, 0x00, 0x59, 0x12, 0xca, 0x1b, 0x09, 0xb3, 0x00, 0x00, 0x91, 0xad,
   0xab, 0xcb, 0x1e, 0x3b, 0x00, 0x00, 0x10, 0x03, 0x9a, 0x01, 0x39, 0x11, 0x00,
   0x00, 0xcc, 0x20, 0x3b, 0x49, 0x2b, 0x1c, 0x00, 0x00, 0x33, 0x33, 0x2b, 0x23,
   0x92, 0x0c, 0x00, 0x00, 0xb0, 0x3c, 0x41, 0x91, 0x2b, 0xa3, 0x00, 0x00, 0x52,
   0x1c, 0x04, 0x3a, 0x13, 0xaa, 0x00, 0x00, 0xa2, 0x53, 0x02, 0x50, 0x33, 0x01,
   0x00, 0x00, 0x10, 0x91, 0xaa, 0x30, 0xb3, 0xb9, 0x00, 0x00, 0x36, 0x96, 0x05,
   0x63, 0xb2, 0x1a, 0x00, 0x00, 0xa4, 0x14, 0xb2, 0x93, 0xc1, 0x9b, 0x00, 0x00,
   0x71, 0x35, 0x02, 0xa9, 0xca, 0x10, 0x00, 0x00, 0x33, 0x11, 0x21, 0xa0, 0xb9,
   0x9d, 0x00, 0x00, 0x44, 0x42, 0x42, 0xba, 0x02, 0x11, 0x00, 0x00, 0xd2, 0x91,
   0x1c, 0x12, 0xca, 0x99, 0x00, 0x00, 0x25, 0x00, 0x0a, 0x99, 0xca, 0x11, 0x00,
   0x00, 0xa5, 0x02, 0x1c, 0xb2, 0x09, 0x90, 0x00, 0x00, 0xc2, 0x1a, 0xa2, 0x12,
   0x2b, 0x4a, 0x00, 0x00, 0x21, 0x10, 0x90, 0x90, 0x13, 0x31, 0x00, 0x00, 0xab,
   0x20, 0xcc, 0x01, 0x30, 0x2d, 0x00, 0x00, 0xa0, 0x9b, 0x12, 0x40, 0x41, 0x00,
   0x00, 0x00, 0x1b, 0x54, 0x15, 0x42, 0x21, 0x14, 0x00, 0x00, 0x39, 0xb0, 0x09,
   0x0b, 0x23, 0x19, 0x00, 0x00, 0x3b, 0x91, 0x9a, 0xa3, 0x91, 0x2c, 0x00, 0x00,
   0xb9, 0x2c, 0x22, 0x19, 0xa1, 0x91, 0x00, 0x00, 0x42, 0x52, 0xc1, 0x1a, 0xb2,
   0x2e, 0x00, 0x00, 0xaa, 0x19, 0xab, 0x00, 0x99, 0x32, 0x00, 0x00, 0xac, 0xa2,
   0x0c, 0x01, 0x91, 0x92, 0x00, 0x00, 0x11, 0x01, 0xbb, 0x33, 0x02, 0xb3, 0x00,
   0x00, 0x4a, 0x4a, 0x2a, 0x31, 0x9a, 0xbb, 0x00, 0x00, 0x12, 0x5a, 0x33, 0x90,
   0x90, 0xb2, 0x00, 0x00, 0xaa, 0x1d, 0xa1, 0x09, 0x03, 0x90, 0x00, 0x00, 0xc6,
   0x22, 0xa3, 0x1a, 0xa1, 0x2a, 0x00, 0x00, 0xbc, 0xa0, 0xa9, 0xdd, 0x02, 0x10,
   0x00, 0x00, 0xb1, 0x2a, 0x90, 0x1a, 0x19, 0x42, 0x00, 0x00, 0x39, 0x52, 0x12,
   0x91, 0x50, 0x43, 0x00, 0x00, 0x22, 0x02, 0xa1, 0x32, 0xc0, 0x00, 0x00, 0x00,
   0xb0, 0x2a, 0xbb, 0x2b, 0x0c, 0xb0, 0x00, 0x00, 0xab, 0x01, 0x9a, 0x91, 0x9a,
   0xca, 0x00, 0x00, 0x21, 0xa2, 0xd0, 0xb4, 0x9c, 0x03, 0x00, 0x00, 0x41, 0xc1,
   0x94, 0xa9, 0x01, 0xa3, 0x00, 0x00, 0x40, 0xe0, 0x94, 0xb2, 0x4a, 0x33, 0x00,
   0x00, 0x1a, 0x10, 0x30, 0x2b, 0xab, 0x32, 0x00, 0x00, 0x21, 0x00, 0x35, 0xaa,
   0x29, 0x3a, 0x00, 0x00, 0x21, 0xad, 0x00, 0x31, 0x23, 0xc0, 0x00, 0x00, 0x0b,
   0xba, 0x1c, 0x10, 0x01, 0x29, 0x00, 0x00, 0x9a, 0x31, 0xa1, 0xc7, 0x13, 0x1b,
   0x00, 0x00, 0xc2, 0x3a, 0x33, 0x09, 0x3c, 0x32, 0x00, 0x00, 0x9a, 0x3d, 0x12,
   0xb9, 0x4a, 0x1b, 0x00, 0x00, 0x93, 0x7a, 0x51, 0x00, 0x11, 0x00, 0x00, 0x00,
   0x16, 0x02, 0xb9, 0xb3, 0xba, 0x20, 0x00, 0x00, 0x00, 0x92, 0x03, 0x2a, 0x33,
   0xa0, 0x00, 0x00, 0xa4, 0x0a, 0x29, 0x92, 0x00, 0x9a, 0x00, 0x00, 0xab, 0x02,
   0x9a, 0xb1, 0x21, 0x35, 0x00, 0x00, 0xa4, 0xc2, 0x31, 0x90, 0x21, 0x59, 0x00,
   0x00, 0x92, 0x4b, 0xbb, 0x22, 0x0b, 0x09, 0x00, 0x00, 0x95, 0xa1, 0x29, 0x1c,
   0x20, 0xa9, 0x00, 0x00, 0x09, 0xb0, 0x90, 0xa9, 0x03, 0xc9, 0x00, 0x00, 0x00,
   0x1b, 0x2a, 0x13, 0xd3, 0x04, 0x00, 0x00, 0x3b, 0xa9, 0xa2, 0x02, 0x92, 0xa0,
   0x00, 0x00, 0x01, 0x12, 0x1d, 0x02, 0xba, 0x13, 0x00, 0x00, 0x31, 0x3a, 0x05,
   0x24, 0xa7, 0x12, 0x00, 0x00, 0x04, 0x04, 0x03, 0x01, 0x00, 0x00, 0x80, 0x00,
   0x90, 0xff, 0x0f, 0x00, 0x0e, 0x02, 0x00, 0x00, 0x4f, 0xff, 0x0f, 0x00, 0x53,
   0x02, 0x00, 0x00, 0xcb, 0xff, 0x0f, 0x00, 0x6d, 0x02, 0x00, 0x00, 0x68, 0x00,
   0x00, 0x00, 0xf8, 0x01, 0x00, 0x00, 0x47, 0x00, 0x00, 0x00, 0x53, 0x01, 0x00,
   0x00, 0x7d, 0x00, 0x00, 0x00, 0x26, 0x02, 0x00, 0x00, 0x40, 0xff, 0x0f, 0x00,
   0x06, 0x02, 0x00, 0x00, 0xc9, 0xff, 0x0f, 0x00, 0x22, 0x02, 0x00, 0x00, 0x04,
   0x00, 0x00, 0x00, 0x8d, 0x01, 0x00, 0x00, 0x70, 0xff, 0x0f, 0x00, 0x70, 0x01,
   0x00, 0x00, 0x25, 0xff, 0x0f, 0x00, 0x10, 0x02, 0x00, 0x00, 0x92, 0x00, 0x00,
   0x00, 0x37, 0x02, 0x00, 0x00, 0xf6, 0xff, 0x0f, 0x00, 0xb9, 0x02, 0x00, 0x00,
   0xde, 0xff, 0x0f, 0x00, 0x4e, 0x02, 0x00, 0x00, 0x2f, 0xff, 0x0f, 0x00, 0x5c,
   0x02, 0x00, 0x00, 0x25, 0xff, 0x0f, 0x00, 0x29, 0x02, 0x00, 0x00, 0xbd, 0xff,
   0x0f, 0x00, 0xa4, 0x01, 0x00, 0x00, 0x91, 0x00, 0x00, 0x00, 0x1f, 0x02, 0x00,
   0x00, 0xba, 0xff, 0x0f, 0x00, 0xc3, 0x01, 0x00, 0x00, 0x06, 0x00, 0x00, 0x00,
   0xb4, 0x01, 0x00, 0x00, 0xe4, 0xff, 0x0f, 0x00, 0x41, 0x01, 0x00, 0x00, 0x4c,
   0x00, 0x00, 0x00, 0x76, 0x01, 0x00, 0x00, 0xd9, 0xfe, 0x0f, 0x00, 0x10, 0x02,
   0x00, 0x00, 0x24, 0xff, 0x0f, 0x00, 0x86, 0x01, 0x00, 0x00, 0xae, 0xff, 0x0f,
   0x00, 0xb7, 0x01, 0x00, 0x00, 0xe4, 0xff, 0x0f, 0x00, 0x86, 0x01, 0x00, 0x00,
   0xfb, 0xff, 0x0f, 0x00, 0xde, 0x01, 0x00, 0x00, 0xf4, 0xfe, 0x0f, 0x00, 0xf8,
   0x01, 0x00, 0x00, 0x21, 0x00, 0x00, 0x00, 0xaf, 0x01, 0x00, 0x00, 0x77, 0xff,
   0x0f, 0x00, 0xe5, 0x01, 0x00, 0x00, 0xa4, 0xff, 0x0f, 0x00, 0xf4, 0x01, 0x00,
   0x00, 0xe7, 0xff, 0x0f, 0x00, 0xd0, 0x01, 0x00, 0x00, 0x3f, 0xff, 0x0f, 0x00,
   0x51, 0x02, 0x00, 0x00, 0x2e, 0xff, 0x0f, 0x00, 0xb2, 0x01, 0x00, 0x00, 0x36,
   0x00, 0x00, 0x00, 0x30, 0x02, 0x00, 0x00, 0x7e, 0x00, 0x00, 0x00, 0x41, 0x02,
   0x00, 0x00, 0xff, 0xfe, 0x0f, 0x00, 0xde, 0x01, 0x00, 0x00, 0xa4, 0x00, 0x00,
   0x00, 0x70, 0x02, 0x00, 0x00, 0xe5, 0xff, 0x0f, 0x00, 0xa9, 0x01, 0x00, 0x00,
   0xd2, 0xff, 0x0f, 0x00, 0x41, 0x02, 0x00, 0x00, 0xfc, 0xff, 0x0f, 0x00, 0xf8,
   0x01, 0x00, 0x00, 0x41, 0xff, 0x0f, 0x00, 0xa9, 0x01, 0x00, 0x00, 0x90, 0xff,
   0x0f, 0x00, 0x04, 0x02, 0x00, 0x00, 0x5a, 0xff, 0x0f, 0x00, 0x32, 0x02, 0x00,
   0x00, 0xdf, 0x00, 0x00, 0x00, 0xe0, 0x02, 0x00, 0x00, 0x2b, 0x00, 0x00, 0x00,
   0x51, 0x02, 0x00, 0x00, 0x71, 0x00, 0x00, 0x00, 0x2b, 0x02, 0x00, 0x00, 0x53,
   0xff, 0x0f, 0x00, 0xec, 0x01, 0x00, 0x00, 0x25, 0xff, 0x0f, 0x00, 0x29, 0x02,
   0x00, 0x00, 0x1d, 0x00, 0x00, 0x00, 0x92, 0x01, 0x00, 0x00, 0x20, 0xff, 0x0f,
   0x00, 0x02, 0x02, 0x00, 0x00, 0x12, 0x00, 0x00, 0x00, 0xc7, 0x01, 0x00, 0x00,
   0x5d, 0xff, 0x0f, 0x00, 0x99, 0x02, 0x00, 0x00, 0x94, 0xfe, 0x0f, 0x00, 0x02,
   0x02, 0x00, 0x00, 0x60, 0x00, 0x00, 0x00, 0x3f, 0x01, 0x00, 0x00, 0xc6, 0xff,
   0x0f, 0x00, 0x32, 0x02, 0x00, 0x00, 0xd7, 0xfe, 0x0f, 0x00, 0xe5, 0x01, 0x00,
   0x00, 0xc4, 0xff, 0x0f, 0x00, 0x08, 0x02, 0x00, 0x00, 0xcf, 0xff, 0x0f, 0x00,
   0xda, 0x01, 0x00, 0x00, 0x07, 0x00, 0x00, 0x00, 0xde, 0x01, 0x00, 0x00, 0xe4,
   0xfe, 0x0f, 0x00, 0xf0, 0x01, 0x00, 0x00, 0xca, 0xfe, 0x0f, 0x00, 0xcd, 0x01,
   0x00, 0x00, 0x4e, 0xff, 0x0f, 0x00, 0xc3, 0x01, 0x00, 0x00, 0x68, 0xff, 0x0f,
   0x00, 0x08, 0x02, 0x00, 0x00, 0x42, 0x8e, 0xff, 0xff, 0x04, 0x00, 0x00, 0x00,
   0x01, 0x00, 0x00, 0x00, 0x04, 0x00, 0x00, 0x00, 0x52, 0x8e, 0xff, 0xff, 0x04,
   0x00, 0x00, 0x00, 0x98, 0x0c, 0x00, 0x00, 0x08, 0x02, 0x03, 0x01, 0x00, 0x00,
   0x32, 0x00, 0x00, 0x00, 0x00, 0x00, 0x60, 0x00, 0x00, 0x00, 0x00, 0x00, 0x00,
   0x00, 0x0a, 0xa0, 0x01, 0x03, 0x40, 0x02, 0x00, 0x80, 0x00, 0x00, 0x00, 0x00,
   0x00, 0x00, 0x04, 0x04, 0x00, 0x00, 0x00, 0x00, 0x0c, 0x00, 0x0c, 0x00, 0x00,
   0x00, 0x00, 0x00, 0x0c, 0x00, 0x0c, 0x00, 0x0c, 0x80, 0x01, 0x00, 0x00, 0x00,
   0x00, 0x52, 0x10, 0x00, 0x00, 0x00, 0x00, 0x00, 0x00, 0x00, 0x00, 0x00, 0x00,
   0x00, 0x00, 0x00, 0x00, 0x00, 0x00, 0x00, 0x00, 0x00, 0x00, 0x00, 0x00, 0x00,
   0x00, 0x00, 0x00, 0x00, 0x00, 0x01, 0x00, 0x30, 0x30, 0x00, 0x00, 0x00, 0x00,
   0x00, 0x00, 0x00, 0x00, 0x00, 0x00, 0x00, 0x00, 0x00, 0x00, 0x00, 0x06, 0x00,
   0x06, 0x00, 0x00, 0x00, 0x30, 0x00, 0x11, 0x00, 0x00, 0x00, 0x30, 0x00, 0x06,
   0x00, 0x00, 0x00, 0x06, 0x00, 0x00, 0x00, 0x00, 0x00, 0x00, 0x00, 0x00, 0x00,
   0x00, 0x00, 0x00, 0x00, 0x00, 0x00, 0x00, 0x00, 0x00, 0x00, 0x00, 0x00, 0x00,
   0x00, 0x00, 0x00, 0x00, 0x00, 0x00, 0x00, 0x00, 0x00, 0x00, 0xff, 0x00, 0x00,
   0x00, 0x00, 0x00, 0x00, 0x00, 0x00, 0x00, 0x00, 0x00, 0x00, 0x00, 0x00, 0x00,
   0x00, 0x00, 0x00, 0x00, 0x00, 0x00, 0x00, 0x00, 0x00, 0x00, 0x00, 0x08, 0xff,
   0x01, 0x01, 0x00, 0x04, 0x01, 0x01, 0x00, 0x00, 0x01, 0x01, 0x00, 0x00, 0x00,
   0x00, 0x00, 0x00, 0x00, 0x00, 0x00, 0x00, 0x00, 0x02, 0x03, 0x01, 0x00, 0x00,
   0x00, 0x0c, 0x42, 0x31, 0x61, 0x99, 0x90, 0x24, 0x00, 0x00, 0xb3, 0x52, 0x23,
   0x30, 0x92, 0x22, 0x00, 0x00, 0x3b, 0xa5, 0x90, 0xb3, 0x1b, 0x9a, 0x00, 0x00,
   0x21, 0xb4, 0xca, 0x49, 0xa4, 0x12, 0x00, 0x00, 0x29, 0x42, 0x20, 0x9a, 0x22,
   0x33, 0x00, 0x00, 0x31, 0x92, 0x90, 0x41, 0x49, 0x30, 0x00, 0x00, 0x90, 0x12,
   0x19, 0x92, 0x42, 0x1a, 0x00, 0x00, 0xc9, 0xa9, 0x42, 0x91, 0x49, 0x04, 0x00,
   0x00, 0x90, 0x32, 0x99, 0xa2, 0x20, 0xa1, 0x00, 0x00, 0xc2, 0xfb, 0x4a, 0x00,
   0x99, 0xab, 0x00, 0x00, 0x1a, 0x2a, 0x1b, 0x19, 0xd1, 0xc2, 0x00, 0x00, 0x3a,
   0x12, 0x10, 0x02, 0x29, 0x13, 0x00, 0x00, 0xa4, 0x6a, 0x90, 0x03, 0x01, 0x32,
   0x00, 0x00, 0x11, 0xab, 0x92, 0x16, 0xb1, 0xa1, 0x00, 0x00, 0xab, 0x3d, 0xa2,
   0xb0, 0x1b, 0xa2, 0x00, 0x00, 0x11, 0xb3, 0x43, 0x92, 0x30, 0x00, 0x00, 0x00,
   0x3a, 0x29, 0x02, 0x21, 0xb1, 0xa1, 0x00, 0x00, 0xd2, 0x00, 0xba, 0xb9, 0x0c,
   0x39, 0x00, 0x00, 0xb0, 0xc1, 0x1a, 0xc5, 0x5b, 0xa9, 0x00, 0x00, 0x35, 0x14,
   0x31, 0xbc, 0xab, 0x60, 0x00, 0x00, 0x19, 0x90, 0x00, 0x09, 0xa4, 0xb1, 0x00,
   0x00, 0x91, 0x97, 0x24, 0x90, 0x24, 0x29, 0x00, 0x00, 0x39, 0x93, 0x91, 0xbb,
   0x21, 0x97, 0x00, 0x00, 0x3b, 0x43, 0x00, 0xb2, 0x9a, 0xa9, 0x00, 0x00, 0xa3,
   0x4c, 0xb5, 0x9c, 0xdb, 0xb3, 0x00, 0x00, 0x1b, 0xa1, 0x35, 0x1a, 0xaf, 0x22,
   0x00, 0x00, 0x3b, 0xa0, 0xb2, 0x2b, 0xcd, 0xd0, 0x00, 0x00, 0x1b, 0xc1, 0x92,
   0xc4, 0x90, 0x1a, 0x00, 0x00, 0xd2, 0x91, 0x9b, 0xeb, 0xdb, 0x93, 0x00, 0x00,
   0xd4, 0x41, 0x0a, 0xc1, 0x2a, 0x29, 0x00, 0x00, 0x09, 0xcc, 0x0a, 0xbb, 0x24,
   0x99, 0x00, 0x00, 0xba, 0x0b, 0x1b, 0x91, 0x1a, 0x9a, 0x00, 0x00, 0xbc, 0x9e,
   0xb0, 0xe1, 0xc0, 0xea, 0x00, 0x00, 0x2b, 0x3a, 0x1b, 0xc9, 0x71, 0x54, 0x00,
   0x00, 0x9c, 0xab, 0x91, 0x09, 0x11, 0x34, 0x00, 0x00, 0xca, 0xb9, 0x12, 0x24,
   0x42, 0xa0, 0x00, 0x00, 0x00, 0x00, 0x00, 0x00, 0x00, 0x00, 0x00, 0x00, 0x00,
   0x00, 0x00, 0x00, 0x00, 0x00, 0x00, 0x00, 0x00, 0x00, 0x00, 0x00, 0x00, 0x00,
   0x00, 0x00, 0x00, 0x00, 0x00, 0x00, 0x00, 0x00, 0x00, 0x00, 0x00, 0x00, 0x00,
   0x00, 0x00, 0x00, 0x00, 0x00, 0x00, 0x00, 0x00, 0x00, 0x00, 0x00, 0x00, 0x00,
   0x00, 0x00, 0x00, 0x00, 0x00, 0x00, 0x00, 0x00, 0x00, 0x00, 0x00, 0x00, 0x00,
   0x00, 0x00, 0x00, 0x00, 0x00, 0x00, 0x00, 0x00, 0x00, 0x00, 0x00, 0x00, 0x00,
   0x00, 0x00, 0x00, 0x00, 0x00, 0x00, 0x00, 0x00, 0x00, 0x00, 0x00, 0x00, 0x00,
   0x00, 0x00, 0x00, 0x00, 0x00, 0x00, 0x00, 0x00, 0x00, 0x29, 0x91, 0x30, 0x03,
   0xca, 0x2b, 0x00, 0x00, 0x02, 0xc3, 0x91, 0xa1, 0x03, 0x42, 0x00, 0x00, 0xaa,
   0x39, 0x99, 0xb0, 0x19, 0xd3, 0x00, 0x00, 0xb5, 0x33, 0xba, 0x4d, 0xa2, 0x43,
   0x00, 0x00, 0x4b, 0x20, 0x01, 0xc3, 0x4a, 0x99, 0x00, 0x00, 0x90, 0x4a, 0x1c,
   0xda, 0x10, 0x11, 0x00, 0x00, 0x03, 0x19, 0xa4, 0x42, 0x03, 0x21, 0x00, 0x00,
   0x42, 0xc1, 0x32, 0x20, 0x10, 0xbc, 0x00, 0x00, 0x22, 0xa9, 0x93, 0x06, 0x53,
   0x53, 0x00, 0x00, 0x40, 0x91, 0xa0, 0x39, 0x91, 0xcd, 0x00, 0x00, 0x02, 0x20,
   0x93, 0x94, 0xa9, 0x25, 0x00, 0x00, 0x0b, 0x13, 0xa4, 0xa0, 0xa2, 0xc0, 0x00,
   0x00, 0xd3, 0x9b, 0xb0, 0x3b, 0x10, 0xbb, 0x00, 0x00, 0x14, 0x42, 0xf3, 0x39,
   0x3a, 0xaa, 0x00, 0x00, 0x30, 0x10, 0xab, 0xba, 0x00, 0xbb, 0x00, 0x00, 0x9a,
   0x29, 0xcc, 0x2b, 0x00, 0x00, 0x00, 0x00, 0x92, 0x55, 0x92, 0x9c, 0xb3, 0x52,
   0x00, 0x00, 0x90, 0x99, 0xc2, 0x4a, 0xa0, 0x39, 0x00, 0x00, 0x40, 0xaa, 0x31,
   0xb1, 0x21, 0xc1, 0x00, 0x00, 0x32, 0xb4, 0xa0, 0xa1, 0x99, 0x93, 0x00, 0x00,
   0x34, 0x92, 0x20, 0x12, 0xa3, 0x10, 0x00, 0x00, 0x22, 0x0b, 0x93, 0xbc, 0x02,
   0xb9, 0x00, 0x00, 0x02, 0x02, 0x30, 0x1b, 0x93, 0x19, 0x00, 0x00, 0x39, 0xb0,
   0x92, 0x02, 0x5b, 0x39, 0x00, 0x00, 0x24, 0xb0, 0x51, 0xa9, 0x35, 0xa1, 0x00,
   0x00, 0xa3, 0x12, 0x92, 0x33, 0xcc, 0x10, 0x00, 0x00, 0x21, 0xca, 0x43, 0x03,
   0x92, 0xb0, 0x00, 0x00, 0xa2, 0xd1, 0x14, 0xa3, 0x2e, 0xc1, 0x00, 0x00, 0xba,
   0x2c, 0xb5, 0x9c, 0x90, 0x9b, 0x00, 0x00, 0xc9, 0x2d, 0xba, 0xf0, 0x00, 0xa0,
   0x00, 0x00, 0x49, 0x02, 0x09, 0xd9, 0x59, 0x39, 0x00, 0x00, 0x91, 0x99, 0xcb,
   0x10, 0x9a, 0x29, 0x00, 0x00, 0x91, 0x00, 0x00, 0x22, 0x40, 0x32, 0x00, 0x00,
   0x29, 0xa9, 0xf2, 0x41, 0xda, 0x22, 0x00, 0x00, 0x0a, 0xa2, 0x10, 0x10, 0x35,
   0xa0, 0x00, 0x00, 0x5a, 0xa2, 0x9c, 0xa1, 0x02, 0x23, 0x00, 0x00, 0x00, 0x00,
   0x00, 0x00, 0x00, 0x00, 0x00, 0x00, 0x00, 0x00, 0x00, 0x00, 0x00, 0x00, 0x00,
   0x00, 0x00, 0x00, 0x00, 0x00, 0x00, 0x00, 0x00, 0x00, 0x00, 0x00, 0x00, 0x00,
   0x00, 0x00, 0x00, 0x00, 0x00, 0x00, 0x00, 0x00, 0x00, 0x00, 0x00, 0x00, 0x00,
   0x00, 0x00, 0x00, 0x00, 0x00, 0x00, 0x00, 0x00, 0x00, 0x00, 0x00, 0x00, 0x00,
   0x00, 0x00, 0x00, 0x00, 0x00, 0x00, 0x00, 0x00, 0x00, 0x00, 0x00, 0x00, 0x00,
   0x00, 0x00, 0x00, 0x00, 0x00, 0x00, 0x00, 0x00, 0x00, 0x00, 0x00, 0x00, 0x00,
   0x00, 0x00, 0x00, 0x00, 0x00, 0x00, 0x00, 0x00, 0x00, 0x00, 0x00, 0x00, 0x00,
   0x00, 0x00, 0x00, 0x0b, 0x14, 0x51, 0x04, 0x11, 0x90, 0x00, 0x00, 0x0a, 0x10,
   0xb3, 0x02, 0x39, 0xb9, 0x00, 0x00, 0x93, 0xa0, 0x91, 0x32, 0x1a, 0xa4, 0x00,
   0x00, 0x31, 0x52, 0xc4, 0x1a, 0x0e, 0x21, 0x00, 0x00, 0x9b, 0x91, 0x19, 0xb4,
   0xb1, 0xaa, 0x00, 0x00, 0xaa, 0xca, 0xc4, 0x01, 0x4c, 0x19, 0x00, 0x00, 0x31,
   0x99, 0x42, 0xd1, 0xe5, 0xbd, 0x00, 0x00, 0x10, 0xb9, 0x09, 0x91, 0x09, 0xb9,
   0x00, 0x00, 0x13, 0x12, 0x20, 0x29, 0xd0, 0x90, 0x00, 0x00, 0x92, 0x99, 0xa2,
   0xa1, 0xc1, 0x9a, 0x00, 0x00, 0xaa, 0xb3, 0x0a, 0x5a, 0x22, 0x09, 0x00, 0x00,
   0x93, 0xa9, 0x93, 0xaa, 0x1c, 0xa1, 0x00, 0x00, 0x03, 0xc3, 0x5b, 0x9c, 0xd0,
   0xaa, 0x00, 0x00, 0x42, 0x90, 0x3c, 0x03, 0x4b, 0x94, 0x00, 0x00, 0x32, 0x12,
   0x9a, 0x2b, 0xa0, 0x9a, 0x00, 0x00, 0x0c, 0x11, 0x9c, 0x09, 0x0a, 0xb9, 0x00,
   0x00, 0xa4, 0xbc, 0x93, 0x1b, 0x41, 0x11, 0x00, 0x00, 0xa9, 0xc0, 0xc3, 0x1b,
   0xb0, 0xab, 0x00, 0x00, 0x23, 0x19, 0x20, 0x32, 0xd9, 0x42, 0x00, 0x00, 0x51,
   0x21, 0x91, 0x96, 0x19, 0x10, 0x00, 0x00, 0x0c, 0x91, 0xa0, 0x60, 0x95, 0x20,
   0x00, 0x00, 0x4e, 0x24, 0x19, 0xb7, 0xb0, 0xde, 0x00, 0x00, 0x21, 0xa2, 0x9b,
   0xb9, 0x55, 0x40, 0x00, 0x00, 0x41, 0x23, 0x00, 0x0b, 0xeb, 0xaf, 0x00, 0x00,
   0x22, 0x43, 0xc9, 0x9a, 0x1a, 0x32, 0x00, 0x00, 0x2a, 0x31, 0x90, 0x91, 0x90,
   0x10, 0x00, 0x00, 0x1a, 0x13, 0xac, 0x10, 0x92, 0x19, 0x00, 0x00, 0xa2, 0x21,
   0xb2, 0x2c, 0xa2, 0x3a, 0x00, 0x00, 0x50, 0x19, 0x50, 0x44, 0xca, 0x90, 0x00,
   0x00, 0x9a, 0xc1, 0x9b, 0x0d, 0x13, 0x5a, 0x00, 0x00, 0x14, 0x30, 0x44, 0xa1,
   0x23, 0x29, 0x00, 0x00, 0xba, 0xa0, 0x9b, 0x93, 0x40, 0x91, 0x00, 0x00, 0xb3,
   0x4a, 0x91, 0xac, 0xa3, 0x91, 0x00, 0x00, 0x94, 0x1a, 0xb2, 0x92, 0x51, 0xac,
   0x00, 0x00, 0x04, 0x99, 0x09, 0xaa, 0x95, 0x9c, 0x00, 0x00, 0x11, 0x10, 0xa2,
   0x3a, 0x12, 0xc9, 0x00, 0x00, 0x00, 0x00, 0x00, 0x00, 0x00, 0x00, 0x00, 0x00,
   0x00, 0x00, 0x00, 0x00, 0x00, 0x00, 0x00, 0x00, 0x00, 0x00, 0x00, 0x00, 0x00,
   0x00, 0x00, 0x00, 0x00, 0x00, 0x00, 0x00, 0x00, 0x00, 0x00, 0x00, 0x00, 0x00,
   0x00, 0x00, 0x00, 0x00, 0x00, 0x00, 0x00, 0x00, 0x00, 0x00, 0x00, 0x00, 0x00,
   0x00, 0x00, 0x00, 0x00, 0x00, 0x00, 0x00, 0x00, 0x00, 0x00, 0x00, 0x00, 0x00,
   0x00, 0x00, 0x00, 0x00, 0x00, 0x00, 0x00, 0x00, 0x00, 0x00, 0x00, 0x00, 0x00,
   0x00, 0x00, 0x00, 0x00, 0x00, 0x00, 0x00, 0x00, 0x00, 0x00, 0x00, 0x00, 0x00,
   0x00, 0x00, 0x00, 0x00, 0x00, 0x00, 0x00, 0x00, 0x00, 0x00, 0x03, 0x24, 0x14,
   0x10, 0x2a, 0xd9, 0x00, 0x00, 0x09, 0x99, 0xca, 0xa3, 0x19, 0xb0, 0x00, 0x00,
   0xa1, 0x34, 0x13, 0xa2, 0x02, 0x0b, 0x00, 0x00, 0x02, 0x0b, 0xb3, 0xb0, 0x9f,
   0x42, 0x00, 0x00, 0x49, 0x2a, 0x49, 0x12, 0x00, 0x13, 0x00, 0x00, 0x11, 0x30,
   0xab, 0x12, 0x2d, 0xb2, 0x00, 0x00, 0x10, 0x9a, 0x42, 0x03, 0x20, 0xb9, 0x00,
   0x00, 0x31, 0x03, 0xba, 0x1a, 0x0c, 0x9c, 0x00, 0x00, 0x24, 0x03, 0x20, 0x33,
   0x22, 0xbd, 0x00, 0x00, 0x09, 0x23, 0x94, 0x39, 0xa9, 0xac, 0x00, 0x00, 0x2a,
   0x30, 0x12, 0x04, 0x29, 0x51, 0x00, 0x00, 0xca, 0xcc, 0x10, 0x05, 0xa9, 0xfc,
   0x00, 0x00, 0x33, 0x99, 0x24, 0xbb, 0xc9, 0x00, 0x00, 0x00, 0x02, 0x01, 0xd9,
   0xac, 0x09, 0x91, 0x00, 0x00, 0x19, 0xa1, 0x30, 0x14, 0x99, 0x1b, 0x00, 0x00,
   0x1d, 0xdd, 0x99, 0x9a, 0x3b, 0xa1, 0x00, 0x00, 0x49, 0x1a, 0x3a, 0xdd, 0x3d,
   0x09, 0x00, 0x00, 0x4a, 0xa3, 0xaa, 0xb4, 0x9b, 0x9b, 0x00, 0x00, 0x49, 0x10,
   0x1a, 0x03, 0xc0, 0x5a, 0x00, 0x00, 0xc9, 0x31, 0x1a, 0x91, 0x2c, 0xa1, 0x00,
   0x00, 0x2a, 0x00, 0x9b, 0x41, 0xa5, 0x0b, 0x00, 0x00, 0x64, 0x03, 0x20, 0x22,
   0xcb, 0xbd, 0x00, 0x00, 0xbc, 0xa1, 0xc1, 0x34, 0x35, 0x4b, 0x00, 0x00, 0x40,
   0x13, 0xb0, 0x9a, 0xca, 0xa1, 0x00, 0x00, 0x21, 0xa3, 0x1b, 0x30, 0x0a, 0x91,
   0x00, 0x00, 0xb0, 0x13, 0x5d, 0x0a, 0x10, 0x15, 0x00, 0x00, 0x10, 0xb2, 0xdb,
   0x03, 0xa4, 0x2c, 0x00, 0x00, 0x90, 0x01, 0xdb, 0x40, 0xab, 0x4b, 0x00, 0x00,
   0xa1, 0xa2, 0x3b, 0xa3, 0x1c, 0xc0, 0x00, 0x00, 0xe9, 0xaf, 0xa2, 0xca, 0x10,
   0xa3, 0x00, 0x00, 0x22, 0xa3, 0xb3, 0x9c, 0xbb, 0x00, 0x00, 0x00, 0xa0, 0x0b,
   0xb0, 0xb2, 0x2c, 0x23, 0x00, 0x00, 0x91, 0xca, 0xb2, 0xb5, 0x0b, 0x2a, 0x00,
   0x00, 0xba, 0x40, 0xa9, 0xaa, 0x90, 0x11, 0x00, 0x00, 0x20, 0x1a, 0x0a, 0x29,
   0xc3, 0xa2, 0x00, 0x00, 0xc1, 0xaa, 0xb2, 0x30, 0x99, 0xba, 0x00, 0x00, 0x00,
   0x00, 0x00, 0x00, 0x00, 0x00, 0x00, 0x00, 0x00, 0x00, 0x00, 0x00, 0x00, 0x00,
   0x00, 0x00, 0x00, 0x00, 0x00, 0x00, 0x00, 0x00, 0x00, 0x00, 0x00, 0x00, 0x00,
   0x00, 0x00, 0x00, 0x00, 0x00, 0x00, 0x00, 0x00, 0x00, 0x00, 0x00, 0x00, 0x00,
   0x00, 0x00, 0x00, 0x00, 0x00, 0x00, 0x00, 0x00, 0x00, 0x00, 0x00, 0x00, 0x00,
   0x00, 0x00, 0x00, 0x00, 0x00, 0x00, 0x00, 0x00, 0x00, 0x00, 0x00, 0x00, 0x00,
   0x00, 0x00, 0x00, 0x00, 0x00, 0x00, 0x00, 0x00, 0x00, 0x00, 0x00, 0x00, 0x00,
   0x00, 0x00, 0x00, 0x00, 0x00, 0x00, 0x00, 0x00, 0x00, 0x00, 0x00, 0x00, 0x00,
   0x00, 0x00, 0x00, 0x00, 0x10, 0x94, 0x4a, 0x01, 0x00, 0xa3, 0x00, 0x00, 0x1b,
   0x2b, 0x16, 0x29, 0x33, 0xbc, 0x00, 0x00, 0x33, 0x13, 0x19, 0x43, 0x19, 0xca,
   0x00, 0x00, 0xbb, 0xb2, 0x3c, 0x33, 0x19, 0xb9, 0x00, 0x00, 0x1a, 0x91, 0x1a,
   0x30, 0xa0, 0x3a, 0x00, 0x00, 0x30, 0x21, 0xf0, 0x92, 0x52, 0x01, 0x00, 0x00,
   0xab, 0x93, 0x39, 0xa3, 0xa0, 0x34, 0x00, 0x00, 0x11, 0xb9, 0x4b, 0x09, 0x19,
   0xa5, 0x00, 0x00, 0x34, 0x23, 0xaa, 0xbb, 0xba, 0x1b, 0x00, 0x00, 0x90, 0x30,
   0x9b, 0xdb, 0x9a, 0x26, 0x00, 0x00, 0xeb, 0x9c, 0xa2, 0xdd, 0xaa, 0xad, 0x00,
   0x00, 0x11, 0x3a, 0x2a, 0x01, 0x39, 0x22, 0x00, 0x00, 0x1a, 0x90, 0xb0, 0xe9,
   0x3a, 0x13, 0x00, 0x00, 0x07, 0x19, 0x9f, 0x30, 0x3c, 0x00, 0x00, 0x00, 0x4c,
   0x06, 0x53, 0xa4, 0x30, 0x32, 0x00, 0x00, 0xa2, 0x39, 0x5f, 0xcb, 0xa9, 0xa7,
   0x00, 0x00, 0x09, 0xb6, 0xca, 0xd4, 0xa0, 0xba, 0x00, 0x00, 0xa2, 0x54, 0x20,
   0xaa, 0x0a, 0x1d, 0x00, 0x00, 0x31, 0x91, 0xb7, 0x0e, 0xa2, 0x94, 0x00, 0x00,
   0x41, 0x21, 0x19, 0x03, 0x22, 0xab, 0x00, 0x00, 0x92, 0xb2, 0x2b, 0x1b, 0x4b,
   0xa0, 0x00, 0x00, 0xc1, 0x91, 0x24, 0xcb, 0xa1, 0xb9, 0x00, 0x00, 0xd9, 0x21,
   0x99, 0xce, 0x99, 0x31, 0x00, 0x00, 0x14, 0xa9, 0x22, 0x00, 0x6a, 0x05, 0x00,
   0x00, 0x90, 0x52, 0xa3, 0xbb, 0xbd, 0x1a, 0x00, 0x00, 0xc9, 0x29, 0xb0, 0x56,
   0x22, 0x59, 0x00, 0x00, 0x09, 0x33, 0xbc, 0x51, 0x15, 0xa0, 0x00, 0x00, 0x5a,
   0xc6, 0xb0, 0xda, 0xa2, 0x00, 0x00, 0x00, 0x3c, 0xa2, 0xae, 0x3a, 0x93, 0xd4,
   0x00, 0x00, 0x41, 0xac, 0xae, 0x40, 0xa1, 0x11, 0x00, 0x00, 0xcc, 0x53, 0x0a,
   0x13, 0x72, 0x09, 0x00, 0x00, 0x41, 0xc4, 0xa3, 0xc0, 0x2a, 0x10, 0x00, 0x00,
   0x34, 0x14, 0x19, 0x23, 0xa9, 0x29, 0x00, 0x00, 0x05, 0x14, 0x00, 0xb0, 0x7c,
   0x34, 0x00, 0x00, 0x5c, 0x25, 0x13, 0x43, 0xc5, 0xa6, 0x00, 0x00, 0x00, 0xb0,
   0x90, 0x39, 0x09, 0x94, 0x00, 0x00, 0x00, 0x00, 0x00, 0x00, 0x00, 0x00, 0x00,
   0x00, 0x00, 0x00, 0x00, 0x00, 0x00, 0x00, 0x00, 0x00, 0x00, 0x00, 0x00, 0x00,
   0x00, 0x00, 0x00, 0x00, 0x00, 0x00, 0x00, 0x00, 0x00, 0x00, 0x00, 0x00, 0x00,
   0x00, 0x00, 0x00, 0x00, 0x00, 0x00, 0x00, 0x00, 0x00, 0x00, 0x00, 0x00, 0x00,
   0x00, 0x00, 0x00, 0x00, 0x00, 0x00, 0x00, 0x00, 0x00, 0x00, 0x00, 0x00, 0x00,
   0x00, 0x00, 0x00, 0x00, 0x00, 0x00, 0x00, 0x00, 0x00, 0x00, 0x00, 0x00, 0x00,
   0x00, 0x00, 0x00, 0x00, 0x00, 0x00, 0x00, 0x00, 0x00, 0x00, 0x00, 0x00, 0x00,
   0x00, 0x00, 0x00, 0x00, 0x00, 0x00, 0x00, 0x00, 0x00, 0x00, 0x00, 0xc9, 0xb0,
   0x22, 0x3b, 0x9b, 0x21, 0x00, 0x00, 0x01, 0xe0, 0xb0, 0x02, 0xa0, 0x32, 0x00,
   0x00, 0x1a, 0xcc, 0xbb, 0xa9, 0x3c, 0x0b, 0x00, 0x00, 0xb0, 0x2a, 0x24, 0x0a,
   0xd1, 0x29, 0x00, 0x00, 0x4d, 0x12, 0xaa, 0x19, 0x0b, 0x2b, 0x00, 0x00, 0x13,
   0x31, 0x19, 0x99, 0x32, 0x19, 0x00, 0x00, 0xa9, 0x51, 0xa3, 0x95, 0xaa, 0x23,
   0x00, 0x00, 0x45, 0x30, 0x23, 0x10, 0x30, 0x1a, 0x00, 0x00, 0x90, 0x22, 0x1a,
   0x25, 0x30, 0x9a, 0x00, 0x00, 0x45, 0x91, 0xa3, 0xb2, 0x91, 0xa2, 0x00, 0x00,
   0x39, 0x14, 0xb1, 0x01, 0x3c, 0x02, 0x00, 0x00, 0x09, 0x93, 0x9a, 0xa0, 0x1b,
   0x21, 0x00, 0x00, 0x1c, 0xa0, 0x10, 0x39, 0x0c, 0x00, 0x00, 0x00, 0x30, 0x0d,
   0xd4, 0x14, 0x9a, 0xd1, 0x00, 0x00, 0x09, 0x02, 0xa1, 0x59, 0x22, 0x24, 0x00,
   0x00, 0x95, 0xb9, 0x01, 0x09, 0x01, 0x43, 0x00, 0x00, 0xba, 0x59, 0x21, 0xa9,
   0x99, 0xa3, 0x00, 0x00, 0x21, 0xb1, 0x14, 0x0c, 0x11, 0xa5, 0x00, 0x00, 0x0a,
   0x21, 0x23, 0x23, 0x0a, 0x24, 0x00, 0x00, 0x90, 0x0a, 0x9a, 0xaa, 0x24, 0x10,
   0x00, 0x00, 0x10, 0x31, 0x29, 0xca, 0xac, 0xa3, 0x00, 0x00, 0xaa, 0x2a, 0xaa,
   0x4b, 0xa9, 0x3b, 0x00, 0x00, 0x69, 0x9a, 0x93, 0xd9, 0x92, 0x03, 0x00, 0x00,
   0xa2, 0x92, 0x91, 0x4b, 0xc0, 0x20, 0x00, 0x00, 0xac, 0xca, 0x34, 0x10, 0xca,
   0x19, 0x00, 0x00, 0x4a, 0xa2, 0x12, 0xbc, 0x4c, 0xc3, 0x00, 0x00, 0xae, 0xa9,
   0xa0, 0x9b, 0xcb, 0x1a, 0x00, 0x00, 0x2a, 0x3b, 0x32, 0x3a, 0x2b, 0xd3, 0x00,
   0x00, 0xdb, 0xc9, 0x29, 0x2c, 0x20, 0xba, 0x00, 0x00, 0x2b, 0x94, 0x94, 0x59,
   0x20, 0xe4, 0x00, 0x00, 0x1b, 0x21, 0xa0, 0x93, 0x4b, 0xd1, 0x00, 0x00, 0x12,
   0x49, 0xa0, 0x45, 0x31, 0x91, 0x00, 0x00, 0x3a, 0x11, 0xb0, 0x1a, 0x1b, 0xa4,
   0x00, 0x00, 0x03, 0xb9, 0x00, 0x09, 0xa4, 0x0c, 0x00, 0x00, 0x22, 0x20, 0xc4,
   0x35, 0x9a, 0xaa, 0x00, 0x00, 0x99, 0xa0, 0xd3, 0x11, 0x93, 0xab, 0x00, 0x00,
   0x00, 0x00, 0x00, 0x00, 0x00, 0x00, 0x00, 0x00, 0x00, 0x00, 0x00, 0x00, 0x00,
   0x00, 0x00, 0x00, 0x00, 0x00, 0x00, 0x00, 0x00, 0x00, 0x00, 0x00, 0x00, 0x00,
   0x00, 0x00, 0x00, 0x00, 0x00, 0x00, 0x00, 0x00, 0x00, 0x00, 0x00, 0x00, 0x00,
   0x00, 0x00, 0x00, 0x00, 0x00, 0x00, 0x00, 0x00, 0x00, 0x00, 0x00, 0x00, 0x00,
   0x00, 0x00, 0x00, 0x00, 0x00, 0x00, 0x00, 0x00, 0x00, 0x00, 0x00, 0x00, 0x00,
   0x00, 0x00, 0x00, 0x00, 0x00, 0x00, 0x00, 0x00, 0x00, 0x00, 0x00, 0x00, 0x00,
   0x00, 0x00, 0x00, 0x00, 0x00, 0x00, 0x00, 0x00, 0x00, 0x00, 0x00, 0x00, 0x00,
   0x00, 0x00, 0x00, 0x00, 0x00, 0xbb, 0x9a, 0x02, 0xbb, 0x0a, 0x21, 0x00, 0x00,
   0x92, 0x9b, 0x11, 0x10, 0x00, 0x04, 0x00, 0x00, 0x15, 0xbe, 0x09, 0x29, 0x00,
   0x21, 0x00, 0x00, 0x51, 0xa1, 0x00, 0x19, 0xa1, 0xb9, 0x00, 0x00, 0x51, 0x9d,
   0x29, 0x94, 0xac, 0x29, 0x00, 0x00, 0x91, 0x30, 0x0d, 0xa1, 0x91, 0xc9, 0x00,
   0x00, 0x11, 0x32, 0x12, 0xb3, 0xaa, 0x32, 0x00, 0x00, 0x02, 0x17, 0x00, 0x02,
   0x21, 0x10, 0x00, 0x00, 0xa2, 0xa1, 0x2a, 0xbb, 0xa0, 0x92, 0x00, 0x00, 0x49,
   0x29, 0x42, 0x09, 0xa9, 0xd4, 0x00, 0x00, 0xad, 0x33, 0x99, 0x10, 0x19, 0x13,
   0x00, 0x00, 0x0a, 0xa0, 0x09, 0x25, 0x99, 0x11, 0x00, 0x00, 0x29, 0x19, 0xaa,
   0x00, 0x11, 0x11, 0x00, 0x00, 0x25, 0x29, 0xba, 0x09, 0x22, 0x01, 0x00, 0x00,
   0x20, 0xcb, 0x94, 0xc2, 0x29, 0x9a, 0x00, 0x00, 0x1b, 0x32, 0x11, 0x00, 0x90,
   0x12, 0x00, 0x00, 0x93, 0xbb, 0xb2, 0x14, 0x99, 0x9b, 0x00, 0x00, 0xbc, 0x9a,
   0x0b, 0x99, 0x94, 0x90, 0x00, 0x00, 0x91, 0xb3, 0x51, 0x30, 0xd3, 0x2d, 0x00,
   0x00, 0x9a, 0xa1, 0x10, 0x24, 0xb9, 0x04, 0x00, 0x00, 0x21, 0x13, 0x21, 0xc9,
   0x12, 0x0d, 0x00, 0x00, 0x1c, 0xb2, 0x22, 0x94, 0xdd, 0x91, 0x00, 0x00, 0x90,
   0x21, 0xaa, 0x92, 0x51, 0x0a, 0x00, 0x00, 0x01, 0x10, 0x31, 0x90, 0x1c, 0xb3,
   0x00, 0x00, 0x12, 0xa0, 0x1c, 0x19, 0x39, 0xa2, 0x00, 0x00, 0x20, 0x12, 0xa1,
   0x1a, 0xa2, 0x5a, 0x00, 0x00, 0xd2, 0x43, 0xba, 0x13, 0xe2, 0x2a, 0x00, 0x00,
   0x19, 0xa3, 0x9c, 0xaa, 0x32, 0x3c, 0x00, 0x00, 0x12, 0x13, 0x09, 0x33, 0x32,
   0x19, 0x00, 0x00, 0xab, 0xda, 0x29, 0xb0, 0x19, 0x3b, 0x00, 0x00, 0x44, 0x21,
   0x4a, 0x99, 0x20, 0xba, 0x00, 0x00, 0xa1, 0x0a, 0x3d, 0x29, 0x99, 0x09, 0x00,
   0x00, 0x43, 0x09, 0xc0, 0x43, 0xb1, 0xa0, 0x00, 0x00, 0xa4, 0x39, 0x1c, 0x19,
   0x4b, 0xb3, 0x00, 0x00, 0x02, 0x05, 0x03, 0x09, 0x0a, 0x10, 0x00, 0x00, 0x31,
   0x30, 0xcc, 0x1a, 0x23, 0xb0, 0x00, 0x00, 0x00, 0x00, 0x00, 0x00, 0x00, 0x00,
   0x00, 0x00, 0x00, 0x00, 0x00, 0x00, 0x00, 0x00, 0x00, 0x00, 0x00, 0x00, 0x00,
   0x00, 0x00, 0x00, 0x00, 0x00, 0x00, 0x00, 0x00, 0x00, 0x00, 0x00, 0x00, 0x00,
   0x00, 0x00, 0x00, 0x00, 0x00, 0x00, 0x00, 0x00, 0x00, 0x00, 0x00, 0x00, 0x00,
   0x00, 0x00, 0x00, 0x00, 0x00, 0x00, 0x00, 0x00, 0x00, 0x00, 0x00, 0x00, 0x00,
   0x00, 0x00, 0x00, 0x00, 0x00, 0x00, 0x00, 0x00, 0x00, 0x00, 0x00, 0x00, 0x00,
   0x00, 0x00, 0x00, 0x00, 0x00, 0x00, 0x00, 0x00, 0x00, 0x00, 0x00, 0x00, 0x00,
   0x00, 0x00, 0x00, 0x00, 0x00, 0x00, 0x00, 0x00, 0x00, 0x00, 0x00, 0x00, 0x21,
   0xd9, 0x02, 0x9b, 0x12, 0x17, 0x00, 0x00, 0x10, 0x23, 0x31, 0x1a, 0xc6, 0x3d,
   0x00, 0x00, 0xc1, 0x2c, 0x20, 0xb9, 0x3a, 0x40, 0x00, 0x00, 0xa5, 0x13, 0x9b,
   0x90, 0xa0, 0x0a, 0x00, 0x00, 0x4b, 0xd9, 0x3c, 0x92, 0x0c, 0xc0, 0x00, 0x00,
   0xc9, 0x4a, 0x00, 0x92, 0xd9, 0x12, 0x00, 0x00, 0x01, 0x09, 0xac, 0x46, 0x4a,
   0xc3, 0x00, 0x00, 0x11, 0x00, 0x22, 0x92, 0x29, 0x93, 0x00, 0x00, 0x42, 0x00,
   0x2d, 0xb4, 0xa9, 0x12, 0x00, 0x00, 0x03, 0x29, 0x22, 0x1c, 0xcd, 0x21, 0x00,
   0x00, 0x9b, 0x15, 0x3c, 0x2a, 0xce, 0xb9, 0x00, 0x00, 0x32, 0x90, 0xba, 0x9a,
   0x1c, 0x09, 0x00, 0x00, 0x11, 0xd2, 0xcd, 0x91, 0x02, 0x33, 0x00, 0x00, 0x09,
   0x60, 0xa5, 0x25, 0xa0, 0xcb, 0x00, 0x00, 0x51, 0xb0, 0x19, 0x07, 0xb3, 0x34,
   0x00, 0x00, 0x21, 0x64, 0xc3, 0x14, 0x06, 0xb3, 0x00, 0x00, 0xb2, 0xc0, 0x3b,
   0x53, 0x12, 0x34, 0x00, 0x00, 0xa4, 0x1c, 0xac, 0x01, 0x13, 0x93, 0x00, 0x00,
   0xc9, 0x3c, 0xa2, 0xca, 0x29, 0x91, 0x00, 0x00, 0xd9, 0xc3, 0x2c, 0x01, 0x21,
   0x39, 0x00, 0x00, 0x40, 0x0a, 0x3a, 0x00, 0xd3, 0x4d, 0x00, 0x00, 0x99, 0x9b,
   0x1c, 0x5a, 0x01, 0x99, 0x00, 0x00, 0x22, 0xa4, 0xa0, 0xbc, 0xa9, 0xb3, 0x00,
   0x00, 0xa2, 0x9a, 0x09, 0x03, 0x00, 0x42, 0x00, 0x00, 0xa9, 0xac, 0x35, 0xab,
   0xb3, 0x92, 0x00, 0x00, 0xc3, 0x1c, 0x4a, 0x11, 0x12, 0xfa, 0x00, 0x00, 0xaf,
   0x3b, 0x14, 0xc0, 0xaa, 0x92, 0x00, 0x00, 0x33, 0x3a, 0x26, 0x1c, 0x31, 0xbb,
   0x00, 0x00, 0xb9, 0x5b, 0x90, 0xcc, 0x1b, 0xc4, 0x00, 0x00, 0x49, 0xa7, 0x51,
   0x5b, 0x20, 0x01, 0x00, 0x00, 0x39, 0x32, 0x12, 0x0c, 0x11, 0xc9, 0x00, 0x00,
   0x10, 0x0a, 0xa1, 0x53, 0xa6, 0x9c, 0x00, 0x00, 0x1e, 0x29, 0xa0, 0x1b, 0x03,
   0x31, 0x00, 0x00, 0x41, 0x91, 0xbc, 0x41, 0xb2, 0x42, 0x00, 0x00, 0xa9, 0x6a,
   0x36, 0x01, 0x4d, 0x10, 0x00, 0x00, 0x70, 0xc3, 0xab, 0x9b, 0x19, 0x29, 0x00,
   0x00, 0x00, 0x00, 0x00, 0x00, 0x00, 0x00, 0x00, 0x00, 0x00, 0x00, 0x00, 0x00,
   0x00, 0x00, 0x00, 0x00, 0x00, 0x00, 0x00, 0x00, 0x00, 0x00, 0x00, 0x00, 0x00,
   0x00, 0x00, 0x00, 0x00, 0x00, 0x00, 0x00, 0x00, 0x00, 0x00, 0x00, 0x00, 0x00,
   0x00, 0x00, 0x00, 0x00, 0x00, 0x00, 0x00, 0x00, 0x00, 0x00, 0x00, 0x00, 0x00,
   0x00, 0x00, 0x00, 0x00, 0x00, 0x00, 0x00, 0x00, 0x00, 0x00, 0x00, 0x00, 0x00,
   0x00, 0x00, 0x00, 0x00, 0x00, 0x00, 0x00, 0x00, 0x00, 0x00, 0x00, 0x00, 0x00,
   0x00, 0x00, 0x00, 0x00, 0x00, 0x00, 0x00, 0x00, 0x00, 0x00, 0x00, 0x00, 0x00,
   0x00, 0x00, 0x00, 0x00, 0x00, 0x00, 0xbb, 0xb5, 0x20, 0xb1, 0x23, 0x29, 0x00,
   0x00, 0x39, 0x1a, 0xa4, 0x0a, 0x92, 0xdb, 0x00, 0x00, 0x16, 0x46, 0x44, 0xa0,
   0x01, 0x31, 0x00, 0x00, 0x9a, 0x2b, 0x21, 0x09, 0x15, 0xb0, 0x00, 0x00, 0x90,
   0x11, 0x19, 0x0f, 0x3a, 0x93, 0x00, 0x00, 0x05, 0x30, 0x90, 0x25, 0x02, 0xc1,
   0x00, 0x00, 0x29, 0x12, 0x42, 0x09, 0xac, 0xc9, 0x00, 0x00, 0xb9, 0x5d, 0x13,
   0x47, 0xb3, 0xb0, 0x00, 0x00, 0x03, 0xb1, 0x3a, 0xcb, 0xbd, 0xda, 0x00, 0x00,
   0xa0, 0xbb, 0xa4, 0xa9, 0x14, 0xa9, 0x00, 0x00, 0xb0, 0xbc, 0x9d, 0xf2, 0xce,
   0x39, 0x00, 0x00, 0xa1, 0x2b, 0xc1, 0x31, 0x1b, 0x21, 0x00, 0x00, 0x45, 0x91,
   0x5b, 0x9b, 0xa0, 0xb3, 0x00, 0x00, 0x04, 0xa0, 0x00, 0x90, 0x2b, 0xa1, 0x00,
   0x00, 0x20, 0x36, 0x31, 0x92, 0xc9, 0xaa, 0x00, 0x00, 0xac, 0x20, 0x32, 0x91,
   0x19, 0x49, 0x00, 0x00, 0x22, 0xc4, 0x52, 0x00, 0x13, 0x20, 0x00, 0x00, 0xfc,
   0xdd, 0x46, 0x21, 0xb3, 0x09, 0x00, 0x00, 0x92, 0x39, 0x90, 0x0b, 0x33, 0x42,
   0x00, 0x00, 0x32, 0x36, 0x1a, 0x20, 0x33, 0x32, 0x00, 0x00, 0x11, 0x05, 0xcb,
   0xa0, 0x33, 0xa2, 0x00, 0x00, 0x9b, 0x30, 0x1b, 0x39, 0xca, 0xb3, 0x00, 0x00,
   0xa9, 0x19, 0xcb, 0xcc, 0x69, 0x16, 0x00, 0x00, 0xb0, 0x33, 0x3a, 0x24, 0xb1,
   0x0e, 0x00, 0x00, 0xbe, 0x3e, 0x40, 0x20, 0x2b, 0xb9, 0x00, 0x00, 0x31, 0x09,
   0x2a, 0x04, 0x00, 0x46, 0x00, 0x00, 0xba, 0xaa, 0x43, 0x20, 0xda, 0x3d, 0x00,
   0x00, 0x06, 0x12, 0xab, 0x31, 0xb3, 0x19, 0x00, 0x00, 0x09, 0x51, 0x54, 0x00,
   0xa9, 0xd0, 0x00, 0x00, 0x61, 0xb1, 0x29, 0x20, 0x9d, 0xac, 0x00, 0x00, 0xdc,
   0x5b, 0x75, 0xad, 0xa2, 0x9b, 0x00, 0x00, 0x00, 0xb2, 0x2a, 0xc0, 0x09, 0x92,
   0x00, 0x00, 0xa9, 0x42, 0x61, 0xcf, 0x07, 0x99, 0x00, 0x00, 0x12, 0xb0, 0x19,
   0xaa, 0x4a, 0x02, 0x00, 0x00, 0xa9, 0x44, 0x23, 0x31, 0x91, 0xa2, 0x00, 0x00,
   0x0c, 0xca, 0x11, 0x93, 0x33, 0x01, 0x00, 0x00, 0x00, 0x00, 0x00, 0x00, 0x00,
   0x00, 0x00, 0x00, 0x00, 0x00, 0x00, 0x00, 0x00, 0x00, 0x00, 0x00, 0x00, 0x00,
   0x00, 0x00, 0x00, 0x00, 0x00, 0x00, 0x00, 0x00, 0x00, 0x00, 0x00, 0x00, 0x00,
   0x00, 0x00, 0x00, 0x00, 0x00, 0x00, 0x00, 0x00, 0x00, 0x00, 0x00, 0x00, 0x00,
   0x00, 0x00, 0x00, 0x00, 0x00, 0x00, 0x00, 0x00, 0x00, 0x00, 0x00, 0x00, 0x00,
   0x00, 0x00, 0x00, 0x00, 0x00, 0x00, 0x00, 0x00, 0x00, 0x00, 0x00, 0x00, 0x00,
   0x00, 0x00, 0x00, 0x00, 0x00, 0x00, 0x00, 0x00, 0x00, 0x00, 0x00, 0x00, 0x00,
   0x00, 0x00, 0x00, 0x00, 0x00, 0x00, 0x00, 0x00, 0x00, 0x00, 0x00, 0x00, 0x00,
   0xd3, 0x1c, 0x03, 0x21, 0xe1, 0x4b, 0x00, 0x00, 0xcb, 0x11, 0x11, 0x90, 0x24,
   0xa0, 0x00, 0x00, 0x12, 0x13, 0x13, 0x31, 0xa9, 0x19, 0x00, 0x00, 0xab, 0xe2,
   0x23, 0x04, 0x09, 0x9b, 0x00, 0x00, 0x1c, 0x34, 0x09, 0xaa, 0x39, 0x33, 0x00,
   0x00, 0x40, 0x03, 0xa3, 0x1a, 0x3a, 0xb9, 0x00, 0x00, 0x31, 0xaa, 0x11, 0xb0,
   0xb9, 0x33, 0x00, 0x00, 0x2a, 0xaa, 0x63, 0xa9, 0xbd, 0x19, 0x00, 0x00, 0x0c,
   0xb1, 0x51, 0x01, 0x11, 0xa1, 0x00, 0x00, 0xb1, 0x92, 0x0a, 0x3c, 0xa0, 0x3b,
   0x00, 0x00, 0x9c, 0x0a, 0x41, 0x09, 0x99, 0x0b, 0x00, 0x00, 0x39, 0x01, 0xaa,
   0x29, 0xbb, 0xbb, 0x00, 0x00, 0x91, 0xa0, 0x14, 0xc0, 0xbc, 0xa5, 0x00, 0x00,
   0xa9, 0xce, 0xb9, 0x10, 0x29, 0x29, 0x00, 0x00, 0x00, 0xa3, 0x51, 0xc3, 0x23,
   0x0c, 0x00, 0x00, 0x11, 0x31, 0xc0, 0x9a, 0x12, 0x19, 0x00, 0x00, 0xa3, 0x24,
   0x31, 0x24, 0x4b, 0x91, 0x00, 0x00, 0xba, 0xbb, 0x2b, 0xa1, 0x11, 0x94, 0x00,
   0x00, 0x4b, 0xa2, 0x99, 0x22, 0xb2, 0x93, 0x00, 0x00, 0xb3, 0x90, 0x1a, 0x0a,
   0x11, 0x9a, 0x00, 0x00, 0x04, 0xd0, 0xc9, 0xb1, 0x91, 0xb3, 0x00, 0x00, 0x13,
   0xca, 0x45, 0x49, 0xa0, 0xd1, 0x00, 0x00, 0x9b, 0x9a, 0xbc, 0xb0, 0x90, 0x20,
   0x00, 0x00, 0xc4, 0x92, 0x22, 0x41, 0xa9, 0xd1, 0x00, 0x00, 0x13, 0x42, 0xd5,
   0xbc, 0xaa, 0x32, 0x00, 0x00, 0xb0, 0x9a, 0xa9, 0x20, 0x1d, 0x40, 0x00, 0x00,
   0x1a, 0x00, 0xad, 0xa9, 0xb2, 0xf9, 0x00, 0x00, 0x99, 0x03, 0xa9, 0x13, 0xa3,
   0x10, 0x00, 0x00, 0x9a, 0xa0, 0x00, 0x31, 0x29, 0x09, 0x00, 0x00, 0xc1, 0x31,
   0x2b, 0xbc, 0xa9, 0x60, 0x00, 0x00, 0x1d, 0x23, 0x23, 0x00, 0x21, 0x9a, 0x00,
   0x00, 0x1b, 0xc4, 0xb0, 0x00, 0xb9, 0x2a, 0x00, 0x00, 0x49, 0x34, 0x12, 0x99,
   0xc6, 0x12, 0x00, 0x00, 0x12, 0x91, 0x9a, 0x9b, 0xd0, 0x01, 0x00, 0x00, 0x2c,
   0xbb, 0xba, 0x00, 0x92, 0x99, 0x00, 0x00, 0x9a, 0x12, 0x2a, 0xb3, 0x22, 0x10,
   0x00, 0x00, 0x00, 0x00, 0x00, 0x00, 0x00, 0x00, 0x00, 0x00, 0x00, 0x00, 0x00,
   0x00, 0x00, 0x00, 0x00, 0x00, 0x00, 0x00, 0x00, 0x00, 0x00, 0x00, 0x00, 0x00,
   0x00, 0x00, 0x00, 0x00, 0x00, 0x00, 0x00, 0x00, 0x00, 0x00, 0x00, 0x00, 0x00,
   0x00, 0x00, 0x00, 0x00, 0x00, 0x00, 0x00, 0x00, 0x00, 0x00, 0x00, 0x00, 0x00,
   0x00, 0x00, 0x00, 0x00, 0x00, 0x00, 0x00, 0x00, 0x00, 0x00, 0x00, 0x00, 0x00,
   0x00, 0x00, 0x00, 0x00, 0x00, 0x00, 0x00, 0x00, 0x00, 0x00, 0x00, 0x00, 0x00,
   0x00, 0x00, 0x00, 0x00, 0x00, 0x00, 0x00, 0x00, 0x00, 0x00, 0x00, 0x00, 0x00,
   0x00, 0x00, 0x00, 0x00, 0x00, 0x00, 0x00, 0xa1, 0xb2, 0xf9, 0x99, 0x19, 0x45,
   0x00, 0x00, 0x91, 0x04, 0x3b, 0x10, 0xa1, 0x31, 0x00, 0x00, 0xc2, 0x03, 0xab,
   0x32, 0x03, 0x1c, 0x00, 0x00, 0x01, 0xa3, 0x23, 0x20, 0xa3, 0x53, 0x00, 0x00,
   0xc9, 0xb9, 0x9b, 0x00, 0x90, 0xa0, 0x00, 0x00, 0x11, 0xb9, 0x09, 0x1c, 0xb1,
   0x53, 0x00, 0x00, 0x1a, 0x79, 0x05, 0x5a, 0x93, 0xac, 0x00, 0x00, 0xac, 0x35,
   0x90, 0xa9, 0x0a, 0x52, 0x00, 0x00, 0x99, 0x3b, 0xa2, 0x1a, 0x43, 0x12, 0x00,
   0x00, 0x90, 0xb1, 0x93, 0x23, 0xba, 0x40, 0x00, 0x00, 0x32, 0x53, 0x14, 0x00,
   0x92, 0x2b, 0x00, 0x00, 0x90, 0xb2, 0x10, 0xcb, 0x00, 0x91, 0x00, 0x00, 0x42,
   0x30, 0x30, 0x99, 0x1c, 0xcb, 0x00, 0x00, 0x3b, 0x2a, 0x26, 0xc2, 0xba, 0x0a,
   0x00, 0x00, 0xab, 0x2c, 0x14, 0x32, 0x9a, 0x39, 0x00, 0x00, 0x3c, 0xa9, 0xb1,
   0x42, 0xab, 0x12, 0x00, 0x00, 0x0b, 0x09, 0x39, 0x29, 0x29, 0xa9, 0x00, 0x00,
   0x13, 0x1a, 0xac, 0xa0, 0x11, 0x53, 0x00, 0x00, 0x20, 0x0a, 0x4c, 0x0a, 0x9a,
   0x20, 0x00, 0x00, 0x92, 0xab, 0xc0, 0x3a, 0x21, 0x00, 0x00, 0x00, 0x2b, 0x90,
   0x00, 0x15, 0x32, 0x3c, 0x00, 0x00, 0x49, 0x90, 0xb2, 0x0b, 0x53, 0xa0, 0x00,
   0x00, 0x53, 0x00, 0xa1, 0x24, 0x42, 0x3a, 0x00, 0x00, 0x2d, 0x35, 0x9a, 0x9a,
   0xc0, 0xba, 0x00, 0x00, 0x19, 0x12, 0x9c, 0x20, 0x09, 0x39, 0x00, 0x00, 0xa9,
   0xcc, 0x0b, 0xeb, 0x1e, 0xaa, 0x00, 0x00, 0xb9, 0x14, 0xa3, 0x25, 0xb2, 0x09,
   0x00, 0x00, 0x12, 0x1e, 0x09, 0x4a, 0xac, 0x3a, 0x00, 0x00, 0xa1, 0x94, 0xab,
   0x9a, 0x01, 0x0c, 0x00, 0x00, 0x2c, 0x21, 0x12, 0x0b, 0x99, 0xca, 0x00, 0x00,
   0x3b, 0xb3, 0x21, 0x31, 0x99, 0x3a, 0x00, 0x00, 0xb0, 0xba, 0x52, 0x42, 0x44,
   0xbc, 0x00, 0x00, 0x05, 0x94, 0x9e, 0x32, 0xcf, 0xa1, 0x00, 0x00, 0x0b, 0x99,
   0x1b, 0x91, 0xa2, 0x4b, 0x00, 0x00, 0xa4, 0x11, 0x11, 0xb0, 0xaf, 0xb1, 0x00,
   0x00, 0xa3, 0x10, 0x94, 0xca, 0x1a, 0x4b, 0x00, 0x00, 0x00, 0x00, 0x00, 0x00,
   0x00, 0x00, 0x00, 0x00, 0x00, 0x00, 0x00, 0x00, 0x00, 0x00, 0x00, 0x00, 0x00,
   0x00, 0x00, 0x00, 0x00, 0x00, 0x00, 0x00, 0x00, 0x00, 0x00, 0x00, 0x00, 0x00,
   0x00, 0x00, 0x00, 0x00, 0x00, 0x00, 0x00, 0x00, 0x00, 0x00, 0x00, 0x00, 0x00,
   0x00, 0x00, 0x00, 0x00, 0x00, 0x00, 0x00, 0x00, 0x00, 0x00, 0x00, 0x00, 0x00,
   0x00, 0x00, 0x00, 0x00, 0x00, 0x00, 0x00, 0x00, 0x00, 0x00, 0x00, 0x00, 0x00,
   0x00, 0x00, 0x00, 0x00, 0x00, 0x00, 0x00, 0x00, 0x00, 0x00, 0x00, 0x00, 0x00,
   0x00, 0x00, 0x00, 0x00, 0x00, 0x00, 0x00, 0x00, 0x00, 0x00, 0x00, 0x00, 0x00,
   0x00, 0x03, 0x14, 0x01, 0x30, 0x1b, 0x99, 0x00, 0x00, 0xa9, 0x0b, 0x2c, 0x22,
   0x24, 0xb0, 0x00, 0x00, 0xa3, 0x20, 0xc3, 0x22, 0x13, 0xa9, 0x00, 0x00, 0xa1,
   0x03, 0x05, 0x20, 0x1b, 0xc9, 0x00, 0x00, 0x01, 0xb2, 0xe0, 0x14, 0xaa, 0x10,
   0x00, 0x00, 0xc1, 0xbb, 0x5b, 0x14, 0x10, 0x93, 0x00, 0x00, 0x93, 0xa9, 0xcb,
   0x2a, 0x9b, 0xa9, 0x00, 0x00, 0x19, 0x92, 0xb9, 0x9a, 0x32, 0x4a, 0x00, 0x00,
   0xb1, 0x9a, 0x2b, 0xc2, 0xb2, 0xa4, 0x00, 0x00, 0xbd, 0x0b, 0xaa, 0x2a, 0x04,
   0x21, 0x00, 0x00, 0xaa, 0x2a, 0x09, 0xba, 0x3b, 0x31, 0x00, 0x00, 0x15, 0xa0,
   0xa1, 0x49, 0x04, 0xa2, 0x00, 0x00, 0x01, 0x39, 0x09, 0x9a, 0x21, 0x94, 0x00,
   0x00, 0x1b, 0xd3, 0x5d, 0x9b, 0x29, 0x32, 0x00, 0x00, 0xba, 0x1b, 0xc0, 0x11,
   0x94, 0x03, 0x00, 0x00, 0xcb, 0x5b, 0x20, 0x09, 0xbc, 0x99, 0x00, 0x00, 0x19,
   0xf0, 0x1c, 0x31, 0x20, 0x30, 0x00, 0x00, 0xa2, 0x13, 0x73, 0x02, 0x14, 0xa9,
   0x00, 0x00, 0x24, 0x22, 0x2c, 0x99, 0xe4, 0xbc, 0x00, 0x00, 0xb2, 0xad, 0x9a,
   0x21, 0x4a, 0x51, 0x00, 0x00, 0x01, 0xa4, 0xb0, 0x14, 0xd2, 0xdb, 0x00, 0x00,
   0x13, 0x11, 0xb2, 0x14, 0x9c, 0x23, 0x00, 0x00, 0xb1, 0x30, 0xc2, 0xe0, 0xaa,
   0xa4, 0x00, 0x00, 0xd9, 0xcc, 0xa1, 0x01, 0x29, 0x02, 0x00, 0x00, 0x94, 0x15,
   0xa1, 0x03, 0xd9, 0x9a, 0x00, 0x00, 0xb2, 0x01, 0x03, 0xc1, 0xb9, 0x4c, 0x00,
   0x00, 0x4a, 0x94, 0x9d, 0x23, 0x99, 0x0b, 0x00, 0x00, 0xa9, 0x42, 0x2a, 0x93,
   0xb2, 0x01, 0x00, 0x00, 0x4a, 0xb2, 0x51, 0x45, 0x13, 0x92, 0x00, 0x00, 0x0b,
   0x19, 0x10, 0x2b, 0x3c, 0x59, 0x00, 0x00, 0x53, 0xb2, 0x90, 0x29, 0xa5, 0xa4,
   0x00, 0x00, 0x9c, 0x2b, 0x24, 0x9a, 0xc0, 0xa3, 0x00, 0x00, 0x96, 0x20, 0x42,
   0xa3, 0x31, 0xd9, 0x00, 0x00, 0x19, 0x1d, 0x29, 0x31, 0xbb, 0xb2, 0x00, 0x00,
   0x21, 0xdc, 0xa2, 0xcc, 0xc9, 0x02, 0x00, 0x00, 0x9a, 0xaa, 0x41, 0x96, 0x64,
   0xa0, 0x00, 0x00, 0x00, 0x00, 0x00, 0x00, 0x00, 0x00, 0x00, 0x00, 0x00, 0x00,
   0x00, 0x00, 0x00, 0x00, 0x00, 0x00, 0x00, 0x00, 0x00, 0x00, 0x00, 0x00, 0x00,
   0x00, 0x00, 0x00, 0x00, 0x00, 0x00, 0x00, 0x00, 0x00, 0x00, 0x00, 0x00, 0x00,
   0x00, 0x00, 0x00, 0x00, 0x00, 0x00, 0x00, 0x00, 0x00, 0x00, 0x00, 0x00, 0x00,
   0x00, 0x00, 0x00, 0x00, 0x00, 0x00, 0x00, 0x00, 0x00, 0x00, 0x00, 0x00, 0x00,
   0x00, 0x00, 0x00, 0x00, 0x00, 0x00, 0x00, 0x00, 0x00, 0x00, 0x00, 0x00, 0x00,
   0x00, 0x00, 0x00, 0x00, 0x00, 0x00, 0x00, 0x00, 0x00, 0x00, 0x00, 0x00, 0x00,
   0x00, 0x00, 0x00, 0x00, 0x00, 0x00, 0x00, 0x00, 0x42, 0x99, 0xac, 0x3a, 0x50,
   0x99, 0x00, 0x00, 0x61, 0x42, 0x12, 0x10, 0x39, 0x22, 0x00, 0x00, 0xb2, 0x13,
   0xb3, 0xa2, 0x22, 0x2a, 0x00, 0x00, 0x00, 0x33, 0x60, 0x93, 0x21, 0x3c, 0x00,
   0x00, 0x0c, 0x9a, 0xa1, 0x91, 0xa0, 0x9b, 0x00, 0x00, 0x1b, 0x10, 0x5c, 0x0b,
   0x0a, 0x41, 0x00, 0x00, 0x4a, 0x19, 0xa2, 0xbb, 0x2c, 0x49, 0x00, 0x00, 0x2d,
   0xaa, 0x95, 0x21, 0x94, 0x93, 0x00, 0x00, 0x40, 0xb0, 0x05, 0x4a, 0x11, 0x45,
   0x00, 0x00, 0xa1, 0x0a, 0x01, 0x44, 0xc3, 0x9d, 0x00, 0x00, 0x54, 0xa0, 0x31,
   0xbb, 0x70, 0xd1, 0x00, 0x00, 0xba, 0xc9, 0x91, 0xb0, 0xa0, 0x10, 0x00, 0x00,
   0xa0, 0xa1, 0x0a, 0x44, 0x42, 0xa9, 0x00, 0x00, 0xcc, 0x34, 0x93, 0xb4, 0x91,
   0x2a, 0x00, 0x00, 0xa0, 0x9a, 0x02, 0xaa, 0x0a, 0x11, 0x00, 0x00, 0x9c, 0x21,
   0x4c, 0x42, 0x4a, 0x31, 0x00, 0x00, 0x1a, 0xa2, 0xc9, 0x19, 0x92, 0xb9, 0x00,
   0x00, 0x01, 0xab, 0x99, 0x49, 0x10, 0x06, 0x00, 0x00, 0xbb, 0xb3, 0xa1, 0x19,
   0x09, 0xa1, 0x00, 0x00, 0xbd, 0x90, 0x30, 0x29, 0x19, 0x55, 0x00, 0x00, 0x90,
   0x29, 0xa1, 0x60, 0x13, 0xba, 0x00, 0x00, 0x9e, 0x20, 0xb0, 0x99, 0x29, 0x32,
   0x00, 0x00, 0xb2, 0x25, 0x9a, 0x0b, 0x45, 0xa2, 0x00, 0x00, 0x1d, 0x16, 0xc9,
   0x9b, 0x32, 0xc4, 0x00, 0x00, 0x1c, 0xaa, 0xaa, 0x9c, 0x19, 0x13, 0x00, 0x00,
   0xcc, 0xa2, 0xb4, 0xbc, 0xaa, 0x13, 0x00, 0x00, 0x2a, 0x9c, 0x10, 0x12, 0xb0,
   0x12, 0x00, 0x00, 0x0a, 0x61, 0x05, 0xca, 0xba, 0x3b, 0x00, 0x00, 0x02, 0x0b,
   0xd5, 0x1c, 0x09, 0x01, 0x00, 0x00, 0x3b, 0xad, 0x39, 0xda, 0xd0, 0x29, 0x00,
   0x00, 0xba, 0x1b, 0x1b, 0x39, 0xc3, 0x21, 0x00, 0x00, 0xd9, 0x13, 0xa2, 0x12,
   0x09, 0x0a, 0x00, 0x00, 0x9a, 0xa1, 0x9b, 0xa0, 0x03, 0xd0, 0x00, 0x00, 0x09,
   0x12, 0x11, 0xb9, 0x15, 0x21, 0x00, 0x00, 0xb3, 0xac, 0x01, 0xa3, 0x12, 0x0b,
   0x00, 0x00, 0x10, 0x92, 0xb9, 0x90, 0x2a, 0x9b, 0x00, 0x00, 0x00, 0x00, 0x00,
   0x00, 0x00, 0x00, 0x00, 0x00, 0x00, 0x00, 0x00, 0x00, 0x00, 0x00, 0x00, 0x00,
   0x00, 0x00, 0x00, 0x00, 0x00, 0x00, 0x00, 0x00, 0x00, 0x00, 0x00, 0x00, 0x00,
   0x00, 0x00, 0x00, 0x00, 0x00, 0x00, 0x00, 0x00, 0x00, 0x00, 0x00, 0x00, 0x00,
   0x00, 0x00, 0x00, 0x00, 0x00, 0x00, 0x00, 0x00, 0x00, 0x00, 0x00, 0x00, 0x00,
   0x00, 0x00, 0x00, 0x00, 0x00, 0x00, 0x00, 0x00, 0x00, 0x00, 0x00, 0x00, 0x00,
   0x00, 0x00, 0x00, 0x00, 0x00, 0x00, 0x00, 0x00, 0x00, 0x00, 0x00, 0x00, 0x00,
   0x00, 0x00, 0x00, 0x00, 0x00, 0x00, 0x00, 0x00, 0x00, 0x00, 0x00, 0x00, 0x00,
   0x00, 0x00, 0x3c, 0x2a, 0x3a, 0xc9, 0xca, 0xd9, 0x00, 0x00, 0xb1, 0x3b, 0x32,
   0x9b, 0x9c, 0x20, 0x00, 0x00, 0xaa, 0x2b, 0x99, 0x90, 0x91, 0x0c, 0x00, 0x00,
   0xab, 0x00, 0xc1, 0xa0, 0x21, 0x1a, 0x00, 0x00, 0x72, 0x21, 0x45, 0xb1, 0x59,
   0x10, 0x00, 0x00, 0x00, 0x11, 0x9a, 0xaa, 0x30, 0x21, 0x00, 0x00, 0xb9, 0x1c,
   0x29, 0x9a, 0x4b, 0x2a, 0x00, 0x00, 0x15, 0xa9, 0x09, 0xc0, 0x22, 0xb9, 0x00,
   0x00, 0xd1, 0xb2, 0x60, 0x91, 0xb9, 0x26, 0x00, 0x00, 0x14, 0x92, 0x99, 0x4b,
   0xa9, 0xb0, 0x00, 0x00, 0x1b, 0x49, 0x01, 0x9a, 0xb0, 0x20, 0x00, 0x00, 0x09,
   0x3a, 0x30, 0x2a, 0x20, 0x90, 0x00, 0x00, 0x99, 0xab, 0xb2, 0xbb, 0x2a, 0x91,
   0x00, 0x00, 0x93, 0xea, 0x1a, 0x19, 0x5a, 0x54, 0x00, 0x00, 0xc3, 0x91, 0x12,
   0x92, 0xb4, 0x20, 0x00, 0x00, 0xc2, 0x95, 0x49, 0xbc, 0xad, 0x22, 0x00, 0x00,
   0x2a, 0x92, 0x31, 0x0a, 0x9b, 0x9f, 0x00, 0x00, 0x00, 0x05, 0x14, 0xa0, 0xa0,
   0xac, 0x00, 0x00, 0x03, 0x04, 0x29, 0x1c, 0xbc, 0x19, 0x00, 0x00, 0x01, 0xb6,
   0x3b, 0x40, 0x03, 0x2a, 0x00, 0x00, 0xb2, 0x39, 0xba, 0x23, 0x31, 0x10, 0x00,
   0x00, 0x21, 0x03, 0x03, 0x0a, 0x0b, 0xc9, 0x00, 0x00, 0xb0, 0x23, 0xc0, 0x93,
   0x13, 0x00, 0x00, 0x00, 0x12, 0x90, 0x23, 0xcb, 0x9a, 0xa2, 0x00, 0x00, 0x53,
   0x31, 0xfb, 0x09, 0x31, 0x1d, 0x00, 0x00, 0xa0, 0x02, 0x19, 0xa1, 0x92, 0x9c,
   0x00, 0x00, 0x21, 0xaa, 0xbb, 0x3a, 0x23, 0x0d, 0x00, 0x00, 0xba, 0xda, 0xdd,
   0xd1, 0x90, 0x5e, 0x00, 0x00, 0x99, 0x9b, 0xad, 0x41, 0xa5, 0x20, 0x00, 0x00,
   0xdb, 0xa9, 0xdb, 0x9b, 0x0a, 0x39, 0x00, 0x00, 0x9a, 0x20, 0xc2, 0xaa, 0x31,
   0x0a, 0x00, 0x00, 0xa3, 0x9a, 0x02, 0xcb, 0x1a, 0x49, 0x00, 0x00, 0x03, 0xa1,
   0xb4, 0x1a, 0xbb, 0x3f, 0x00, 0x00, 0xa3, 0x1a, 0x00, 0xaa, 0x29, 0xa2, 0x00,
   0x00, 0x33, 0x1a, 0xab, 0x2d, 0xb0, 0xb5, 0x00, 0x00, 0x12, 0x6a, 0x9b, 0x24,
   0x41, 0xb2, 0x00, 0x00, 0x00, 0x00, 0x00, 0x00, 0x00, 0x00, 0x00, 0x00, 0x00,
   0x00, 0x00, 0x00, 0x00, 0x00, 0x00, 0x00, 0x00, 0x00, 0x00, 0x00, 0x00, 0x00,
   0x00, 0x00, 0x00, 0x00, 0x00, 0x00, 0x00, 0x00, 0x00, 0x00, 0x00, 0x00, 0x00,
   0x00, 0x00, 0x00, 0x00, 0x00, 0x00, 0x00, 0x00, 0x00, 0x00, 0x00, 0x00, 0x00,
   0x00, 0x00, 0x00, 0x00, 0x00, 0x00, 0x00, 0x00, 0x00, 0x00, 0x00, 0x00, 0x00,
   0x00, 0x00, 0x00, 0x00, 0x00, 0x00, 0x00, 0x00, 0x00, 0x00, 0x00, 0x00, 0x00,
   0x00, 0x00, 0x00, 0x00, 0x00, 0x00, 0x00, 0x00, 0x00, 0x00, 0x00, 0x00, 0x00,
   0x00, 0x00, 0x00, 0x00, 0x00, 0x00, 0x00, 0x00, 0x00, 0x31, 0x24, 0x33, 0xaa,
   0x0a, 0x12, 0x00, 0x00, 0x2a, 0xd4, 0x95, 0x4a, 0xa2, 0x02, 0x00, 0x00, 0x99,
   0x4d, 0xa0, 0xda, 0x1a, 0x1a, 0x00, 0x00, 0x29, 0x92, 0xa1, 0x0b, 0xb0, 0xa1,
   0x00, 0x00, 0x4a, 0x9b, 0xa9, 0x91, 0x1a, 0xa0, 0x00, 0x00, 0x10, 0x52, 0x01,
   0x39, 0xa4, 0x04, 0x00, 0x00, 0xa3, 0x21, 0x2a, 0x3a, 0x29, 0x3a, 0x00, 0x00,
   0x00, 0xa9, 0x43, 0x23, 0x39, 0x11, 0x00, 0x00, 0x13, 0x12, 0x09, 0xb2, 0x3a,
   0xc9, 0x00, 0x00, 0x99, 0x04, 0x03, 0xca, 0xc1, 0xcb, 0x00, 0x00, 0xb3, 0x17,
   0xa1, 0xab, 0x1a, 0x5a, 0x00, 0x00, 0xa3, 0x33, 0x3a, 0xa1, 0x31, 0x0b, 0x00,
   0x00, 0x2c, 0xc2, 0x12, 0x30, 0x1b, 0x11, 0x00, 0x00, 0x49, 0xa5, 0xb5, 0x09,
   0xa0, 0x01, 0x00, 0x00, 0x99, 0x22, 0x45, 0x42, 0x01, 0x23, 0x00, 0x00, 0x03,
   0x12, 0x02, 0x3a, 0xc3, 0x00, 0x00, 0x00, 0xb3, 0x0a, 0x11, 0x31, 0x09, 0x09,
   0x00, 0x00, 0x43, 0x11, 0xdd, 0x90, 0x93, 0x39, 0x00, 0x00, 0x03, 0x22, 0x43,
   0xa9, 0x31, 0x1b, 0x00, 0x00, 0x93, 0x04, 0x32, 0xbc, 0x13, 0xc9, 0x00, 0x00,
   0x22, 0x90, 0x9a, 0x91, 0x1a, 0x2a, 0x00, 0x00, 0x00, 0x21, 0x0a, 0x92, 0x1b,
   0xab, 0x00, 0x00, 0x30, 0x04, 0xa2, 0x24, 0x0b, 0x4a, 0x00, 0x00, 0x4a, 0x04,
   0xb3, 0x1b, 0x91, 0x10, 0x00, 0x00, 0x2d, 0x0c, 0x22, 0xc2, 0x11, 0x35, 0x00,
   0x00, 0xaa, 0x11, 0x2a, 0xca, 0x0a, 0xbb, 0x00, 0x00, 0x09, 0x4b, 0x24, 0x2f,
   0x12, 0xba, 0x00, 0x00, 0x39, 0xaa, 0x44, 0xca, 0x39, 0xde, 0x00, 0x00, 0x1b,
   0x39, 0x09, 0xb9, 0x20, 0x33, 0x00, 0x00, 0xba, 0x9a, 0x04, 0xaa, 0xa9, 0xd2,
   0x00, 0x00, 0x1b, 0x32, 0x04, 0xac, 0xaa, 0x20, 0x00, 0x00, 0x11, 0x32, 0xfb,
   0x09, 0xa1, 0x9a, 0x00, 0x00, 0x0c, 0x32, 0x03, 0x72, 0x2b, 0x11, 0x00, 0x00,
   0x99, 0x11, 0xec, 0x33, 0x93, 0x2d, 0x00, 0x00, 0x2a, 0xa9, 0xc3, 0x40, 0x93,
   0x44, 0x00, 0x00, 0x41, 0x32, 0xec, 0x21, 0x01, 0x29, 0x00, 0x00, 0x00, 0x00,
   0x00, 0x00, 0x00, 0x00, 0x00, 0x00, 0x00, 0x00, 0x00, 0x00, 0x00, 0x00, 0x00,
   0x00, 0x00, 0x00, 0x00, 0x00, 0x00, 0x00, 0x00, 0x00, 0x00, 0x00, 0x00, 0x00,
   0x00, 0x00, 0x00, 0x00, 0x00, 0x00, 0x00, 0x00, 0x00, 0x00, 0x00, 0x00, 0x00,
   0x00, 0x00, 0x00, 0x00, 0x00, 0x00, 0x00, 0x00, 0x00, 0x00, 0x00, 0x00, 0x00,
   0x00, 0x00, 0x00, 0x00, 0x00, 0x00, 0x00, 0x00, 0x00, 0x00, 0x00, 0x00, 0x00,
   0x00, 0x00, 0x00, 0x00, 0x00, 0x00, 0x00, 0x00, 0x00, 0x00, 0x00, 0x00, 0x00,
   0x00, 0x00, 0x00, 0x00, 0x00, 0x00, 0x00, 0x00, 0x00, 0x00, 0x00, 0x00, 0x00,
   0x00, 0x00, 0x00, 0xa0, 0x91, 0x20, 0xa0, 0x92, 0x9b, 0x00, 0x00, 0x53, 0x42,
   0x90, 0xba, 0xad, 0xb1, 0x00, 0x00, 0x09, 0xa6, 0x2c, 0xa1, 0xb1, 0xcd, 0x00,
   0x00, 0xb2, 0x49, 0xa3, 0x0c, 0x50, 0x00, 0x00, 0x00, 0x2a, 0x03, 0x02, 0x9a,
   0x29, 0x94, 0x00, 0x00, 0x99, 0xeb, 0x2e, 0xce, 0x0a, 0x0a, 0x00, 0x00, 0x22,
   0xe5, 0x0a, 0x21, 0x13, 0xda, 0x00, 0x00, 0xb1, 0x01, 0x0b, 0x9c, 0x49, 0x1a,
   0x00, 0x00, 0x3d, 0x0b, 0x2b, 0x3a, 0x41, 0x1d, 0x00, 0x00, 0xb9, 0x9b, 0x91,
   0x39, 0x92, 0x2b, 0x00, 0x00, 0x19, 0x3f, 0x29, 0x19, 0x11, 0x34, 0x00, 0x00,
   0x19, 0x09, 0xc4, 0x11, 0x14, 0x22, 0x00, 0x00, 0x13, 0x99, 0x12, 0x1a, 0x30,
   0xba, 0x00, 0x00, 0x19, 0x1d, 0xbb, 0xdc, 0x2b, 0x32, 0x00, 0x00, 0x01, 0x99,
   0xa4, 0x04, 0x9a, 0xcc, 0x00, 0x00, 0x19, 0x29, 0x1b, 0xa1, 0x1f, 0x1c, 0x00,
   0x00, 0x64, 0x05, 0x19, 0xdf, 0xea, 0x00, 0x00, 0x00, 0x9c, 0x03, 0xd2, 0x94,
   0xb2, 0xba, 0x00, 0x00, 0x43, 0xb1, 0x01, 0xbb, 0x1a, 0x4a, 0x00, 0x00, 0x1a,
   0xa2, 0xa0, 0xa3, 0x93, 0x20, 0x00, 0x00, 0x31, 0x22, 0xc1, 0xa3, 0x52, 0x2a,
   0x00, 0x00, 0x45, 0xa1, 0x91, 0xb3, 0x20, 0x2c, 0x00, 0x00, 0xba, 0x9c, 0xc9,
   0x37, 0x90, 0x60, 0x00, 0x00, 0x04, 0x1d, 0x12, 0x2b, 0xe3, 0xb0, 0x00, 0x00,
   0xa2, 0xb4, 0xaa, 0x53, 0x14, 0x52, 0x00, 0x00, 0x5c, 0x92, 0xdb, 0x11, 0x4a,
   0x02, 0x00, 0x00, 0x1a, 0xa0, 0x41, 0xb3, 0x10, 0x33, 0x00, 0x00, 0xb1, 0xd2,
   0xda, 0x10, 0xba, 0xbc, 0x00, 0x00, 0x13, 0x91, 0xa4, 0x10, 0xa5, 0x10, 0x00,
   0x00, 0x7a, 0xae, 0x5e, 0xcb, 0x39, 0x20, 0x00, 0x00, 0x20, 0x11, 0x00, 0x61,
   0x11, 0x99, 0x00, 0x00, 0x91, 0xa3, 0x9a, 0xdd, 0xa1, 0x1e, 0x00, 0x00, 0x2a,
   0xb9, 0x24, 0xac, 0x2a, 0x21, 0x00, 0x00, 0x0a, 0x24, 0xa1, 0x9b, 0x39, 0x2d,
   0x00, 0x00, 0x1a, 0x12, 0x01, 0xed, 0x0c, 0xca, 0x00, 0x00, 0xc0, 0x21, 0x92,
   0xb1, 0x21, 0x33, 0x00, 0x00, 0x00, 0x00, 0x00, 0x00, 0x00, 0x00, 0x00, 0x00,
   0x00, 0x00, 0x00, 0x00, 0x00, 0x00, 0x00, 0x00, 0x00, 0x00, 0x00, 0x00, 0x00,
   0x00, 0x00, 0x00, 0x00, 0x00, 0x00, 0x00, 0x00, 0x00, 0x00, 0x00, 0x00, 0x00,
   0x00, 0x00, 0x00, 0x00, 0x00, 0x00, 0x00, 0x00, 0x00, 0x00, 0x00, 0x00, 0x00,
   0x00, 0x00, 0x00, 0x00, 0x00, 0x00, 0x00, 0x00, 0x00, 0x00, 0x00, 0x00, 0x00,
   0x00, 0x00, 0x00, 0x00, 0x00, 0x00, 0x00, 0x00, 0x00, 0x00, 0x00, 0x00, 0x00,
   0x00, 0x00, 0x00, 0x00, 0x00, 0x00, 0x00, 0x00, 0x00, 0x00, 0x00, 0x00, 0x00,
   0x00, 0x00, 0x00, 0x00, 0x00, 0x00, 0x00, 0x00, 0x00, 0x00, 0x03, 0xca, 0x62,
   0x12, 0x03, 0xbc, 0x00, 0x00, 0x99, 0x2a, 0x2b, 0x43, 0xa0, 0xa0, 0x00, 0x00,
   0x20, 0x42, 0x53, 0x03, 0x31, 0x31, 0x00, 0x00, 0x01, 0x3a, 0x97, 0x92, 0xbc,
   0x0b, 0x00, 0x00, 0x94, 0x12, 0x22, 0xca, 0x03, 0x31, 0x00, 0x00, 0xa3, 0x11,
   0x93, 0xa0, 0x0a, 0x0d, 0x00, 0x00, 0x03, 0xc2, 0x39, 0xe9, 0xb9, 0x2a, 0x00,
   0x00, 0x41, 0x01, 0x10, 0x04, 0x31, 0xba, 0x00, 0x00, 0xad, 0xa0, 0xab, 0x4b,
   0x05, 0xb3, 0x00, 0x00, 0x3a, 0x39, 0x02, 0x02, 0x19, 0x32, 0x00, 0x00, 0x0a,
   0x20, 0x3a, 0xb0, 0x94, 0x0b, 0x00, 0x00, 0x01, 0x20, 0x0a, 0x23, 0x32, 0x1c,
   0x00, 0x00, 0x32, 0x10, 0x09, 0x29, 0x20, 0x99, 0x00, 0x00, 0x11, 0x9a, 0x9b,
   0x34, 0x00, 0x00, 0x00, 0x00, 0x5a, 0x42, 0x51, 0x49, 0x10, 0xb0, 0x00, 0x00,
   0xd9, 0x91, 0xbe, 0x20, 0x0a, 0x20, 0x00, 0x00, 0x9b, 0x03, 0x50, 0x91, 0xab,
   0x21, 0x00, 0x00, 0xc9, 0x9c, 0xa4, 0x09, 0x91, 0x19, 0x00, 0x00, 0x64, 0x12,
   0x03, 0xd0, 0x0d, 0x23, 0x00, 0x00, 0x95, 0x92, 0x00, 0x3a, 0x01, 0xc1, 0x00,
   0x00, 0x94, 0xba, 0xaa, 0xbd, 0x30, 0x90, 0x00, 0x00, 0x1d, 0x00, 0x39, 0x92,
   0x1d, 0x1a, 0x00, 0x00, 0x93, 0x12, 0x1c, 0xca, 0x2d, 0x23, 0x00, 0x00, 0xa5,
   0xbd, 0x10, 0xb1, 0x02, 0xd5, 0x00, 0x00, 0x02, 0x9e, 0x0b, 0xdb, 0x06, 0xb3,
   0x00, 0x00, 0x49, 0x29, 0x32, 0x39, 0x92, 0x12, 0x00, 0x00, 0xa9, 0x19, 0x99,
   0x13, 0x34, 0xad, 0x00, 0x00, 0x32, 0xc9, 0xb9, 0x0b, 0x06, 0x0a, 0x00, 0x00,
   0xa9, 0x62, 0x91, 0x12, 0x44, 0xb0, 0x00, 0x00, 0x09, 0xaa, 0x32, 0x32, 0xed,
   0xab, 0x00, 0x00, 0xde, 0xa2, 0x3b, 0xd1, 0x20, 0xa9, 0x00, 0x00, 0x11, 0x03,
   0xb5, 0xa0, 0x21, 0x0d, 0x00, 0x00, 0x32, 0x20, 0x45, 0x9d, 0x06, 0xb2, 0x00,
   0x00, 0x32, 0xa0, 0x90, 0x23, 0x41, 0xcb, 0x00, 0x00, 0xaa, 0x9b, 0x23, 0xd0,
   0x12, 0xca, 0x00, 0x00, 0x0b, 0x50, 0x13, 0x62, 0x92, 0x43, 0x00, 0x00, 0x00,
   0x00, 0x00, 0x00, 0x00, 0x00, 0x00, 0x00, 0x00, 0x00, 0x00, 0x00, 0x00, 0x00,
   0x00, 0x00, 0x00, 0x00, 0x00, 0x00, 0x00, 0x00, 0x00, 0x00, 0x00, 0x00, 0x00,
   0x00, 0x00, 0x00, 0x00, 0x00, 0x00, 0x00, 0x00, 0x00, 0x00, 0x00, 0x00, 0x00,
   0x00, 0x00, 0x00, 0x00, 0x00, 0x00, 0x00, 0x00, 0x00, 0x00, 0x00, 0x00, 0x00,
   0x00, 0x00, 0x00, 0x00, 0x00, 0x00, 0x00, 0x00, 0x00, 0x00, 0x00, 0x00, 0x00,
   0x00, 0x00, 0x00, 0x00, 0x00, 0x00, 0x00, 0x00, 0x00, 0x00, 0x00, 0x00, 0x00,
   0x00, 0x00, 0x00, 0x00, 0x00, 0x00, 0x00, 0x00, 0x00, 0x00, 0x00, 0x00, 0x00,
   0x00, 0x00, 0x00, 0x00, 0x42, 0xb0, 0x52, 0x99, 0xb1, 0x9b, 0x00, 0x00, 0xad,
   0x4c, 0x09, 0x4a, 0x24, 0x99, 0x00, 0x00, 0x34, 0x29, 0x1d, 0x30, 0x33, 0xdb,
   0x00, 0x00, 0x34, 0x4a, 0x59, 0x90, 0x29, 0x39, 0x00, 0x00, 0x44, 0xb2, 0x0b,
   0x0a, 0xba, 0x32, 0x00, 0x00, 0x4b, 0x0b, 0xc3, 0x94, 0x30, 0x91, 0x00, 0x00,
   0x91, 0x11, 0x41, 0x99, 0x13, 0x03, 0x00, 0x00, 0xa9, 0x91, 0x21, 0x11, 0x44,
   0x29, 0x00, 0x00, 0x2d, 0x0b, 0x11, 0xb2, 0xfc, 0xe3, 0x00, 0x00, 0x90, 0x34,
   0x99, 0x22, 0x42, 0x01, 0x00, 0x00, 0x29, 0x0a, 0x33, 0xca, 0xbe, 0x00, 0x00,
   0x00, 0x20, 0x24, 0xaa, 0x1b, 0x22, 0x30, 0x00, 0x00, 0x20, 0x93, 0x43, 0xae,
   0xc0, 0x09, 0x00, 0x00, 0x5a, 0xaa, 0xdb, 0x11, 0x2b, 0x09, 0x00, 0x00, 0x10,
   0x10, 0x19, 0xe9, 0xa9, 0xb0, 0x00, 0x00, 0x49, 0x25, 0x50, 0xaa, 0xa2, 0xb2,
   0x00, 0x00, 0x24, 0x03, 0x0b, 0x19, 0x1b, 0xa1, 0x00, 0x00, 0x69, 0x22, 0x03,
   0x99, 0x19, 0x49, 0x00, 0x00, 0x10, 0x25, 0xb1, 0x0d, 0x51, 0x54, 0x00, 0x00,
   0x23, 0xba, 0x22, 0x00, 0x94, 0x00, 0x00, 0x00, 0xcb, 0x0c, 0x21, 0xbb, 0xbc,
   0x11, 0x00, 0x00, 0x91, 0xb6, 0x13, 0x31, 0x20, 0xb0, 0x00, 0x00, 0x24, 0x94,
   0xa0, 0x39, 0x41, 0x6c, 0x00, 0x00, 0x51, 0xf4, 0x9a, 0x94, 0x29, 0xc0, 0x00,
   0x00, 0x1b, 0x13, 0xcb, 0x01, 0x1d, 0x39, 0x00, 0x00, 0xa1, 0x01, 0xca, 0x33,
   0xab, 0x44, 0x00, 0x00, 0xab, 0x93, 0x9b, 0xc1, 0xc9, 0x99, 0x00, 0x00, 0xd1,
   0x01, 0x0a, 0xa0, 0x92, 0xac, 0x00, 0x00, 0x20, 0x0e, 0x12, 0x3a, 0x1b, 0xcb,
   0x00, 0x00, 0x2a, 0xa5, 0x9d, 0xda, 0x51, 0xa3, 0x00, 0x00, 0x9c, 0x13, 0x31,
   0x0a, 0x09, 0x20, 0x00, 0x00, 0xc0, 0x10, 0xef, 0x9c, 0xb2, 0x29, 0x00, 0x00,
   0x0b, 0x99, 0xa4, 0x9b, 0x22, 0x41, 0x00, 0x00, 0xb2, 0xb9, 0x1c, 0xb2, 0x39,
   0x35, 0x00, 0x00, 0x33, 0x4b, 0x02, 0x43, 0xab, 0x91, 0x00, 0x00, 0x03, 0xaa,
   0x01, 0x91, 0xc9, 0xaa, 0x00, 0x00, 0x00, 0x00, 0x00, 0x00, 0x00, 0x00, 0x00,
   0x00, 0x00, 0x00, 0x00, 0x00, 0x00, 0x00, 0x00, 0x00, 0x00, 0x00, 0x00, 0x00,
   0x00, 0x00, 0x00, 0x00, 0x00, 0x00, 0x00, 0x00, 0x00, 0x00, 0x00, 0x00, 0x00,
   0x00, 0x00, 0x00, 0x00, 0x00, 0x00, 0x00, 0x00, 0x00, 0x00, 0x00, 0x00, 0x00,
   0x00, 0x00, 0x00, 0x00, 0x00, 0x00, 0x00, 0x00, 0x00, 0x00, 0x00, 0x00, 0x00,
   0x00, 0x00, 0x00, 0x00, 0x00, 0x00, 0x00, 0x00, 0x00, 0x00, 0x00, 0x00, 0x00,
   0x00, 0x00, 0x00, 0x00, 0x00, 0x00, 0x00, 0x00, 0x00, 0x00, 0x00, 0x00, 0x00,
   0x00, 0x00, 0x00, 0x00, 0x00, 0x00, 0x00, 0x00, 0x00, 0x00, 0x00, 0x02, 0x01,
   0x30, 0x04, 0x3a, 0xdb, 0x00, 0x00, 0x1b, 0xec, 0xec, 0x52, 0x2b, 0x35, 0x00,
   0x00, 0xb5, 0x02, 0x0b, 0xa0, 0xb0, 0xd3, 0x00, 0x00, 0x03, 0x21, 0xc0, 0x02,
   0x10, 0x30, 0x00, 0x00, 0xa0, 0x10, 0x44, 0x91, 0x40, 0x22, 0x00, 0x00, 0xaa,
   0x02, 0x00, 0xda, 0x4a, 0x01, 0x00, 0x00, 0x32, 0x1b, 0x43, 0x23, 0xa4, 0xc2,
   0x00, 0x00, 0x29, 0x49, 0x0b, 0xe0, 0x42, 0x90, 0x00, 0x00, 0xd2, 0x6a, 0xa0,
   0x44, 0x53, 0xab, 0x00, 0x00, 0x1d, 0xa2, 0xc5, 0xca, 0xb9, 0x1a, 0x00, 0x00,
   0xca, 0x0e, 0x16, 0x02, 0x33, 0x3a, 0x00, 0x00, 0xb0, 0xcb, 0x02, 0xb0, 0x13,
   0xbb, 0x00, 0x00, 0x9b, 0x33, 0x1a, 0x2c, 0x0b, 0xec, 0x00, 0x00, 0xc0, 0xb1,
   0xd9, 0xd9, 0x22, 0x92, 0x00, 0x00, 0x49, 0x1a, 0x12, 0x21, 0x1c, 0x9e, 0x00,
   0x00, 0xbc, 0xd9, 0xae, 0xab, 0x9d, 0x11, 0x00, 0x00, 0x50, 0xa3, 0x21, 0xac,
   0x1a, 0x20, 0x00, 0x00, 0xa4, 0xba, 0x21, 0x00, 0xbb, 0xb0, 0x00, 0x00, 0x50,
   0x10, 0x22, 0x02, 0xe2, 0x5d, 0x00, 0x00, 0x12, 0x01, 0x0a, 0x57, 0xb0, 0xc9,
   0x00, 0x00, 0x1a, 0xc4, 0x3b, 0x66, 0x90, 0xa4, 0x00, 0x00, 0x19, 0xd0, 0xa2,
   0x93, 0xc0, 0x1c, 0x00, 0x00, 0xa1, 0x00, 0x00, 0x62, 0x30, 0x1b, 0x00, 0x00,
   0x43, 0x11, 0x22, 0x0c, 0x03, 0x19, 0x00, 0x00, 0x34, 0x9a, 0x99, 0x9c, 0x91,
   0xa2, 0x00, 0x00, 0xb2, 0x30, 0x9c, 0xb0, 0x90, 0x30, 0x00, 0x00, 0x73, 0x05,
   0x1d, 0xa3, 0xba, 0x1e, 0x00, 0x00, 0x2d, 0xb3, 0xac, 0x1b, 0x00, 0x33, 0x00,
   0x00, 0x50, 0x9b, 0x0a, 0xb2, 0x99, 0x11, 0x00, 0x00, 0x01, 0x9e, 0x3e, 0x11,
   0x59, 0x0a, 0x00, 0x00, 0x4a, 0xb4, 0x2a, 0x90, 0x91, 0x21, 0x00, 0x00, 0x93,
   0x23, 0x9a, 0x9b, 0x51, 0x0b, 0x00, 0x00, 0xa4, 0xc0, 0xb0, 0x90, 0x22, 0xab,
   0x00, 0x00, 0x9a, 0x2b, 0x93, 0xc0, 0x1c, 0x91, 0x00, 0x00, 0x32, 0x99, 0x4a,
   0xcd, 0x35, 0xca, 0x00, 0x00, 0xb9, 0x22, 0xab, 0x2c, 0x13, 0x04, 0x00, 0x00,
   0x00, 0x00, 0x00, 0x00, 0x00, 0x00, 0x00, 0x00, 0x00, 0x00, 0x00, 0x00, 0x00,
   0x00, 0x00, 0x00, 0x00, 0x00, 0x00, 0x00, 0x00, 0x00, 0x00, 0x00, 0x00, 0x00,
   0x00, 0x00, 0x00, 0x00, 0x00, 0x00, 0x00, 0x00, 0x00, 0x00, 0x00, 0x00, 0x00,
   0x00, 0x00, 0x00, 0x00, 0x00, 0x00, 0x00, 0x00, 0x00, 0x00, 0x00, 0x00, 0x00,
   0x00, 0x00, 0x00, 0x00, 0x00, 0x00, 0x00, 0x00, 0x00, 0x00, 0x00, 0x00, 0x00,
   0x00, 0x00, 0x00, 0x00, 0x00, 0x00, 0x00, 0x00, 0x00, 0x00, 0x00, 0x00, 0x00,
   0x00, 0x00, 0x00, 0x00, 0x00, 0x00, 0x00, 0x00, 0x00, 0x00, 0x00, 0x00, 0x00,
   0x00, 0x00, 0x00, 0x00, 0x00, 0xb0, 0xb9, 0xa1, 0x29, 0x22, 0xb3, 0x00, 0x00,
   0x21, 0x9a, 0x92, 0xb2, 0x4d, 0x99, 0x00, 0x00, 0xa2, 0x0c, 0xdb, 0x13, 0x20,
   0x20, 0x00, 0x00, 0x0b, 0x31, 0x6c, 0xa0, 0x20, 0xd2, 0x00, 0x00, 0x04, 0x0a,
   0xab, 0x01, 0xca, 0x0e, 0x00, 0x00, 0x9d, 0x01, 0xc5, 0xd2, 0xaa, 0x10, 0x00,
   0x00, 0x01, 0x23, 0x05, 0xab, 0x11, 0xc4, 0x00, 0x00, 0x21, 0x16, 0xa1, 0xb0,
   0x2c, 0xc9, 0x00, 0x00, 0x99, 0xc4, 0x02, 0x05, 0xa5, 0x40, 0x00, 0x00, 0x13,
   0x2a, 0x29, 0xfc, 0xb2, 0xb9, 0x00, 0x00, 0xa9, 0x1b, 0xa3, 0xc9, 0x95, 0x35,
   0x00, 0x00, 0xca, 0x92, 0x01, 0xb1, 0xc9, 0xaa, 0x00, 0x00, 0x92, 0xb9, 0x33,
   0x95, 0x00, 0x39, 0x00, 0x00, 0x19, 0xa0, 0x20, 0x22, 0xb4, 0xc0, 0x00, 0x00,
   0x29, 0x1c, 0xb0, 0x9b, 0x92, 0xac, 0x00, 0x00, 0xb2, 0x1b, 0x03, 0x91, 0x12,
   0x25, 0x00, 0x00, 0x23, 0x99, 0xab, 0x94, 0x9c, 0xc2, 0x00, 0x00, 0x2a, 0xbc,
   0xea, 0xa0, 0x51, 0x31, 0x00, 0x00, 0x01, 0x2a, 0x2a, 0xa0, 0xd9, 0x9d, 0x00,
   0x00, 0x49, 0xc1, 0xa9, 0x19, 0x2c, 0xbd, 0x00, 0x00, 0x21, 0x29, 0xa1, 0x14,
   0xd3, 0xb1, 0x00, 0x00, 0x32, 0x23, 0xcb, 0xa5, 0x51, 0x1a, 0x00, 0x00, 0x11,
   0x92, 0x99, 0x22, 0xc3, 0x19, 0x00, 0x00, 0x0a, 0x96, 0xd0, 0x03, 0x50, 0xcd,
   0x00, 0x00, 0x05, 0x01, 0x0d, 0xb5, 0x0b, 0x43, 0x00, 0x00, 0xa1, 0x39, 0xa1,
   0x50, 0xb1, 0xa5, 0x00, 0x00, 0x34, 0x94, 0x09, 0xa2, 0x9a, 0x3a, 0x00, 0x00,
   0xc9, 0x0a, 0xa0, 0x10, 0x04, 0x10, 0x00, 0x00, 0x42, 0x33, 0x9a, 0xb2, 0xba,
   0x42, 0x00, 0x00, 0x31, 0x19, 0xa3, 0x01, 0x13, 0x91, 0x00, 0x00, 0x30, 0xc3,
   0x29, 0x42, 0x4c, 0x23, 0x00, 0x00, 0x09, 0x92, 0x99, 0x57, 0x41, 0x01, 0x00,
   0x00, 0x13, 0xa0, 0xa9, 0xb1, 0x93, 0x09, 0x00, 0x00, 0x0b, 0x2b, 0xab, 0x0a,
   0x4a, 0x2d, 0x00, 0x00, 0x91, 0x00, 0xab, 0x5e, 0xc5, 0x9a, 0x00, 0x00, 0xba,
   0x21, 0xaa, 0x9c, 0x92, 0x1c, 0x00, 0x00, 0x00, 0x00, 0x00, 0x00, 0x00, 0x00,
   0x00, 0x00, 0x00, 0x00, 0x00, 0x00, 0x00, 0x00, 0x00, 0x00, 0x00, 0x00, 0x00,
   0x00, 0x00, 0x00, 0x00, 0x00, 0x00, 0x00, 0x00, 0x00, 0x00, 0x00, 0x00, 0x00,
   0x00, 0x00, 0x00, 0x00, 0x00, 0x00, 0x00, 0x00, 0x00, 0x00, 0x00, 0x00, 0x00,
   0x00, 0x00, 0x00, 0x00, 0x00, 0x00, 0x00, 0x00, 0x00, 0x00, 0x00, 0x00, 0x00,
   0x00, 0x00, 0x00, 0x00, 0x00, 0x00, 0x00, 0x00, 0x00, 0x00, 0x00, 0x00, 0x00,
   0x00, 0x00, 0x00, 0x00, 0x00, 0x00, 0x00, 0x00, 0x00, 0x00, 0x00, 0x00, 0x00,
   0x00, 0x00, 0x00, 0x00, 0x00, 0x00, 0x00, 0x00, 0x00, 0x00, 0x00, 0x00, 0x44,
   0x95, 0x0a, 0x00, 0xb3, 0x90, 0x00, 0x00, 0x93, 0x09, 0x02, 0xa0, 0x03, 0x31,
   0x00, 0x00, 0x90, 0x10, 0x41, 0x2c, 0x0c, 0x1b, 0x00, 0x00, 0x0a, 0xcb, 0x10,
   0x11, 0x21, 0x31, 0x00, 0x00, 0x03, 0x07, 0x93, 0x2b, 0x2c, 0x45, 0x00, 0x00,
   0x1b, 0x62, 0x29, 0x2b, 0xa2, 0xa2, 0x00, 0x00, 0x9a, 0xd2, 0x23, 0x02, 0x11,
   0xa9, 0x00, 0x00, 0x13, 0x99, 0x1a, 0x2b, 0x14, 0xab, 0x00, 0x00, 0xa3, 0x03,
   0x10, 0x06, 0x59, 0xbb, 0x00, 0x00, 0x20, 0xa9, 0xcc, 0x10, 0xa3, 0xbb, 0x00,
   0x00, 0x0b, 0x3a, 0x99, 0xd9, 0x9a, 0x91, 0x00, 0x00, 0xad, 0xa9, 0x91, 0x41,
   0x12, 0xcb, 0x00, 0x00, 0x9a, 0x93, 0xb3, 0xcb, 0xa9, 0xa9, 0x00, 0x00, 0x24,
   0xcb, 0x3b, 0x20, 0x59, 0x51, 0x00, 0x00, 0x20, 0xbb, 0x0a, 0xb2, 0x1a, 0x1d,
   0x00, 0x00, 0x03, 0xb3, 0x3b, 0xdc, 0xb4, 0x21, 0x00, 0x00, 0x21, 0xa6, 0x92,
   0xa2, 0xac, 0x02, 0x00, 0x00, 0x23, 0x31, 0x49, 0xd1, 0xb1, 0x0a, 0x00, 0x00,
   0x40, 0x52, 0x20, 0x90, 0x3a, 0x09, 0x00, 0x00, 0x20, 0xa0, 0x2a, 0x42, 0xa1,
   0xb9, 0x00, 0x00, 0x19, 0x9a, 0xcb, 0xa0, 0xea, 0x34, 0x00, 0x00, 0x52, 0x01,
   0x2b, 0x23, 0xa0, 0x39, 0x00, 0x00, 0x9a, 0x30, 0x01, 0xc2, 0xb2, 0x01, 0x00,
   0x00, 0x0a, 0xb1, 0x2a, 0xcc, 0x12, 0x29, 0x00, 0x00, 0x03, 0x10, 0x92, 0xd0,
   0xab, 0x1b, 0x00, 0x00, 0x43, 0xb4, 0x21, 0x02, 0x1f, 0x0e, 0x00, 0x00, 0x09,
   0xc9, 0xbd, 0xb1, 0x92, 0xab, 0x00, 0x00, 0xab, 0xb2, 0xb9, 0xb0, 0x1a, 0xda,
   0x00, 0x00, 0x32, 0xed, 0x1a, 0x9a, 0x12, 0x1c, 0x00, 0x00, 0xc1, 0x0b, 0x12,
   0xa1, 0xcd, 0x19, 0x00, 0x00, 0x10, 0xa2, 0xb9, 0x10, 0xa1, 0x29, 0x00, 0x00,
   0x10, 0x00, 0xec, 0xbd, 0xab, 0x93, 0x00, 0x00, 0x90, 0x59, 0x9a, 0x1c, 0x00,
   0x21, 0x00, 0x00, 0xb3, 0x90, 0xa9, 0xa3, 0x01, 0x90, 0x00, 0x00, 0x0b, 0x05,
   0x05, 0x00, 0x45, 0x90, 0x00, 0x00, 0x01, 0xa9, 0xca, 0x23, 0x99, 0x62, 0x00,
   0x00, 0x00, 0x00, 0x00, 0x00, 0x00, 0x00, 0x00, 0x00, 0x00, 0x00, 0x00, 0x00,
   0x00, 0x00, 0x00, 0x00, 0x00, 0x00, 0x00, 0x00, 0x00, 0x00, 0x00, 0x00, 0x00,
   0x00, 0x00, 0x00, 0x00, 0x00, 0x00, 0x00, 0x00, 0x00, 0x00, 0x00, 0x00, 0x00,
   0x00, 0x00, 0x00, 0x00, 0x00, 0x00, 0x00, 0x00, 0x00, 0x00, 0x00, 0x00, 0x00,
   0x00, 0x00, 0x00, 0x00, 0x00, 0x00, 0x00, 0x00, 0x00, 0x00, 0x00, 0x00, 0x00,
   0x00, 0x00, 0x00, 0x00, 0x00, 0x00, 0x00, 0x00, 0x00, 0x00, 0x00, 0x00, 0x00,
   0x00, 0x00, 0x00, 0x00, 0x00, 0x00, 0x00, 0x00, 0x00, 0x00, 0x00, 0x00, 0x00,
   0x00, 0x00, 0x00, 0x00, 0x00, 0x00, 0x99, 0x19, 0x22, 0x23, 0xca, 0x32, 0x00,
   0x00, 0x20, 0x93, 0xb9, 0x62, 0x3a, 0xc1, 0x00, 0x00, 0x30, 0x39, 0x00, 0x32,
   0xb0, 0xb4, 0x00, 0x00, 0x50, 0x31, 0xd2, 0x33, 0x3e, 0xc2, 0x00, 0x00, 0xda,
   0x21, 0x2c, 0xa9, 0x12, 0x22, 0x00, 0x00, 0xa2, 0x11, 0x95, 0x43, 0x39, 0xaa,
   0x00, 0x00, 0x11, 0x01, 0x23, 0x4a, 0x34, 0x05, 0x00, 0x00, 0x39, 0x14, 0x92,
   0x1a, 0x9c, 0x40, 0x00, 0x00, 0x43, 0x04, 0x00, 0x12, 0xc9, 0x90, 0x00, 0x00,
   0x4c, 0x30, 0xa9, 0xd2, 0x90, 0x03, 0x00, 0x00, 0xd1, 0x31, 0x03, 0xa9, 0xaa,
   0x19, 0x00, 0x00, 0x3a, 0x04, 0x03, 0xb0, 0x91, 0x09, 0x00, 0x00, 0xa1, 0x03,
   0x79, 0x93, 0x3c, 0x2b, 0x00, 0x00, 0x0a, 0xa2, 0x0b, 0x19, 0xa3, 0xcb, 0x00,
   0x00, 0x15, 0xc5, 0x23, 0xce, 0x2b, 0x1b, 0x00, 0x00, 0xa3, 0xc9, 0x4a, 0x09,
   0xaa, 0x49, 0x00, 0x00, 0xba, 0xa1, 0x23, 0x30, 0x90, 0x3a, 0x00, 0x00, 0x1d,
   0x19, 0x0c, 0x1b, 0xa1, 0x11, 0x00, 0x00, 0xbb, 0x11, 0x0b, 0x22, 0xac, 0x90,
   0x00, 0x00, 0x20, 0x05, 0x32, 0xcb, 0x09, 0x04, 0x00, 0x00, 0x01, 0xeb, 0x49,
   0x43, 0xa2, 0x3a, 0x00, 0x00, 0x64, 0xb1, 0x11, 0xa2, 0x10, 0x9a, 0x00, 0x00,
   0xac, 0x04, 0xc1, 0x2a, 0xa4, 0x94, 0x00, 0x00, 0x3b, 0x95, 0x22, 0x92, 0xd0,
   0x3c, 0x00, 0x00, 0x99, 0x9c, 0xb3, 0xba, 0x0d, 0x01, 0x00, 0x00, 0x2a, 0xa1,
   0x1b, 0xc2, 0xd4, 0x31, 0x00, 0x00, 0x91, 0x0e, 0x91, 0xb0, 0x31, 0x94, 0x00,
   0x00, 0x92, 0x14, 0x94, 0x52, 0x92, 0x04, 0x00, 0x00, 0x4b, 0x21, 0xc1, 0x24,
   0xc1, 0x9c, 0x00, 0x00, 0xc9, 0x3b, 0xa1, 0xa2, 0x99, 0x0b, 0x00, 0x00, 0xb2,
   0x99, 0x32, 0xaa, 0x01, 0x41, 0x00, 0x00, 0x31, 0xd9, 0x13, 0x13, 0x25, 0xa3,
   0x00, 0x00, 0x23, 0x2a, 0x23, 0xa9, 0xc1, 0x19, 0x00, 0x00, 0x10, 0x39, 0x21,
   0x2a, 0x5c, 0xa1, 0x00, 0x00, 0xc0, 0x0b, 0x51, 0x19, 0xa7, 0x2c, 0x00, 0x00,
   0x30, 0xa1, 0x1a, 0x2c, 0x70, 0x03, 0x00, 0x00, 0x00, 0x00, 0x00, 0x00, 0x00,
   0x00, 0x00, 0x00, 0x00, 0x00, 0x00, 0x00, 0x00, 0x00, 0x00, 0x00, 0x00, 0x00,
   0x00, 0x00, 0x00, 0x00, 0x00, 0x00, 0x00, 0x00, 0x00, 0x00, 0x00, 0x00, 0x00,
   0x00, 0x00, 0x00, 0x00, 0x00, 0x00, 0x00, 0x00, 0x00, 0x00, 0x00, 0x00, 0x00,
   0x00, 0x00, 0x00, 0x00, 0x00, 0x00, 0x00, 0x00, 0x00, 0x00, 0x00, 0x00, 0x00,
   0x00, 0x00, 0x00, 0x00, 0x00, 0x00, 0x00, 0x00, 0x00, 0x00, 0x00, 0x00, 0x00,
   0x00, 0x00, 0x00, 0x00, 0x00, 0x00, 0x00, 0x00, 0x00, 0x00, 0x00, 0x00, 0x00,
   0x00, 0x00, 0x00, 0x00, 0x00, 0x00, 0x00, 0x00, 0x00, 0x00, 0x00, 0x00, 0x00,
   0xba, 0xcc, 0x34, 0x13, 0xb1, 0xb2, 0x00, 0x00, 0x32, 0x02, 0xb1, 0x49, 0x49,
   0xb0, 0x00, 0x00, 0xa2, 0x62, 0xb9, 0xa3, 0xc9, 0xa9, 0x00, 0x00, 0x9a, 0x52,
   0x29, 0x29, 0xaa, 0x00, 0x00, 0x00, 0x11, 0x33, 0x31, 0x0a, 0x94, 0x13, 0x00,
   0x00, 0x22, 0xf0, 0x9b, 0x22, 0x0a, 0x11, 0x00, 0x00, 0x12, 0x1a, 0x33, 0x94,
   0x14, 0xdd, 0x00, 0x00, 0x09, 0xa2, 0x10, 0x41, 0x12, 0xab, 0x00, 0x00, 0xbd,
   0x21, 0x22, 0xa3, 0xc9, 0x0a, 0x00, 0x00, 0x1b, 0xa9, 0x21, 0x13, 0x99, 0xb2,
   0x00, 0x00, 0x42, 0x09, 0x42, 0xaa, 0x90, 0x99, 0x00, 0x00, 0x90, 0x14, 0x94,
   0x30, 0x39, 0x20, 0x00, 0x00, 0x0b, 0xa1, 0x92, 0xbc, 0x10, 0x2a, 0x00, 0x00,
   0x19, 0x0a, 0x2a, 0xc1, 0x4b, 0x33, 0x00, 0x00, 0x23, 0x39, 0x4a, 0x22, 0x2c,
   0x9c, 0x00, 0x00, 0x1c, 0x3b, 0xd4, 0xb9, 0x2c, 0x9a, 0x00, 0x00, 0x55, 0xc5,
   0x39, 0x0e, 0xb4, 0xb2, 0x00, 0x00, 0xcb, 0x2b, 0xa2, 0x14, 0xd9, 0xcb, 0x00,
   0x00, 0x73, 0xb3, 0x22, 0x9d, 0x0a, 0x25, 0x00, 0x00, 0x1c, 0xb2, 0x00, 0x90,
   0xb5, 0x9e, 0x00, 0x00, 0x1a, 0xbb, 0x1a, 0xb0, 0x60, 0x42, 0x00, 0x00, 0xb9,
   0xb6, 0x43, 0x99, 0x23, 0xc7, 0x00, 0x00, 0xac, 0x5b, 0x2a, 0x4a, 0x10, 0x06,
   0x00, 0x00, 0xc2, 0x3c, 0x24, 0x4b, 0xd0, 0x1d, 0x00, 0x00, 0xa9, 0xbe, 0x01,
   0xcb, 0x11, 0xc1, 0x00, 0x00, 0x31, 0x14, 0xb3, 0x30, 0xa4, 0x0b, 0x00, 0x00,
   0x3a, 0x00, 0x32, 0x23, 0x0b, 0xc9, 0x00, 0x00, 0x23, 0x14, 0x0b, 0xa2, 0x9b,
   0x30, 0x00, 0x00, 0x93, 0x03, 0x94, 0x16, 0xb4, 0xc0, 0x00, 0x00, 0x73, 0x33,
   0x3a, 0xa9, 0x1c, 0x1a, 0x00, 0x00, 0x52, 0x7b, 0x76, 0xc1, 0xb4, 0x13, 0x00,
   0x00, 0x22, 0xa1, 0x9b, 0xb2, 0xb0, 0x31, 0x00, 0x00, 0x90, 0x20, 0xb5, 0xa0,
   0x2b, 0x4b, 0x00, 0x00, 0x11, 0x90, 0xbb, 0x91, 0x11, 0x24, 0x00, 0x00, 0xa0,
   0x12, 0x3b, 0x2b, 0x04, 0xaa, 0x00, 0x00, 0x0a, 0x14, 0x99, 0x90, 0x52, 0x70,
   0x00, 0x00, 0x00, 0x00, 0x00, 0x00, 0x00, 0x00, 0x00, 0x00, 0x00, 0x00, 0x00,
   0x00, 0x00, 0x00, 0x00, 0x00, 0x00, 0x00, 0x00, 0x00, 0x00, 0x00, 0x00, 0x00,
   0x00, 0x00, 0x00, 0x00, 0x00, 0x00, 0x00, 0x00, 0x00, 0x00, 0x00, 0x00, 0x00,
   0x00, 0x00, 0x00, 0x00, 0x00, 0x00, 0x00, 0x00, 0x00, 0x00, 0x00, 0x00, 0x00,
   0x00, 0x00, 0x00, 0x00, 0x00, 0x00, 0x00, 0x00, 0x00, 0x00, 0x00, 0x00, 0x00,
   0x00, 0x00, 0x00, 0x00, 0x00, 0x00, 0x00, 0x00, 0x00, 0x00, 0x00, 0x00, 0x00,
   0x00, 0x00, 0x00, 0x00, 0x00, 0x00, 0x00, 0x00, 0x00, 0x00, 0x00, 0x00, 0x00,
   0x00, 0x00, 0x00, 0x00, 0x00, 0x00, 0x00, 0x1b, 0x49, 0x61, 0xaa, 0x1c, 0x2b,
   0x00, 0x00, 0x4b, 0x21, 0x32, 0xb0, 0xa9, 0x52, 0x00, 0x00, 0x15, 0x36, 0x33,
   0x91, 0x22, 0x99, 0x00, 0x00, 0x03, 0x6a, 0x1b, 0x22, 0x21, 0x41, 0x00, 0x00,
   0x09, 0x13, 0x12, 0x00, 0x03, 0x54, 0x00, 0x00, 0x3a, 0xba, 0x21, 0xa2, 0x39,
   0x40, 0x00, 0x00, 0xbb, 0xb9, 0x32, 0xc0, 0x31, 0x13, 0x00, 0x00, 0x02, 0x03,
   0x14, 0x46, 0xa3, 0xb0, 0x00, 0x00, 0x4b, 0x10, 0x3a, 0x40, 0xc4, 0x09, 0x00,
   0x00, 0xa0, 0x21, 0x91, 0x46, 0x14, 0xbc, 0x00, 0x00, 0x43, 0xb1, 0x21, 0x20,
   0x14, 0x3b, 0x00, 0x00, 0x2b, 0x3a, 0xa1, 0x1a, 0x04, 0x30, 0x00, 0x00, 0xa3,
   0x3d, 0x25, 0x30, 0x23, 0x09, 0x00, 0x00, 0x9d, 0xe9, 0xe0, 0x91, 0x51, 0x12,
   0x00, 0x00, 0x00, 0x39, 0x24, 0xa9, 0x2b, 0x02, 0x00, 0x00, 0x52, 0xcb, 0x29,
   0x99, 0xc1, 0xb1, 0x00, 0x00, 0x41, 0x22, 0x32, 0x4a, 0x1a, 0xa9, 0x00, 0x00,
   0x1a, 0x1c, 0x44, 0x30, 0xb2, 0x0a, 0x00, 0x00, 0x23, 0x21, 0x10, 0x21, 0x50,
   0x39, 0x00, 0x00, 0x99, 0x49, 0x75, 0x2b, 0x93, 0x1b, 0x00, 0x00, 0x12, 0x1b,
   0xb1, 0xb1, 0x99, 0xb0, 0x00, 0x00, 0x49, 0x3b, 0x54, 0xa9, 0x93, 0xf2, 0x00,
   0x00, 0xd0, 0x29, 0xda, 0x9b, 0x00, 0x04, 0x00, 0x00, 0x3a, 0x11, 0x56, 0xc9,
   0xda, 0xe1, 0x00, 0x00, 0x39, 0x9a, 0x29, 0x33, 0xf4, 0x9b, 0x00, 0x00, 0x22,
   0xa3, 0x10, 0x44, 0x10, 0x4a, 0x00, 0x00, 0xb9, 0x4b, 0xc4, 0x02, 0x05, 0x1c,
   0x00, 0x00, 0xec, 0xa2, 0x99, 0xa1, 0xbb, 0x59, 0x00, 0x00, 0x4a, 0x10, 0xa9,
   0x94, 0x09, 0xa1, 0x00, 0x00, 0x9a, 0x0b, 0x30, 0xda, 0xd9, 0x59, 0x00, 0x00,
   0x02, 0xc1, 0xb2, 0x31, 0x11, 0xa2, 0x00, 0x00, 0xc3, 0x11, 0x91, 0xc0, 0xcb,
   0x19, 0x00, 0x00, 0x03, 0xbb, 0x3a, 0xf2, 0x2d, 0xa9, 0x00, 0x00, 0x90, 0x40,
   0x0a, 0x09, 0x1a, 0x5c, 0x00, 0x00, 0xab, 0xc2, 0x9d, 0x12, 0xa1, 0x94, 0x00,
   0x00, 0x20, 0x14, 0xa4, 0x30, 0x24, 0x5b, 0x00, 0x00, 0x00, 0x00, 0x00, 0x00,
   0x00, 0x00, 0x00, 0x00, 0x00, 0x00, 0x00, 0x00, 0x00, 0x00, 0x00, 0x00, 0x00,
   0x00, 0x00, 0x00, 0x00, 0x00, 0x00, 0x00, 0x00, 0x00, 0x00, 0x00, 0x00, 0x00,
   0x00, 0x00, 0x00, 0x00, 0x00, 0x00, 0x00, 0x00, 0x00, 0x00, 0x00, 0x00, 0x00,
   0x00, 0x00, 0x00, 0x00, 0x00, 0x00, 0x00, 0x00, 0x00, 0x00, 0x00, 0x00, 0x00,
   0x00, 0x00, 0x00, 0x00, 0x00, 0x00, 0x00, 0x00, 0x00, 0x00, 0x00, 0x00, 0x00,
   0x00, 0x00, 0x00, 0x00, 0x00, 0x00, 0x00, 0x00, 0x00, 0x00, 0x00, 0x00, 0x00,
   0x00, 0x00, 0x00, 0x00, 0x00, 0x00, 0x00, 0x00, 0x00, 0x00, 0x00, 0x00, 0x00,
   0x00, 0x90, 0xb2, 0xd0, 0x1a, 0x5b, 0x56, 0x00, 0x00, 0x43, 0x19, 0xbd, 0xc9,
   0x21, 0x22, 0x00, 0x00, 0x2d, 0xb9, 0x9a, 0x1a, 0x0a, 0x33, 0x00, 0x00, 0x0b,
   0x97, 0x09, 0x49, 0xd5, 0x4b, 0x00, 0x00, 0x9a, 0x4f, 0x02, 0x10, 0x99, 0x11,
   0x00, 0x00, 0x90, 0x1a, 0x9c, 0x19, 0xc9, 0x51, 0x00, 0x00, 0x3b, 0x6a, 0xb9,
   0x20, 0x40, 0x0b, 0x00, 0x00, 0x92, 0x41, 0x02, 0x1c, 0xa0, 0x23, 0x00, 0x00,
   0x1a, 0x64, 0xc1, 0x41, 0x24, 0x21, 0x00, 0x00, 0x05, 0x2b, 0x12, 0x0c, 0xb0,
   0x2a, 0x00, 0x00, 0x91, 0x43, 0x91, 0x95, 0x00, 0x20, 0x00, 0x00, 0x30, 0x31,
   0x02, 0xcc, 0xa1, 0x99, 0x00, 0x00, 0x10, 0xad, 0xa0, 0xb1, 0xa0, 0x22, 0x00,
   0x00, 0x0b, 0x29, 0x16, 0x90, 0xd9, 0x9d, 0x00, 0x00, 0xaa, 0x0b, 0xb4, 0xa2,
   0x21, 0x11, 0x00, 0x00, 0xa0, 0x9b, 0x0a, 0x23, 0x22, 0x0b, 0x00, 0x00, 0xab,
   0x1a, 0x31, 0x31, 0xb1, 0xb5, 0x00, 0x00, 0x50, 0x3a, 0x9d, 0xbb, 0x60, 0x15,
   0x00, 0x00, 0x9c, 0x0c, 0x32, 0x33, 0x00, 0xc2, 0x00, 0x00, 0x21, 0x0c, 0x02,
   0x91, 0xac, 0xb3, 0x00, 0x00, 0x0a, 0x13, 0x10, 0x44, 0x90, 0x23, 0x00, 0x00,
   0x1a, 0x90, 0xa9, 0x1d, 0x1a, 0x30, 0x00, 0x00, 0x30, 0x91, 0x11, 0x51, 0xb2,
   0x12, 0x00, 0x00, 0x1a, 0x19, 0x92, 0x19, 0xa0, 0x2a, 0x00, 0x00, 0x22, 0x44,
   0x29, 0x12, 0x10, 0x2b, 0x00, 0x00, 0x13, 0x92, 0x9b, 0xab, 0x9f, 0x42, 0x00,
   0x00, 0x30, 0x96, 0x51, 0x0b, 0x10, 0x35, 0x00, 0x00, 0xc2, 0x02, 0x43, 0xa2,
   0x2a, 0x39, 0x00, 0x00, 0x09, 0x17, 0xdd, 0xdf, 0x13, 0xa3, 0x00, 0x00, 0x32,
   0x17, 0x14, 0x10, 0x04, 0x02, 0x00, 0x00, 0x0a, 0x33, 0xc0, 0x16, 0x9c, 0x2b,
   0x00, 0x00, 0x92, 0xa9, 0x09, 0x47, 0x09, 0xc1, 0x00, 0x00, 0x20, 0xca, 0xac,
   0x50, 0xae, 0x09, 0x00, 0x00, 0xa1, 0x00, 0x90, 0x91, 0x92, 0x32, 0x00, 0x00,
   0x33, 0x03, 0x90, 0x41, 0x9e, 0x33, 0x00, 0x00, 0x23, 0xa2, 0x26, 0x09, 0x9b,
   0xdb, 0x00, 0x00, 0x00, 0x00, 0x00, 0x00, 0x00, 0x00, 0x00, 0x00, 0x00, 0x00,
   0x00, 0x00, 0x00, 0x00, 0x00, 0x00, 0x00, 0x00, 0x00, 0x00, 0x00, 0x00, 0x00,
   0x00, 0x00, 0x00, 0x00, 0x00, 0x00, 0x00, 0x00, 0x00, 0x00, 0x00, 0x00, 0x00,
   0x00, 0x00, 0x00, 0x00, 0x00, 0x00, 0x00, 0x00, 0x00, 0x00, 0x00, 0x00, 0x00,
   0x00, 0x00, 0x00, 0x00, 0x00, 0x00, 0x00, 0x00, 0x00, 0x00, 0x00, 0x00, 0x00,
   0x00, 0x00, 0x00, 0x00, 0x00, 0x00, 0x00, 0x00, 0x00, 0x00, 0x00, 0x00, 0x00,
   0x00, 0x00, 0x00, 0x00, 0x00, 0x00, 0x00, 0x00, 0x00, 0x00, 0x00, 0x00, 0x00,
   0x00, 0x00, 0x00, 0x00, 0x00, 0x00, 0x00, 0x00, 0xad, 0x05, 0x3a, 0xa2, 0xa0,
   0x0a, 0x00, 0x00, 0x51, 0x03, 0x0c, 0x19, 0x99, 0x51, 0x00, 0x00, 0xac, 0x31,
   0x20, 0x31, 0x39, 0x0a, 0x00, 0x00, 0x01, 0xda, 0x99, 0xcb, 0xb5, 0x39, 0x00,
   0x00, 0xe1, 0x9d, 0xa2, 0x0c, 0x5b, 0x33, 0x00, 0x00, 0x04, 0xb1, 0x5b, 0xb1,
   0x13, 0x53, 0x00, 0x00, 0x10, 0x0a, 0xba, 0x20, 0x03, 0xa1, 0x00, 0x00, 0xb9,
   0x0a, 0x42, 0xba, 0xb0, 0xaa, 0x00, 0x00, 0xcb, 0x12, 0x19, 0x63, 0x01, 0x40,
   0x00, 0x00, 0x3a, 0x93, 0x10, 0x3a, 0xa2, 0x22, 0x00, 0x00, 0x13, 0x34, 0x1a,
   0xa7, 0xbb, 0x00, 0x00, 0x00, 0x2a, 0x09, 0x00, 0xa0, 0x9b, 0x93, 0x00, 0x00,
   0x02, 0x41, 0x00, 0x13, 0x13, 0xb9, 0x00, 0x00, 0x3b, 0xca, 0x14, 0x13, 0xac,
   0x3a, 0x00, 0x00, 0xca, 0x1b, 0x9c, 0xc2, 0x15, 0x3a, 0x00, 0x00, 0x2a, 0x9c,
   0xa5, 0xa1, 0xba, 0x49, 0x00, 0x00, 0x9a, 0x3b, 0x20, 0x2a, 0x34, 0x11, 0x00,
   0x00, 0x3c, 0xa9, 0x04, 0x22, 0xb3, 0xa2, 0x00, 0x00, 0x13, 0x10, 0x90, 0x09,
   0x90, 0x40, 0x00, 0x00, 0xa4, 0xb5, 0x23, 0x20, 0x15, 0xb0, 0x00, 0x00, 0x09,
   0x49, 0x92, 0x99, 0x0c, 0x20, 0x00, 0x00, 0xc5, 0xa0, 0x03, 0x1c, 0xba, 0xac,
   0x00, 0x00, 0x00, 0x0a, 0x51, 0x09, 0x11, 0xa1, 0x00, 0x00, 0xa1, 0x02, 0x14,
   0x1c, 0x91, 0xc9, 0x00, 0x00, 0x3e, 0x93, 0x49, 0x54, 0xc5, 0x9b, 0x00, 0x00,
   0x00, 0xc1, 0x13, 0xac, 0x2b, 0x0c, 0x00, 0x00, 0x49, 0xe9, 0x54, 0x24, 0x29,
   0x9a, 0x00, 0x00, 0x00, 0x9d, 0x2a, 0xa0, 0x30, 0xdd, 0x00, 0x00, 0x9b, 0x12,
   0xcb, 0x0d, 0x00, 0x11, 0x00, 0x00, 0x4a, 0x1a, 0x99, 0xba, 0x9b, 0xe4, 0x00,
   0x00, 0x32, 0xa0, 0x0c, 0xa1, 0x00, 0x49, 0x00, 0x00, 0x93, 0x22, 0x63, 0x02,
   0xdb, 0x02, 0x00, 0x00, 0x03, 0xa0, 0x10, 0xf3, 0x3a, 0x31, 0x00, 0x00, 0x12,
   0x0d, 0x2a, 0x3a, 0xca, 0x41, 0x00, 0x00, 0x90, 0xab, 0x99, 0x24, 0x9a, 0x33,
   0x00, 0x00, 0xa0, 0x2b, 0x91, 0x02, 0x30, 0x9a, 0x00, 0x00, 0x00, 0x00, 0x00,
   0x00, 0x00, 0x00, 0x00, 0x00, 0x00, 0x00, 0x00, 0x00, 0x00, 0x00, 0x00, 0x00,
   0x00, 0x00, 0x00, 0x00, 0x00, 0x00, 0x00, 0x00, 0x00, 0x00, 0x00, 0x00, 0x00,
   0x00, 0x00, 0x00, 0x00, 0x00, 0x00, 0x00, 0x00, 0x00, 0x00, 0x00, 0x00, 0x00,
   0x00, 0x00, 0x00, 0x00, 0x00, 0x00, 0x00, 0x00, 0x00, 0x00, 0x00, 0x00, 0x00,
   0x00, 0x00, 0x00, 0x00, 0x00, 0x00, 0x00, 0x00, 0x00, 0x00, 0x00, 0x00, 0x00,
   0x00, 0x00, 0x00, 0x00, 0x00, 0x00, 0x00, 0x00, 0x00, 0x00, 0x00, 0x00, 0x00,
   0x00, 0x00, 0x00, 0x00, 0x00, 0x00, 0x00, 0x00, 0x00, 0x00, 0x00, 0x00, 0x00,
   0x00, 0x00, 0x29, 0xa1, 0xa9, 0xac, 0x52, 0x22, 0x00, 0x00, 0x24, 0x14, 0x13,
   0x10, 0x20, 0x90, 0x00, 0x00, 0xa0, 0xaa, 0xab, 0x1a, 0x4a, 0x95, 0x00, 0x00,
   0x34, 0x51, 0x23, 0x14, 0x1a, 0xeb, 0x00, 0x00, 0xdc, 0xbd, 0xcb, 0x09, 0xcb,
   0x1d, 0x00, 0x00, 0x0a, 0x69, 0x17, 0x39, 0x4b, 0xcb, 0x00, 0x00, 0x33, 0xd1,
   0x5b, 0x9a, 0x0b, 0xea, 0x00, 0x00, 0x4a, 0x30, 0xa2, 0x19, 0x20, 0xd0, 0x00,
   0x00, 0x19, 0xa2, 0x33, 0x92, 0x90, 0x9c, 0x00, 0x00, 0x49, 0x03, 0x14, 0xca,
   0x1b, 0x21, 0x00, 0x00, 0x2a, 0x2a, 0x99, 0xd0, 0x3c, 0x14, 0x00, 0x00, 0x11,
   0xba, 0x95, 0x91, 0xb1, 0xa0, 0x00, 0x00, 0x73, 0x93, 0x09, 0x33, 0x1c, 0x19,
   0x00, 0x00, 0x9a, 0x1b, 0x41, 0x13, 0xc4, 0x02, 0x00, 0x00, 0x02, 0x91, 0x01,
   0x65, 0xb0, 0x43, 0x00, 0x00, 0x00, 0x04, 0xb9, 0x61, 0x95, 0x94, 0x00, 0x00,
   0x90, 0xc9, 0x92, 0x29, 0x20, 0x24, 0x00, 0x00, 0x2c, 0x09, 0x2a, 0x33, 0x14,
   0x44, 0x00, 0x00, 0xbc, 0xa9, 0xaa, 0x9e, 0xa0, 0x1a, 0x00, 0x00, 0xba, 0xbd,
   0x91, 0x24, 0x3c, 0x1b, 0x00, 0x00, 0x9a, 0xba, 0xb2, 0xb0, 0xeb, 0x90, 0x00,
   0x00, 0xfa, 0xda, 0x9b, 0x13, 0xbd, 0x90, 0x00, 0x00, 0x19, 0x2a, 0xbb, 0x0c,
   0x5b, 0x44, 0x00, 0x00, 0x4a, 0xd9, 0x0b, 0x27, 0xa1, 0x2d, 0x00, 0x00, 0xd9,
   0x2c, 0x16, 0xa4, 0x10, 0x42, 0x00, 0x00, 0x99, 0x2c, 0x02, 0xa2, 0x10, 0x92,
   0x00, 0x00, 0x9b, 0x69, 0x32, 0x0a, 0x23, 0xb9, 0x00, 0x00, 0x90, 0x33, 0x77,
   0x31, 0xc4, 0x9b, 0x00, 0x00, 0x29, 0x4a, 0x53, 0x99, 0x29, 0xc0, 0x00, 0x00,
   0x43, 0x91, 0x23, 0x1c, 0x03, 0x0a, 0x00, 0x00, 0x31, 0x21, 0x34, 0x53, 0x36,
   0x99, 0x00, 0x00, 0xa0, 0xa0, 0xd1, 0x55, 0x43, 0x0b, 0x00, 0x00, 0xda, 0xa2,
   0x93, 0x1a, 0x20, 0x24, 0x00, 0x00, 0xa1, 0xc1, 0x9b, 0x53, 0x22, 0x49, 0x00,
   0x00, 0xf0, 0x1b, 0xa1, 0x01, 0x43, 0x02, 0x00, 0x00, 0xaa, 0xa3, 0x1a, 0x99,
   0x01, 0x19, 0x00, 0x00, 0x00, 0x00, 0x00, 0x00, 0x00, 0x00, 0x00, 0x00, 0x00,
   0x00, 0x00, 0x00, 0x00, 0x00, 0x00, 0x00, 0x00, 0x00, 0x00, 0x00, 0x00, 0x00,
   0x00, 0x00, 0x00, 0x00, 0x00, 0x00, 0x00, 0x00, 0x00, 0x00, 0x00, 0x00, 0x00,
   0x00, 0x00, 0x00, 0x00, 0x00, 0x00, 0x00, 0x00, 0x00, 0x00, 0x00, 0x00, 0x00,
   0x00, 0x00, 0x00, 0x00, 0x00, 0x00, 0x00, 0x00, 0x00, 0x00, 0x00, 0x00, 0x00,
   0x00, 0x00, 0x00, 0x00, 0x00, 0x00, 0x00, 0x00, 0x00, 0x00, 0x00, 0x00, 0x00,
   0x00, 0x00, 0x00, 0x00, 0x00, 0x00, 0x00, 0x00, 0x00, 0x00, 0x00, 0x00, 0x00,
   0x00, 0x00, 0x00, 0x00, 0x00, 0x00, 0x00, 0x00, 0x00, 0x01, 0x99, 0x01, 0xa0,
   0x00, 0x10, 0x00, 0x00, 0x99, 0xa2, 0x1c, 0x21, 0x1c, 0x30, 0x00, 0x00, 0x19,
   0x9b, 0x4b, 0x20, 0x02, 0xb4, 0x00, 0x00, 0x13, 0x92, 0xea, 0x19, 0x40, 0x19,
   0x00, 0x00, 0x00, 0xbb, 0x1c, 0x01, 0x01, 0x20, 0x00, 0x00, 0x90, 0x0a, 0x95,
   0x32, 0x99, 0x91, 0x00, 0x00, 0x90, 0xa3, 0x0b, 0x32, 0x99, 0x05, 0x00, 0x00,
   0x42, 0x24, 0x12, 0x9b, 0x3b, 0x29, 0x00, 0x00, 0x34, 0x20, 0x04, 0x1a, 0x01,
   0x0a, 0x00, 0x00, 0x02, 0x04, 0xb3, 0x92, 0x40, 0xa3, 0x00, 0x00, 0x90, 0x99,
   0x02, 0x20, 0x10, 0x12, 0x00, 0x00, 0x20, 0x31, 0x13, 0x03, 0xa4, 0x99, 0x00,
   0x00, 0x3b, 0x09, 0x22, 0x10, 0x3a, 0x39, 0x00, 0x00, 0x00, 0x14, 0x41, 0x50,
   0x25, 0x91, 0x00, 0x00, 0xac, 0x09, 0x00, 0x42, 0x92, 0xbd, 0x00, 0x00, 0x09,
   0xf9, 0x92, 0x01, 0xa4, 0x40, 0x00, 0x00, 0x9c, 0x10, 0xcc, 0x10, 0x9b, 0x10,
   0x00, 0x00, 0x09, 0xa0, 0x19, 0x9b, 0x10, 0xab, 0x00, 0x00, 0x93, 0x9c, 0x3b,
   0x96, 0x23, 0xd9, 0x00, 0x00, 0x40, 0x1d, 0xb2, 0x92, 0xab, 0x92, 0x00, 0x00,
   0x53, 0xba, 0x99, 0x34, 0xea, 0xdb, 0x00, 0x00, 0x02, 0x3c, 0xa1, 0xc0, 0xca,
   0xc3, 0x00, 0x00, 0x3a, 0x14, 0x14, 0x64, 0x93, 0x91, 0x00, 0x00, 0x50, 0x92,
   0x31, 0x9b, 0xaa, 0x1b, 0x00, 0x00, 0x9a, 0x39, 0xa2, 0x1a, 0xbb, 0x09, 0x00,
   0x00, 0x4f, 0x20, 0x1b, 0x11, 0x12, 0x51, 0x00, 0x00, 0xb1, 0x00, 0xb1, 0x13,
   0xca, 0x3d, 0x00, 0x00, 0x3d, 0x4a, 0x02, 0xbc, 0x43, 0x0b, 0x00, 0x00, 0xa1,
   0x00, 0x31, 0xd1, 0xa9, 0xa2, 0x00, 0x00, 0xab, 0xca, 0xba, 0x23, 0x01, 0x99,
   0x00, 0x00, 0x9a, 0x23, 0xcc, 0x62, 0x9c, 0xa2, 0x00, 0x00, 0x92, 0x00, 0x22,
   0x01, 0x19, 0xa0, 0x00, 0x00, 0x2d, 0xcb, 0x41, 0x4c, 0xab, 0xb1, 0x00, 0x00,
   0xc9, 0x31, 0x13, 0x19, 0xba, 0x1c, 0x00, 0x00, 0xc1, 0xbb, 0xca, 0x30, 0x34,
   0xd9, 0x00, 0x00, 0x20, 0xc1, 0xe9, 0x94, 0x15, 0xa3, 0x00, 0x00, 0x00, 0x00,
   0x00, 0x00, 0x00, 0x00, 0x00, 0x00, 0x00, 0x00, 0x00, 0x00, 0x00, 0x00, 0x00,
   0x00, 0x00, 0x00, 0x00, 0x00, 0x00, 0x00, 0x00, 0x00, 0x00, 0x00, 0x00, 0x00,
   0x00, 0x00, 0x00, 0x00, 0x00, 0x00, 0x00, 0x00, 0x00, 0x00, 0x00, 0x00, 0x00,
   0x00, 0x00, 0x00, 0x00, 0x00, 0x00, 0x00, 0x00, 0x00, 0x00, 0x00, 0x00, 0x00,
   0x00, 0x00, 0x00, 0x00, 0x00, 0x00, 0x00, 0x00, 0x00, 0x00, 0x00, 0x00, 0x00,
   0x00, 0x00, 0x00, 0x00, 0x00, 0x00, 0x00, 0x00, 0x00, 0x00, 0x00, 0x00, 0x00,
   0x00, 0x00, 0x00, 0x00, 0x00, 0x00, 0x00, 0x00, 0x00, 0x00, 0x00, 0x00, 0x00,
   0x00, 0x00, 0x00, 0xb3, 0x45, 0x04, 0x99, 0xba, 0x9c, 0x00, 0x00, 0x91, 0x9a,
   0x41, 0x21, 0x20, 0x0c, 0x00, 0x00, 0x50, 0xa0, 0x31, 0x31, 0x2a, 0x5a, 0x00,
   0x00, 0x99, 0x11, 0x9b, 0x03, 0x09, 0x09, 0x00, 0x00, 0x94, 0x1a, 0x2a, 0x99,
   0x02, 0x96, 0x00, 0x00, 0x12, 0x0b, 0x50, 0x11, 0x03, 0x9a, 0x00, 0x00, 0xa2,
   0x0b, 0x50, 0x31, 0x1c, 0x92, 0x00, 0x00, 0x39, 0x09, 0x21, 0x3a, 0x03, 0xa0,
   0x00, 0x00, 0x21, 0xb2, 0x51, 0x03, 0xaa, 0x9f, 0x00, 0x00, 0xb2, 0x4b, 0x2b,
   0x63, 0xb4, 0xa9, 0x00, 0x00, 0x9a, 0xba, 0x0a, 0x9c, 0xab, 0x12, 0x00, 0x00,
   0x12, 0x9b, 0xa2, 0x22, 0x93, 0x92, 0x00, 0x00, 0x91, 0x14, 0x31, 0xa3, 0xaa,
   0x14, 0x00, 0x00, 0x14, 0x1b, 0x3c, 0x30, 0x32, 0x45, 0x00, 0x00, 0xaa, 0x44,
   0x09, 0x3a, 0x10, 0x90, 0x00, 0x00, 0x94, 0x31, 0xa2, 0xe1, 0x01, 0xa1, 0x00,
   0x00, 0x62, 0xa2, 0x12, 0xab, 0x2b, 0x40, 0x00, 0x00, 0xb9, 0x6a, 0x90, 0x43,
   0x00, 0xab, 0x00, 0x00, 0x93, 0x04, 0x1a, 0x22, 0x20, 0x91, 0x00, 0x00, 0xc4,
   0x01, 0x62, 0x23, 0x40, 0x0a, 0x00, 0x00, 0x13, 0x2a, 0xbc, 0xba, 0xd3, 0x00,
   0x00, 0x00, 0x41, 0xa9, 0x71, 0x03, 0xdb, 0xb9, 0x00, 0x00, 0xa0, 0xa1, 0x01,
   0x01, 0xa1, 0x25, 0x00, 0x00, 0x09, 0xa0, 0x21, 0xa7, 0xc2, 0x9a, 0x00, 0x00,
   0xa3, 0xa1, 0x97, 0xad, 0xca, 0x2d, 0x00, 0x00, 0x49, 0x20, 0x47, 0x1c, 0x14,
   0xa1, 0x00, 0x00, 0x33, 0xbd, 0xc9, 0xae, 0xd9, 0x29, 0x00, 0x00, 0x92, 0x21,
   0x09, 0xa0, 0x09, 0x59, 0x00, 0x00, 0xcb, 0x1a, 0x2b, 0x64, 0x45, 0xda, 0x00,
   0x00, 0xc1, 0x3b, 0x2b, 0xbc, 0x23, 0x1c, 0x00, 0x00, 0x01, 0x1d, 0x21, 0xe9,
   0x16, 0x9b, 0x00, 0x00, 0x10, 0x23, 0x22, 0xad, 0xba, 0x50, 0x00, 0x00, 0xc1,
   0x9a, 0x10, 0xe0, 0xca, 0xbb, 0x00, 0x00, 0x15, 0x29, 0x9a, 0x12, 0x3c, 0x24,
   0x00, 0x00, 0x42, 0x93, 0x24, 0xa4, 0x30, 0xa9, 0x00, 0x00, 0xa3, 0x99, 0x10,
   0x31, 0x21, 0x2c, 0x00, 0x00, 0x00, 0x00, 0x00, 0x00, 0x00, 0x00, 0x00, 0x00,
   0x00, 0x00, 0x00, 0x00, 0x00, 0x00, 0x00, 0x00, 0x00, 0x00, 0x00, 0x00, 0x00,
   0x00, 0x00, 0x00, 0x00, 0x00, 0x00, 0x00, 0x00, 0x00, 0x00, 0x00, 0x00, 0x00,
   0x00, 0x00, 0x00, 0x00, 0x00, 0x00, 0x00, 0x00, 0x00, 0x00, 0x00, 0x00, 0x00,
   0x00, 0x00, 0x00, 0x00, 0x00, 0x00, 0x00, 0x00, 0x00, 0x00, 0x00, 0x00, 0x00,
   0x00, 0x00, 0x00, 0x00, 0x00, 0x00, 0x00, 0x00, 0x00, 0x00, 0x00, 0x00, 0x00,
   0x00, 0x00, 0x00, 0x00, 0x00, 0x00, 0x00, 0x00, 0x00, 0x00, 0x00, 0x00, 0x00,
   0x00, 0x00, 0x00, 0x00, 0x00, 0x00, 0x00, 0x00, 0x00, 0x00, 0xc3, 0x91, 0x90,
   0x02, 0x32, 0xb4, 0x00, 0x00, 0x91, 0x35, 0x5c, 0xba, 0x11, 0x20, 0x00, 0x00,
   0xb2, 0x1b, 0x10, 0x0b, 0xc9, 0x91, 0x00, 0x00, 0x1a, 0x10, 0xa2, 0x11, 0x94,
   0x2a, 0x00, 0x00, 0x2c, 0x91, 0xa1, 0xc0, 0x2c, 0x19, 0x00, 0x00, 0x00, 0x99,
   0xa0, 0x12, 0x2a, 0x35, 0x00, 0x00, 0x0a, 0x93, 0xa3, 0x11, 0x0a, 0x3a, 0x00,
   0x00, 0x30, 0xa0, 0x2a, 0x20, 0x9b, 0x21, 0x00, 0x00, 0x90, 0x01, 0x12, 0x29,
   0x1a, 0xc3, 0x00, 0x00, 0x32, 0x01, 0x23, 0x10, 0xa3, 0xb0, 0x00, 0x00, 0xc9,
   0x91, 0x39, 0x01, 0x1c, 0x40, 0x00, 0x00, 0x3b, 0x1a, 0x01, 0x4a, 0x02, 0x9c,
   0x00, 0x00, 0x09, 0xca, 0x29, 0x00, 0x2a, 0x0b, 0x00, 0x00, 0x30, 0xc3, 0x21,
   0x31, 0x9a, 0x20, 0x00, 0x00, 0xc9, 0x09, 0x91, 0xc1, 0xa4, 0x01, 0x00, 0x00,
   0x93, 0x31, 0x30, 0x05, 0x92, 0x99, 0x00, 0x00, 0x9a, 0x03, 0x39, 0x32, 0xb6,
   0x3a, 0x00, 0x00, 0x42, 0x51, 0x40, 0x22, 0x1a, 0x42, 0x00, 0x00, 0x93, 0x29,
   0x30, 0xaa, 0x10, 0x01, 0x00, 0x00, 0x09, 0x21, 0x20, 0x10, 0xba, 0x10, 0x00,
   0x00, 0x40, 0x30, 0x19, 0xb2, 0xb3, 0x1a, 0x00, 0x00, 0x5a, 0x43, 0x99, 0xa9,
   0xc3, 0x00, 0x00, 0x00, 0x35, 0x19, 0xb9, 0x95, 0x1a, 0x32, 0x00, 0x00, 0xc0,
   0x29, 0x3a, 0x0d, 0x5b, 0x93, 0x00, 0x00, 0xb0, 0x09, 0xaa, 0x10, 0x13, 0x90,
   0x00, 0x00, 0xcb, 0x20, 0x20, 0xca, 0x20, 0x22, 0x00, 0x00, 0xc1, 0xaa, 0x20,
   0xc2, 0xac, 0x10, 0x00, 0x00, 0xca, 0x0d, 0xa0, 0xd1, 0xcc, 0xb9, 0x00, 0x00,
   0x2d, 0x4d, 0xba, 0x0b, 0x22, 0x09, 0x00, 0x00, 0x0c, 0xa9, 0x25, 0xe0, 0xc1,
   0x99, 0x00, 0x00, 0x9c, 0xa4, 0x44, 0x0e, 0x20, 0x29, 0x00, 0x00, 0xab, 0x20,
   0xb1, 0xb2, 0x31, 0x01, 0x00, 0x00, 0x92, 0x03, 0xf1, 0x40, 0x1a, 0xa3, 0x00,
   0x00, 0x11, 0xa2, 0xa1, 0xbb, 0x10, 0x99, 0x00, 0x00, 0xb1, 0x3c, 0xa3, 0x4a,
   0x45, 0x3a, 0x00, 0x00, 0x90, 0x10, 0xd0, 0xab, 0x43, 0x03, 0x00, 0x00, 0x00,
   0x00, 0x00, 0x00, 0x00, 0x00, 0x00, 0x00, 0x00, 0x00, 0x00, 0x00, 0x00, 0x00,
   0x00, 0x00, 0x00, 0x00, 0x00, 0x00, 0x00, 0x00, 0x00, 0x00, 0x00, 0x00, 0x00,
   0x00, 0x00, 0x00, 0x00, 0x00, 0x00, 0x00, 0x00, 0x00, 0x00, 0x00, 0x00, 0x00,
   0x00, 0x00, 0x00, 0x00, 0x00, 0x00, 0x00, 0x00, 0x00, 0x00, 0x00, 0x00, 0x00,
   0x00, 0x00, 0x00, 0x00, 0x00, 0x00, 0x00, 0x00, 0x00, 0x00, 0x00, 0x00, 0x00,
   0x00, 0x00, 0x00, 0x00, 0x00, 0x00, 0x00, 0x00, 0x00, 0x00, 0x00, 0x00, 0x00,
   0x00, 0x00, 0x00, 0x00, 0x00, 0x00, 0x00, 0x00, 0x00, 0x00, 0x00, 0x00, 0x00,
   0x00, 0x00, 0x00, 0x00, 0x21, 0x03, 0x39, 0x93, 0x93, 0xe9, 0x00, 0x00, 0xb2,
   0x33, 0x31, 0x9a, 0xa0, 0xb0, 0x00, 0x00, 0x3a, 0x09, 0x23, 0x42, 0x9a, 0x3a,
   0x00, 0x00, 0xd9, 0x42, 0xb0, 0x09, 0xbb, 0x20, 0x00, 0x00, 0x34, 0x5a, 0x31,
   0xa0, 0x91, 0x93, 0x00, 0x00, 0x0b, 0x2b, 0x20, 0xc3, 0x11, 0x93, 0x00, 0x00,
   0x02, 0x19, 0xc0, 0x63, 0x42, 0x10, 0x00, 0x00, 0x02, 0xbb, 0x1a, 0x43, 0x32,
   0x03, 0x00, 0x00, 0x94, 0xaa, 0x12, 0x91, 0x10, 0xba, 0x00, 0x00, 0xb6, 0x13,
   0xc1, 0x41, 0x47, 0x9b, 0x00, 0x00, 0x34, 0x99, 0xaa, 0x42, 0xe0, 0x6b, 0x00,
   0x00, 0x30, 0x33, 0x00, 0x20, 0x03, 0xb4, 0x00, 0x00, 0xa0, 0x79, 0x04, 0xb9,
   0x12, 0xa5, 0x00, 0x00, 0xb3, 0xd2, 0xd9, 0x01, 0x61, 0x43, 0x00, 0x00, 0xb3,
   0x11, 0x29, 0xa0, 0x99, 0x9b, 0x00, 0x00, 0x42, 0x50, 0xd5, 0x1c, 0x0a, 0xd2,
   0x00, 0x00, 0x32, 0x15, 0xcb, 0xda, 0x9a, 0x2a, 0x00, 0x00, 0x92, 0x40, 0x91,
   0x91, 0xa1, 0x1e, 0x00, 0x00, 0x01, 0x6a, 0x09, 0x0a, 0xc2, 0x15, 0x00, 0x00,
   0x5c, 0x31, 0x22, 0x39, 0x93, 0x30, 0x00, 0x00, 0x02, 0x9b, 0x40, 0x19, 0xa1,
   0x29, 0x00, 0x00, 0x06, 0x02, 0x03, 0x1a, 0x20, 0xb0, 0x00, 0x00, 0xa9, 0x3a,
   0xaa, 0xa2, 0xc9, 0x0b, 0x00, 0x00, 0x12, 0x40, 0x12, 0x49, 0x1a, 0x21, 0x00,
   0x00, 0x03, 0xa1, 0x0a, 0x00, 0x9a, 0x33, 0x00, 0x00, 0x3b, 0x24, 0x25, 0x44,
   0xc9, 0xba, 0x00, 0x00, 0x5b, 0xb0, 0xa0, 0x24, 0x00, 0xb4, 0x00, 0x00, 0x13,
   0x03, 0xcd, 0x3a, 0xea, 0x9e, 0x00, 0x00, 0xba, 0x9a, 0x43, 0xa1, 0x14, 0x91,
   0x00, 0x00, 0x91, 0x93, 0xab, 0xb3, 0xcc, 0xa1, 0x00, 0x00, 0x13, 0x10, 0x1c,
   0xa9, 0x3c, 0x43, 0x00, 0x00, 0xba, 0x10, 0x33, 0x29, 0xda, 0x2a, 0x00, 0x00,
   0x99, 0xb0, 0x01, 0x19, 0x1b, 0x31, 0x00, 0x00, 0xb3, 0x01, 0xb0, 0x99, 0x9c,
   0x43, 0x00, 0x00, 0x00, 0x1b, 0x0d, 0x3c, 0x32, 0xc1, 0x00, 0x00, 0x90, 0xa2,
   0x13, 0x55, 0x29, 0x92, 0x00, 0x00, 0x00, 0x00, 0x00, 0x00, 0x00, 0x00, 0x00,
   0x00, 0x00, 0x00, 0x00, 0x00, 0x00, 0x00, 0x00, 0x00, 0x00, 0x00, 0x00, 0x00,
   0x00, 0x00, 0x00, 0x00, 0x00, 0x00, 0x00, 0x00, 0x00, 0x00, 0x00, 0x00, 0x00,
   0x00, 0x00, 0x00, 0x00, 0x00, 0x00, 0x00, 0x00, 0x00, 0x00, 0x00, 0x00, 0x00,
   0x00, 0x00, 0x00, 0x00, 0x00, 0x00, 0x00, 0x00, 0x00, 0x00, 0x00, 0x00, 0x00,
   0x00, 0x00, 0x00, 0x00, 0x00, 0x00, 0x00, 0x00, 0x00, 0x00, 0x00, 0x00, 0x00,
   0x00, 0x00, 0x00, 0x00, 0x00, 0x00, 0x00, 0x00, 0x00, 0x00, 0x00, 0x00, 0x00,
   0x00, 0x00, 0x00, 0x00, 0x00, 0x00, 0x00, 0x00, 0x00, 0x00, 0x00, 0x0c, 0x2a,
   0x94, 0x10, 0x10, 0x0d, 0x00, 0x00, 0x30, 0x91, 0x39, 0xd4, 0xa3, 0xa4, 0x00,
   0x00, 0x0b, 0x4b, 0x50, 0xa0, 0x51, 0x2a, 0x00, 0x00, 0x03, 0x4d, 0x19, 0x99,
   0x10, 0xa0, 0x00, 0x00, 0x93, 0x14, 0x06, 0x13, 0x24, 0xa4, 0x00, 0x00, 0xd1,
   0xb0, 0x9b, 0x9a, 0x0b, 0x79, 0x00, 0x00, 0xc3, 0x0a, 0x99, 0x20, 0x0a, 0x99,
   0x00, 0x00, 0x24, 0x22, 0xca, 0x12, 0xb1, 0xab, 0x00, 0x00, 0x90, 0x02, 0x43,
   0x32, 0x01, 0xc2, 0x00, 0x00, 0xb9, 0x12, 0x91, 0x40, 0x19, 0x00, 0x00, 0x00,
   0x42, 0x9c, 0x30, 0x24, 0x21, 0x20, 0x00, 0x00, 0x93, 0x30, 0xa0, 0x0c, 0xb1,
   0x9a, 0x00, 0x00, 0x12, 0x3b, 0x42, 0x22, 0x0a, 0x39, 0x00, 0x00, 0xa3, 0xb1,
   0x42, 0x12, 0x43, 0x13, 0x00, 0x00, 0xa9, 0x3a, 0x00, 0xa4, 0x25, 0xbb, 0x00,
   0x00, 0x19, 0x13, 0xa4, 0x9a, 0x9a, 0x33, 0x00, 0x00, 0xbc, 0x22, 0x31, 0x0b,
   0xb1, 0xa2, 0x00, 0x00, 0xa1, 0x41, 0x03, 0x30, 0xa3, 0xb2, 0x00, 0x00, 0x31,
   0x32, 0x94, 0x99, 0x2b, 0x99, 0x00, 0x00, 0x0a, 0x90, 0x04, 0x2a, 0x14, 0x4c,
   0x00, 0x00, 0x13, 0x23, 0x11, 0x0c, 0xba, 0x93, 0x00, 0x00, 0xb3, 0x2a, 0x15,
   0x3c, 0xd9, 0xea, 0x00, 0x00, 0xaa, 0xaa, 0x9a, 0xa2, 0x23, 0x02, 0x00, 0x00,
   0x9a, 0xab, 0x12, 0x3b, 0x01, 0x19, 0x00, 0x00, 0x02, 0x3e, 0xb9, 0x49, 0x93,
   0x9c, 0x00, 0x00, 0xa9, 0x25, 0x21, 0x3b, 0xb6, 0xba, 0x00, 0x00, 0x02, 0x02,
   0x46, 0x33, 0x12, 0x59, 0x00, 0x00, 0x00, 0x20, 0xa9, 0x90, 0xe0, 0x7a, 0x00,
   0x00, 0x3c, 0x2c, 0xb4, 0x90, 0x99, 0x04, 0x00, 0x00, 0xa4, 0x3e, 0x31, 0x03,
   0x0b, 0x11, 0x00, 0x00, 0xa0, 0xc2, 0xbc, 0x92, 0xb9, 0x31, 0x00, 0x00, 0x22,
   0x43, 0x09, 0xac, 0xf9, 0x2b, 0x00, 0x00, 0x9b, 0xcc, 0xc0, 0xdb, 0x39, 0x01,
   0x00, 0x00, 0xa0, 0xa3, 0x93, 0x23, 0x02, 0x93, 0x00, 0x00, 0x92, 0x99, 0x3c,
   0xab, 0xa1, 0x05, 0x00, 0x00, 0xba, 0x11, 0x21, 0x41, 0x45, 0x4a, 0x00, 0x00,
   0x00, 0x00, 0x00, 0x00, 0x00, 0x00, 0x00, 0x00, 0x00, 0x00, 0x00, 0x00, 0x00,
   0x00, 0x00, 0x00, 0x00, 0x00, 0x00, 0x00, 0x00, 0x00, 0x00, 0x00, 0x00, 0x00,
   0x00, 0x00, 0x00, 0x00, 0x00, 0x00, 0x00, 0x00, 0x00, 0x00, 0x00, 0x00, 0x00,
   0x00, 0x00, 0x00, 0x00, 0x00, 0x00, 0x00, 0x00, 0x00, 0x00, 0x00, 0x00, 0x00,
   0x00, 0x00, 0x00, 0x00, 0x00, 0x00, 0x00, 0x00, 0x00, 0x00, 0x00, 0x00, 0x00,
   0x00, 0x00, 0x00, 0x00, 0x00, 0x00, 0x00, 0x00, 0x00, 0x00, 0x00, 0x00, 0x00,
   0x00, 0x00, 0x00, 0x00, 0x00, 0x00, 0x00, 0x00, 0x00, 0x00, 0x00, 0x00, 0x00,
   0x00, 0x00, 0x00, 0x00, 0x00, 0x04, 0x02, 0x03, 0x01, 0x00, 0x00, 0x60, 0x00,
   0xc6, 0xff, 0x0f, 0x00, 0x3c, 0x02, 0x00, 0x00, 0x98, 0xff, 0x0f, 0x00, 0xf1,
   0x02, 0x00, 0x00, 0x45, 0x00, 0x00, 0x00, 0xe9, 0x01, 0x00, 0x00, 0xcb, 0xff,
   0x0f, 0x00, 0xaf, 0x01, 0x00, 0x00, 0xd0, 0xff, 0x0f, 0x00, 0x49, 0x01, 0x00,
   0x00, 0xd5, 0xff, 0x0f, 0x00, 0x29, 0x02, 0x00, 0x00, 0xdc, 0xff, 0x0f, 0x00,
   0xfc, 0x01, 0x00, 0x00, 0xb2, 0xff, 0x0f, 0x00, 0x81, 0x01, 0x00, 0x00, 0xde,
   0xff, 0x0f, 0x00, 0x7f, 0x01, 0x00, 0x00, 0x6f, 0xff, 0x0f, 0x00, 0x9e, 0x01,
   0x00, 0x00, 0x05, 0x00, 0x00, 0x00, 0x16, 0x02, 0x00, 0x00, 0x1f, 0x00, 0x00,
   0x00, 0x22, 0x02, 0x00, 0x00, 0xb9, 0xff, 0x0f, 0x00, 0xac, 0x01, 0x00, 0x00,
   0xbf, 0xff, 0x0f, 0x00, 0x35, 0x01, 0x00, 0x00, 0xcf, 0xff, 0x0f, 0x00, 0xd0,
   0x02, 0x00, 0x00, 0x97, 0x00, 0x00, 0x00, 0xd4, 0x01, 0x00, 0x00, 0xb1, 0xff,
   0x0f, 0x00, 0x6d, 0x02, 0x00, 0x00, 0x7b, 0xff, 0x0f, 0x00, 0xe9, 0x01, 0x00,
   0x00, 0x51, 0x00, 0x00, 0x00, 0xec, 0x01, 0x00, 0x00, 0x20, 0x00, 0x00, 0x00,
   0x72, 0x01, 0x00, 0x00, 0x4d, 0x00, 0x00, 0x00, 0x24, 0x02, 0x00, 0x00, 0x32,
   0x00, 0x00, 0x00, 0x41, 0x02, 0x00, 0x00, 0x06, 0x00, 0x00, 0x00, 0x70, 0x01,
   0x00, 0x00, 0xc2, 0xff, 0x0f, 0x00, 0xba, 0x01, 0x00, 0x00, 0xa0, 0xff, 0x0f,
   0x00, 0x0c, 0x02, 0x00, 0x00, 0x68, 0x00, 0x00, 0x00, 0x06, 0x02, 0x00, 0x00,
   0xe3, 0xff, 0x0f, 0x00, 0x29, 0x02, 0x00, 0x00, 0xb2, 0xff, 0x0f, 0x00, 0xca,
   0x01, 0x00, 0x00, 0x62, 0xff, 0x0f, 0x00, 0xc0, 0x01, 0x00, 0x00, 0xbd, 0xff,
   0x0f, 0x00, 0x6a, 0x02, 0x00, 0x00, 0x0d, 0x00, 0x00, 0x00, 0xa9, 0x01, 0x00,
   0x00, 0xe4, 0x00, 0x00, 0x00, 0x79, 0x02, 0x00, 0x00, 0x4d, 0x00, 0x00, 0x00,
   0x26, 0x02, 0x00, 0x00, 0x34, 0x00, 0x00, 0x00, 0x0a, 0x02, 0x00, 0x00, 0xf1,
   0xff, 0x0f, 0x00, 0x61, 0x02, 0x00, 0x00, 0xb3, 0x00, 0x00, 0x00, 0x26, 0x02,
   0x00, 0x00, 0x2a, 0x00, 0x00, 0x00, 0xbd, 0x01, 0x00, 0x00, 0x1d, 0x00, 0x00,
   0x00, 0x9c, 0x01, 0x00, 0x00, 0x9d, 0x00, 0x00, 0x00, 0x2b, 0x02, 0x00, 0x00,
   0x6f, 0x00, 0x00, 0x00, 0x1d, 0x02, 0x00, 0x00, 0xf9, 0xff, 0x0f, 0x00, 0xa4,
   0x01, 0x00, 0x00, 0xd6, 0xff, 0x0f, 0x00, 0x04, 0x02, 0x00, 0x00, 0x12, 0x00,
   0x00, 0x00, 0xf8, 0x01, 0x00, 0x00, 0xfd, 0xff, 0x0f, 0x00, 0x94, 0x01, 0x00,
   0x00, 0xfb, 0xff, 0x0f, 0x00, 0x68, 0x01, 0x00, 0x00, 0xa5, 0x00, 0x00, 0x00,
   0x12, 0x02, 0x00, 0x00, 0xc7, 0xff, 0x0f, 0x00, 0xd4, 0x01, 0x00, 0x00, 0x8a,
   0xff, 0x0f, 0x00, 0x37, 0x02, 0x00, 0x00, 0xbe, 0xc0, 0xff, 0xff, 0x04, 0x00,
   0x00, 0x00, 0x01, 0x00, 0x00, 0x00, 0x04, 0x00, 0x00, 0x00, 0xce, 0xc0, 0xff,
   0xff, 0x04, 0x00, 0x00, 0x00, 0x78, 0x06, 0x00, 0x00, 0x08, 0x08, 0x02, 0x01,
   0x00, 0x00, 0x32, 0x00, 0x00, 0x00, 0x00, 0x00, 0x60, 0x00, 0x00, 0x00, 0x00,
   0x00, 0x00, 0x00, 0x0a, 0xa0, 0x01, 0x02, 0xc0, 0x06, 0x00, 0x80, 0x00, 0x00,
   0x00, 0x00, 0x00, 0x00, 0x04, 0x04, 0x00, 0x00, 0x00, 0x00, 0x18, 0x00, 0x18,
   0x00, 0x00, 0x00, 0x00, 0x00, 0x18, 0x00, 0x18, 0x00, 0x18, 0x00, 0x01, 0x00,
   0x00, 0x00, 0x00, 0x52, 0x10, 0x00, 0x00, 0x00, 0x00, 0x00, 0x00, 0x00, 0x00,
   0x00, 0x00, 0x00, 0x00, 0x00, 0x00, 0x00, 0x00, 0x00, 0x00, 0x00, 0x00, 0x00,
   0x00, 0x00, 0x00, 0x00, 0x00, 0x00, 0x00, 0x01, 0x00, 0x30, 0x20, 0x00, 0x00,
   0x00, 0x00, 0x00, 0x00, 0x00, 0x00, 0x00, 0x00, 0x00, 0x00, 0x00, 0x00, 0x00,
   0x0c, 0x00, 0x0c, 0x00, 0x00, 0x00, 0x20, 0x00, 0x11, 0x00, 0x00, 0x00, 0x48,
   0x00, 0x0c, 0x00, 0x00, 0x00, 0x04, 0x00, 0x00, 0x00, 0x00, 0x00, 0x00, 0x00,
   0x00, 0x00, 0x00, 0x00, 0x00, 0x00, 0x00, 0x00, 0x00, 0x00, 0x00, 0x00, 0x00,
   0x00, 0x00, 0x00, 0x00, 0x00, 0x00, 0x00, 0x00, 0x00, 0x00, 0x00, 0x00, 0xff,
   0x00, 0x00, 0x00, 0x00, 0x00, 0x00, 0x00, 0x00, 0x00, 0x00, 0x00, 0x00, 0x00,
   0x00, 0x00, 0x00, 0x00, 0x00, 0x00, 0x00, 0x00, 0x00, 0x00, 0x00, 0x00, 0x00,
   0x08, 0xff, 0x01, 0x01, 0x00, 0x03, 0x01, 0x01, 0x00, 0x00, 0x01, 0x01, 0x00,
   0x00, 0x00, 0x00, 0x00, 0x00, 0x00, 0x00, 0x00, 0x00, 0x00, 0x08, 0x02, 0x01,
   0x00, 0x00, 0x00, 0x06, 0x1b, 0x3e, 0x9b, 0xaa, 0x92, 0x34, 0x00, 0x00, 0x39,
   0xae, 0x11, 0xa3, 0x36, 0x29, 0x00, 0x00, 0x0d, 0x20, 0x19, 0x9c, 0x99, 0x1a,
   0x00, 0x00, 0x90, 0x1f, 0xa1, 0x11, 0x91, 0x99, 0x00, 0x00, 0x93, 0x91, 0x94,
   0x1a, 0xb9, 0x1a, 0x00, 0x00, 0x3d, 0x14, 0x99, 0x9a, 0xb9, 0xaa, 0x00, 0x00,
   0xa9, 0x2c, 0xbf, 0x32, 0x72, 0x41, 0x00, 0x00, 0x91, 0xaa, 0x19, 0xba, 0x00,
   0x19, 0x00, 0x00, 0x3c, 0x22, 0xf9, 0x12, 0x14, 0x23, 0x00, 0x00, 0x31, 0x02,
   0xea, 0xa0, 0xea, 0x1a, 0x00, 0x00, 0xcc, 0x1a, 0x45, 0x51, 0xc3, 0xa9, 0x00,
   0x00, 0x43, 0x94, 0x3b, 0x92, 0xa0, 0x22, 0x00, 0x00, 0x9c, 0xe3, 0xdf, 0x45,
   0x52, 0xa2, 0x00, 0x00, 0x9b, 0xad, 0x91, 0x2a, 0x3c, 0x99, 0x00, 0x00, 0xba,
   0x90, 0xb9, 0xa9, 0x12, 0x91, 0x00, 0x00, 0x0d, 0x1d, 0x29, 0x41, 0xaa, 0x20,
   0x00, 0x00, 0xb4, 0xd7, 0x19, 0xeb, 0x3a, 0xa5, 0x00, 0x00, 0xdb, 0xc0, 0xb1,
   0xc1, 0xbe, 0x0a, 0x00, 0x00, 0x15, 0xf5, 0x24, 0x90, 0xc0, 0x23, 0x00, 0x00,
   0x95, 0xca, 0x1c, 0xdd, 0x11, 0x26, 0x00, 0x00, 0x72, 0x06, 0x25, 0x03, 0xb0,
   0x51, 0x00, 0x00, 0xda, 0x9d, 0x9b, 0x30, 0x1f, 0x39, 0x00, 0x00, 0x65, 0x13,
   0xbc, 0x19, 0x19, 0xda, 0x00, 0x00, 0x02, 0x1c, 0xb2, 0x1a, 0x9a, 0x9c, 0x00,
   0x00, 0x00, 0x00, 0x00, 0x00, 0x00, 0x00, 0x00, 0x00, 0x00, 0x00, 0x00, 0x00,
   0x00, 0x00, 0x00, 0x00, 0x00, 0x00, 0x00, 0x00, 0x00, 0x00, 0x00, 0x00, 0x00,
   0x00, 0x00, 0x00, 0x00, 0x00, 0x00, 0x00, 0x00, 0x00, 0x00, 0x00, 0x00, 0x00,
   0x00, 0x00, 0x00, 0x00, 0x00, 0x00, 0x00, 0x00, 0x00, 0x00, 0x00, 0x00, 0x00,
   0x00, 0x00, 0x00, 0x00, 0x00, 0x00, 0x00, 0x00, 0x00, 0x00, 0x00, 0x00, 0x00,
   0x4a, 0x1b, 0x2b, 0x21, 0x41, 0xb0, 0x00, 0x00, 0x19, 0x0a, 0x99, 0x3b, 0xab,
   0x11, 0x00, 0x00, 0x9a, 0x10, 0xac, 0x00, 0x0b, 0x03, 0x00, 0x00, 0x0b, 0x00,
   0xa2, 0xb9, 0x30, 0x99, 0x00, 0x00, 0x2c, 0xcb, 0x91, 0xb0, 0x02, 0x40, 0x00,
   0x00, 0x01, 0xc9, 0x9b, 0xa9, 0xaa, 0x40, 0x00, 0x00, 0xac, 0xa9, 0x91, 0xa1,
   0x54, 0xa2, 0x00, 0x00, 0x32, 0xa9, 0xba, 0x21, 0xcd, 0x0a, 0x00, 0x00, 0x43,
   0x0b, 0x1c, 0x21, 0x4b, 0xc9, 0x00, 0x00, 0x01, 0x39, 0xc4, 0x0c, 0x21, 0x11,
   0x00, 0x00, 0x14, 0xa9, 0xa1, 0x0b, 0xbb, 0x02, 0x00, 0x00, 0x1a, 0xb2, 0x03,
   0xd9, 0x4f, 0x23, 0x00, 0x00, 0xb2, 0xf0, 0x0d, 0x01, 0x00, 0x3a, 0x00, 0x00,
   0x9a, 0x49, 0x52, 0x91, 0x01, 0x02, 0x00, 0x00, 0x40, 0xca, 0x1a, 0x32, 0xcc,
   0x44, 0x00, 0x00, 0xcd, 0xac, 0x32, 0x24, 0x3b, 0xb2, 0x00, 0x00, 0x22, 0x22,
   0xb1, 0x39, 0x32, 0x06, 0x00, 0x00, 0xcb, 0xc0, 0xb0, 0x41, 0x10, 0x21, 0x00,
   0x00, 0x04, 0x23, 0x04, 0x10, 0xb1, 0x51, 0x00, 0x00, 0x9d, 0x21, 0x1b, 0xa1,
   0xa1, 0xc3, 0x00, 0x00, 0x10, 0xea, 0xab, 0x23, 0x34, 0xc9, 0x00, 0x00, 0xb9,
   0xa4, 0xcf, 0x0c, 0x0c, 0x25, 0x00, 0x00, 0x01, 0x01, 0x41, 0x29, 0x13, 0x92,
   0x00, 0x00, 0x00, 0x0a, 0x01, 0xab, 0x1a, 0xc1, 0x00, 0x00, 0x00, 0x00, 0x00,
   0x00, 0x00, 0x00, 0x00, 0x00, 0x00, 0x00, 0x00, 0x00, 0x00, 0x00, 0x00, 0x00,
   0x00, 0x00, 0x00, 0x00, 0x00, 0x00, 0x00, 0x00, 0x00, 0x00, 0x00, 0x00, 0x00,
   0x00, 0x00, 0x00, 0x00, 0x00, 0x00, 0x00, 0x00, 0x00, 0x00, 0x00, 0x00, 0x00,
   0x00, 0x00, 0x00, 0x00, 0x00, 0x00, 0x00, 0x00, 0x00, 0x00, 0x00, 0x00, 0x00,
   0x00, 0x00, 0x00, 0x00, 0x00, 0x00, 0x00, 0x00, 0x00, 0x0d, 0x01, 0x5a, 0x92,
   0xca, 0x9a, 0x00, 0x00, 0xb4, 0xb6, 0xaa, 0xa3, 0x23, 0x0a, 0x00, 0x00, 0x20,
   0xa1, 0x9b, 0x92, 0x39, 0x23, 0x00, 0x00, 0x33, 0x13, 0xa9, 0x11, 0xab, 0x30,
   0x00, 0x00, 0x9b, 0x0b, 0xa0, 0x02, 0xb1, 0x12, 0x00, 0x00, 0xc9, 0x0d, 0xc9,
   0x93, 0x92, 0x90, 0x00, 0x00, 0xc2, 0x39, 0x92, 0x09, 0xaa, 0xcb, 0x00, 0x00,
   0xa2, 0xad, 0x23, 0x90, 0x9b, 0xa1, 0x00, 0x00, 0x13, 0xa1, 0x39, 0x1a, 0x9c,
   0xa0, 0x00, 0x00, 0x23, 0x94, 0x9a, 0x20, 0x21, 0x91, 0x00, 0x00, 0x9b, 0x02,
   0x30, 0x3b, 0x1a, 0xb3, 0x00, 0x00, 0x3b, 0x0a, 0x2a, 0x19, 0x1a, 0x90, 0x00,
   0x00, 0xb2, 0xb0, 0x00, 0xcb, 0xa2, 0x35, 0x00, 0x00, 0xeb, 0x49, 0xa1, 0xcc,
   0x33, 0xa0, 0x00, 0x00, 0x90, 0xcc, 0x2d, 0xb0, 0x09, 0xa0, 0x00, 0x00, 0x22,
   0x10, 0x29, 0x09, 0x9a, 0x29, 0x00, 0x00, 0x44, 0x31, 0x99, 0x42, 0x40, 0x3b,
   0x00, 0x00, 0x9a, 0xa3, 0x1c, 0xa6, 0x94, 0x29, 0x00, 0x00, 0x1b, 0xc9, 0xc4,
   0x41, 0x12, 0xa0, 0x00, 0x00, 0xcc, 0xb2, 0x04, 0x29, 0xa9, 0x99, 0x00, 0x00,
   0x93, 0xc2, 0xa2, 0x92, 0x09, 0x53, 0x00, 0x00, 0x23, 0x52, 0x94, 0x2c, 0x12,
   0x39, 0x00, 0x00, 0xa9, 0xba, 0xca, 0x01, 0xa3, 0x01, 0x00, 0x00, 0x23, 0xa5,
   0x10, 0xd9, 0xe1, 0x35, 0x00, 0x00, 0x00, 0x00, 0x00, 0x00, 0x00, 0x00, 0x00,
   0x00, 0x00, 0x00, 0x00, 0x00, 0x00, 0x00, 0x00, 0x00, 0x00, 0x00, 0x00, 0x00,
   0x00, 0x00, 0x00, 0x00, 0x00, 0x00, 0x00, 0x00, 0x00, 0x00, 0x00, 0x00, 0x00,
   0x00, 0x00, 0x00, 0x00, 0x00, 0x00, 0x00, 0x00, 0x00, 0x00, 0x00, 0x00, 0x00,
   0x00, 0x00, 0x00, 0x00, 0x00, 0x00, 0x00, 0x00, 0x00, 0x00, 0x00, 0x00, 0x00,
   0x00, 0x00, 0x00, 0x00, 0x00, 0x19, 0x95, 0x29, 0x2b, 0xc3, 0xb1, 0x00, 0x00,
   0xd2, 0x1b, 0x21, 0x0b, 0x9c, 0x23, 0x00, 0x00, 0x9a, 0xaa, 0xec, 0xca, 0xb9,
   0xad, 0x00, 0x00, 0xa0, 0x13, 0xba, 0xb1, 0x09, 0x13, 0x00, 0x00, 0x4a, 0x90,
   0xaa, 0xbc, 0x21, 0xba, 0x00, 0x00, 0x50, 0xa1, 0x31, 0x0c, 0x03, 0x0c, 0x00,
   0x00, 0x30, 0xb3, 0x05, 0x1e, 0x03, 0x61, 0x00, 0x00, 0x12, 0x11, 0xb1, 0x03,
   0x32, 0x29, 0x00, 0x00, 0xaa, 0x99, 0xa3, 0xa9, 0xa1, 0x0b, 0x00, 0x00, 0xbb,
   0x13, 0x12, 0xa9, 0x99, 0x90, 0x00, 0x00, 0x32, 0x11, 0x00, 0xb0, 0xc2, 0x03,
   0x00, 0x00, 0x3a, 0x10, 0x20, 0xa3, 0xaa, 0xac, 0x00, 0x00, 0x39, 0x0a, 0xaa,
   0x03, 0xa3, 0x0c, 0x00, 0x00, 0xb2, 0x93, 0x1b, 0x94, 0x59, 0xab, 0x00, 0x00,
   0xba, 0x39, 0xb1, 0xcb, 0x90, 0x11, 0x00, 0x00, 0x01, 0x0b, 0x1a, 0x22, 0x2a,
   0xaa, 0x00, 0x00, 0xa2, 0x11, 0x9a, 0xd9, 0xb2, 0xd1, 0x00, 0x00, 0xaa, 0x39,
   0x4a, 0xbc, 0x93, 0x9a, 0x00, 0x00, 0xa1, 0x11, 0x90, 0x0a, 0xca, 0x30, 0x00,
   0x00, 0xca, 0xa3, 0x4c, 0x91, 0xad, 0xd4, 0x00, 0x00, 0x9c, 0x12, 0x00, 0x99,
   0xc9, 0x9e, 0x00, 0x00, 0x3a, 0xb3, 0x31, 0x94, 0x9c, 0xa3, 0x00, 0x00, 0x39,
   0x19, 0x12, 0x00, 0x21, 0x10, 0x00, 0x00, 0x49, 0x24, 0x31, 0x91, 0xa3, 0x25,
   0x00, 0x00, 0x00, 0x00, 0x00, 0x00, 0x00, 0x00, 0x00, 0x00, 0x00, 0x00, 0x00,
   0x00, 0x00, 0x00, 0x00, 0x00, 0x00, 0x00, 0x00, 0x00, 0x00, 0x00, 0x00, 0x00,
   0x00, 0x00, 0x00, 0x00, 0x00, 0x00, 0x00, 0x00, 0x00, 0x00, 0x00, 0x00, 0x00,
   0x00, 0x00, 0x00, 0x00, 0x00, 0x00, 0x00, 0x00, 0x00, 0x00, 0x00, 0x00, 0x00,
   0x00, 0x00, 0x00, 0x00, 0x00, 0x00, 0x00, 0x00, 0x00, 0x00, 0x00, 0x00, 0x00,
   0x00, 0xb1, 0x11, 0xa9, 0xa1, 0xa4, 0x24, 0x00, 0x00, 0xa1, 0xa2, 0x10, 0xc0,
   0xba, 0x9b, 0x00, 0x00, 0xd0, 0xca, 0x99, 0xb4, 0x03, 0x0a, 0x00, 0x00, 0x50,
   0xc5, 0xb9, 0x2b, 0xd0, 0xa9, 0x00, 0x00, 0x50, 0x14, 0xa2, 0x00, 0x61, 0x99,
   0x00, 0x00, 0x03, 0x0c, 0x57, 0x52, 0xb4, 0x42, 0x00, 0x00, 0xad, 0x1d, 0x9d,
   0x41, 0x35, 0x00, 0x00, 0x00, 0xa4, 0xfa, 0x69, 0x01, 0x23, 0xa2, 0x00, 0x00,
   0xcc, 0x52, 0xc2, 0xb1, 0x95, 0xdb, 0x00, 0x00, 0x44, 0x50, 0xb4, 0x12, 0xc5,
   0x09, 0x00, 0x00, 0x1b, 0xc9, 0x09, 0x35, 0x4b, 0xc9, 0x00, 0x00, 0x5b, 0x5a,
   0x03, 0x29, 0x91, 0x19, 0x00, 0x00, 0xcf, 0xee, 0x92, 0x29, 0x11, 0x31, 0x00,
   0x00, 0xc0, 0x29, 0x29, 0x90, 0x90, 0x0c, 0x00, 0x00, 0xbb, 0x9a, 0x42, 0x3b,
   0x43, 0x42, 0x00, 0x00, 0x2a, 0x32, 0xd1, 0x00, 0xcb, 0x24, 0x00, 0x00, 0xa9,
   0xba, 0xa9, 0x19, 0x3b, 0x11, 0x00, 0x00, 0x41, 0xc0, 0xd3, 0xeb, 0xa4, 0xc0,
   0x00, 0x00, 0x53, 0xa1, 0xa0, 0xb9, 0x30, 0x3b, 0x00, 0x00, 0x29, 0x32, 0xad,
   0xca, 0xe4, 0x22, 0x00, 0x00, 0x24, 0x94, 0x0b, 0xa0, 0xa9, 0x43, 0x00, 0x00,
   0xab, 0x20, 0x39, 0x9c, 0x90, 0xda, 0x00, 0x00, 0x61, 0xb1, 0x99, 0xa0, 0x20,
   0x51, 0x00, 0x00, 0xa0, 0x30, 0x22, 0x36, 0xb9, 0x1f, 0x00, 0x00, 0x00, 0x00,
   0x00, 0x00, 0x00, 0x00, 0x00, 0x00, 0x00, 0x00, 0x00, 0x00, 0x00, 0x00, 0x00,
   0x00, 0x00, 0x00, 0x00, 0x00, 0x00, 0x00, 0x00, 0x00, 0x00, 0x00, 0x00, 0x00,
   0x00, 0x00, 0x00, 0x00, 0x00, 0x00, 0x00, 0x00, 0x00, 0x00, 0x00, 0x00, 0x00,
   0x00, 0x00, 0x00, 0x00, 0x00, 0x00, 0x00, 0x00, 0x00, 0x00, 0x00, 0x00, 0x00,
   0x00, 0x00, 0x00, 0x00, 0x00, 0x00, 0x00, 0x00, 0x00, 0x00, 0x90, 0x33, 0x39,
   0x11, 0x02, 0xad, 0x00, 0x00, 0x12, 0x12, 0x02, 0x20, 0xad, 0x41, 0x00, 0x00,
   0xa0, 0x90, 0x20, 0xaa, 0x31, 0x13, 0x00, 0x00, 0x3a, 0x1b, 0x09, 0xb3, 0x0b,
   0x32, 0x00, 0x00, 0x99, 0xa3, 0xb1, 0x9a, 0x2b, 0x49, 0x00, 0x00, 0x41, 0x03,
   0x21, 0xda, 0x0b, 0x19, 0x00, 0x00, 0x1b, 0xcb, 0x32, 0x13, 0x9c, 0xc9, 0x00,
   0x00, 0x04, 0x1d, 0x9b, 0x02, 0x1b, 0x0d, 0x00, 0x00, 0x22, 0x41, 0x31, 0x40,
   0xa9, 0xca, 0x00, 0x00, 0x30, 0xa1, 0x09, 0x04, 0x94, 0xaa, 0x00, 0x00, 0x35,
   0x13, 0x92, 0x31, 0x1a, 0xa4, 0x00, 0x00, 0x22, 0x00, 0x39, 0x91, 0xab, 0x1b,
   0x00, 0x00, 0x33, 0x03, 0xac, 0xd9, 0xab, 0x95, 0x00, 0x00, 0x4b, 0x30, 0xb0,
   0xb1, 0x21, 0xb9, 0x00, 0x00, 0x44, 0x47, 0x1c, 0xa2, 0x91, 0x34, 0x00, 0x00,
   0xb0, 0x11, 0x10, 0xda, 0xb3, 0xc1, 0x00, 0x00, 0x0c, 0x3f, 0x23, 0x21, 0x39,
   0x40, 0x00, 0x00, 0x2b, 0x91, 0x0c, 0x3a, 0xce, 0x09, 0x00, 0x00, 0x13, 0x50,
   0xaa, 0x21, 0x16, 0x26, 0x00, 0x00, 0xe3, 0xf2, 0xba, 0xb2, 0xab, 0x1c, 0x00,
   0x00, 0x1a, 0xb1, 0xb3, 0x21, 0x20, 0xd0, 0x00, 0x00, 0x0c, 0x0e, 0x2a, 0xd2,
   0x9b, 0xd9, 0x00, 0x00, 0x2a, 0xf9, 0xe3, 0x23, 0x02, 0x13, 0x00, 0x00, 0x1a,
   0x1e, 0x1c, 0xbb, 0x95, 0x00, 0x00, 0x00, 0x00, 0x00, 0x00, 0x00, 0x00, 0x00,
   0x00, 0x00, 0x00, 0x00, 0x00, 0x00, 0x00, 0x00, 0x00, 0x00, 0x00, 0x00, 0x00,
   0x00, 0x00, 0x00, 0x00, 0x00, 0x00, 0x00, 0x00, 0x00, 0x00, 0x00, 0x00, 0x00,
   0x00, 0x00, 0x00, 0x00, 0x00, 0x00, 0x00, 0x00, 0x00, 0x00, 0x00, 0x00, 0x00,
   0x00, 0x00, 0x00, 0x00, 0x00, 0x00, 0x00, 0x00, 0x00, 0x00, 0x00, 0x00, 0x00,
   0x00, 0x00, 0x00, 0x00, 0x00, 0x00, 0xc9, 0xca, 0x9b, 0x30, 0xb3, 0xa0, 0x00,
   0x00, 0xbd, 0xb5, 0x19, 0xcb, 0x9e, 0x10, 0x00, 0x00, 0x0c, 0xcc, 0x1d, 0x02,
   0x13, 0xba, 0x00, 0x00, 0xb5, 0xa9, 0x42, 0x9b, 0x29, 0x91, 0x00, 0x00, 0xb2,
   0xc3, 0x1c, 0x22, 0x20, 0x20, 0x00, 0x00, 0x44, 0xa0, 0x32, 0x49, 0xab, 0x10,
   0x00, 0x00, 0xa0, 0xeb, 0x90, 0x19, 0x24, 0x31, 0x00, 0x00, 0xaa, 0xac, 0xb0,
   0x30, 0x2a, 0xc9, 0x00, 0x00, 0x00, 0x3b, 0x29, 0x00, 0xc1, 0x00, 0x00, 0x00,
   0x19, 0x09, 0x03, 0xb1, 0x9b, 0x01, 0x00, 0x00, 0x2b, 0x21, 0x94, 0x93, 0x43,
   0xa9, 0x00, 0x00, 0x09, 0x2a, 0xba, 0xb3, 0x21, 0x22, 0x00, 0x00, 0x94, 0x2a,
   0x9c, 0x91, 0xe0, 0x4c, 0x00, 0x00, 0x49, 0x39, 0xa1, 0xf9, 0xb1, 0x1c, 0x00,
   0x00, 0x3a, 0xd6, 0xa0, 0x2c, 0x09, 0xcb, 0x00, 0x00, 0xcb, 0x11, 0xba, 0xb0,
   0x0c, 0xc3, 0x00, 0x00, 0x9d, 0x39, 0xb4, 0x49, 0x0a, 0x95, 0x00, 0x00, 0xdb,
   0xbe, 0x01, 0x91, 0x9a, 0xaa, 0x00, 0x00, 0x93, 0x20, 0x0a, 0x11, 0x04, 0x25,
   0x00, 0x00, 0x21, 0xf3, 0x1b, 0xb1, 0x22, 0xba, 0x00, 0x00, 0xa9, 0xd0, 0xcc,
   0x22, 0xf3, 0x14, 0x00, 0x00, 0x2a, 0x3a, 0x9c, 0x14, 0x23, 0xec, 0x00, 0x00,
   0x02, 0xd2, 0x44, 0x99, 0xb9, 0x25, 0x00, 0x00, 0xab, 0xba, 0x0b, 0xa2, 0xc2,
   0xab, 0x00, 0x00, 0x00, 0x00, 0x00, 0x00, 0x00, 0x00, 0x00, 0x00, 0x00, 0x00,
   0x00, 0x00, 0x00, 0x00, 0x00, 0x00, 0x00, 0x00, 0x00, 0x00, 0x00, 0x00, 0x00,
   0x00, 0x00, 0x00, 0x00, 0x00, 0x00, 0x00, 0x00, 0x00, 0x00, 0x00, 0x00, 0x00,
   0x00, 0x00, 0x00, 0x00, 0x00, 0x00, 0x00, 0x00, 0x00, 0x00, 0x00, 0x00, 0x00,
   0x00, 0x00, 0x00, 0x00, 0x00, 0x00, 0x00, 0x00, 0x00, 0x00, 0x00, 0x00, 0x00,
   0x00, 0x00, 0xb3, 0x35, 0x0b, 0x21, 0x90, 0x10, 0x00, 0x00, 0x33, 0xaf, 0x31,
   0x31, 0x39, 0x32, 0x00, 0x00, 0x9a, 0x2c, 0x05, 0xd1, 0x09, 0x19, 0x00, 0x00,
   0xbc, 0x19, 0x22, 0x0b, 0x04, 0x32, 0x00, 0x00, 0x49, 0xaa, 0xb5, 0xb2, 0x13,
   0xc1, 0x00, 0x00, 0x4b, 0x29, 0x30, 0x91, 0x01, 0x10, 0x00, 0x00, 0xab, 0x4c,
   0xd1, 0x42, 0xa7, 0x30, 0x00, 0x00, 0xa2, 0x9c, 0xa0, 0x3a, 0x3a, 0x31, 0x00,
   0x00, 0xda, 0x29, 0x21, 0x62, 0x26, 0x1a, 0x00, 0x00, 0xb2, 0x49, 0xbb, 0x02,
   0x95, 0x21, 0x00, 0x00, 0x02, 0x90, 0xc1, 0xa2, 0x12, 0x1d, 0x00, 0x00, 0x10,
   0x31, 0x55, 0x3b, 0x1a, 0x29, 0x00, 0x00, 0x91, 0xaf, 0x0a, 0x33, 0x35, 0x01,
   0x00, 0x00, 0x0b, 0x03, 0x91, 0x64, 0xc3, 0x90, 0x00, 0x00, 0x04, 0xa9, 0x2c,
   0xa1, 0xd2, 0xc3, 0x00, 0x00, 0xca, 0x1a, 0x10, 0x20, 0x41, 0x0a, 0x00, 0x00,
   0xee, 0x31, 0x12, 0xbc, 0x9c, 0x65, 0x00, 0x00, 0x9e, 0x0a, 0x0c, 0x2a, 0xbe,
   0xd5, 0x00, 0x00, 0x79, 0x04, 0xc7, 0x12, 0x02, 0x1c, 0x00, 0x00, 0xcb, 0x9c,
   0x50, 0x01, 0xf2, 0x10, 0x00, 0x00, 0x54, 0x22, 0x21, 0x32, 0xe3, 0x3a, 0x00,
   0x00, 0x9c, 0xbb, 0x2f, 0x41, 0xae, 0xd3, 0x00, 0x00, 0x40, 0x55, 0x22, 0x22,
   0xa1, 0x90, 0x00, 0x00, 0x04, 0xbb, 0x03, 0xbc, 0x9a, 0xa3, 0x00, 0x00, 0x00,
   0x00, 0x00, 0x00, 0x00, 0x00, 0x00, 0x00, 0x00, 0x00, 0x00, 0x00, 0x00, 0x00,
   0x00, 0x00, 0x00, 0x00, 0x00, 0x00, 0x00, 0x00, 0x00, 0x00, 0x00, 0x00, 0x00,
   0x00, 0x00, 0x00, 0x00, 0x00, 0x00, 0x00, 0x00, 0x00, 0x00, 0x00, 0x00, 0x00,
   0x00, 0x00, 0x00, 0x00, 0x00, 0x00, 0x00, 0x00, 0x00, 0x00, 0x00, 0x00, 0x00,
   0x00, 0x00, 0x00, 0x00, 0x00, 0x00, 0x00, 0x00, 0x00, 0x00, 0x00, 0xa9, 0x4c,
   0x21, 0x39, 0x4a, 0x04, 0x00, 0x00, 0xf6, 0x5e, 0x95, 0xae, 0x2b, 0x09, 0x00,
   0x00, 0x10, 0x40, 0xc1, 0x10, 0x9b, 0x2c, 0x00, 0x00, 0xb4, 0x1b, 0xb3, 0x1e,
   0x32, 0x29, 0x00, 0x00, 0x26, 0xac, 0xb9, 0xb1, 0xc2, 0x3b, 0x00, 0x00, 0x1a,
   0x29, 0x00, 0x1b, 0x24, 0x22, 0x00, 0x00, 0x31, 0xb0, 0xd1, 0x22, 0x9a, 0x9b,
   0x00, 0x00, 0x3a, 0x01, 0x9b, 0x92, 0x23, 0x93, 0x00, 0x00, 0xca, 0x0b, 0xea,
   0x47, 0x20, 0x11, 0x00, 0x00, 0xa4, 0xb2, 0x2e, 0xa4, 0x93, 0xa2, 0x00, 0x00,
   0xab, 0xea, 0x1d, 0x9c, 0xd3, 0x21, 0x00, 0x00, 0x19, 0x29, 0xa5, 0x13, 0x01,
   0x91, 0x00, 0x00, 0x94, 0xa9, 0x49, 0x37, 0x60, 0x60, 0x00, 0x00, 0xc0, 0x11,
   0x2a, 0x19, 0xb9, 0x9b, 0x00, 0x00, 0xb1, 0x20, 0xcd, 0x39, 0x41, 0xa0, 0x00,
   0x00, 0xc9, 0x9b, 0x2b, 0xb5, 0xc9, 0x10, 0x00, 0x00, 0xd9, 0x3d, 0x92, 0x1c,
   0x4a, 0xa4, 0x00, 0x00, 0x99, 0xac, 0xc0, 0x00, 0xd4, 0x13, 0x00, 0x00, 0x04,
   0x12, 0x33, 0xb2, 0xfa, 0x1c, 0x00, 0x00, 0xcc, 0x2b, 0x93, 0x3a, 0x22, 0x4b,
   0x00, 0x00, 0x04, 0xa9, 0xd9, 0x01, 0x32, 0xab, 0x00, 0x00, 0xbb, 0xbb, 0x3c,
   0xa3, 0x20, 0x9c, 0x00, 0x00, 0x49, 0x03, 0x39, 0x20, 0xb1, 0x19, 0x00, 0x00,
   0x04, 0x9b, 0x1d, 0xcb, 0xa2, 0xa2, 0x00, 0x00, 0x00, 0x00, 0x00, 0x00, 0x00,
   0x00, 0x00, 0x00, 0x00, 0x00, 0x00, 0x00, 0x00, 0x00, 0x00, 0x00, 0x00, 0x00,
   0x00, 0x00, 0x00, 0x00, 0x00, 0x00, 0x00, 0x00, 0x00, 0x00, 0x00, 0x00, 0x00,
   0x00, 0x00, 0x00, 0x00, 0x00, 0x00, 0x00, 0x00, 0x00, 0x00, 0x00, 0x00, 0x00,
   0x00, 0x00, 0x00, 0x00, 0x00, 0x00, 0x00, 0x00, 0x00, 0x00, 0x00, 0x00, 0x00,
   0x00, 0x00, 0x00, 0x00, 0x00, 0x00, 0x00, 0x50, 0x09, 0xa1, 0x32, 0x3b, 0x2b,
   0x00, 0x00, 0xad, 0xaa, 0xb9, 0xc5, 0xab, 0x1a, 0x00, 0x00, 0x15, 0xb5, 0xcc,
   0x02, 0xa9, 0x11, 0x00, 0x00, 0x90, 0x03, 0x1a, 0x92, 0x0a, 0x5a, 0x00, 0x00,
   0x24, 0x00, 0xa9, 0x19, 0xa2, 0x99, 0x00, 0x00, 0x59, 0x10, 0x92, 0x22, 0xa9,
   0x42, 0x00, 0x00, 0xbb, 0x1b, 0x15, 0x1b, 0x3b, 0xc9, 0x00, 0x00, 0x13, 0x03,
   0x13, 0x99, 0x11, 0xab, 0x00, 0x00, 0x03, 0x43, 0xa2, 0x23, 0x2a, 0xc1, 0x00,
   0x00, 0x41, 0x32, 0xab, 0x0b, 0x9c, 0xab, 0x00, 0x00, 0x2a, 0x35, 0xa1, 0x92,
   0xab, 0x29, 0x00, 0x00, 0x79, 0xa6, 0xc9, 0xac, 0x2a, 0x32, 0x00, 0x00, 0xa3,
   0xa1, 0x23, 0xba, 0x12, 0x9d, 0x00, 0x00, 0x5b, 0x24, 0x29, 0x00, 0x00, 0xab,
   0x00, 0x00, 0x6b, 0x34, 0x91, 0xa2, 0x12, 0x43, 0x00, 0x00, 0x92, 0x2b, 0x49,
   0x12, 0x3b, 0x23, 0x00, 0x00, 0x30, 0x00, 0x21, 0x0a, 0xa5, 0x40, 0x00, 0x00,
   0x39, 0x2d, 0x13, 0x39, 0x16, 0x01, 0x00, 0x00, 0x02, 0x92, 0x04, 0x9a, 0x23,
   0xa1, 0x00, 0x00, 0x12, 0xbb, 0xb1, 0xaa, 0xb1, 0x93, 0x00, 0x00, 0x32, 0x91,
   0x39, 0xa2, 0x2a, 0x44, 0x00, 0x00, 0x02, 0xc9, 0x92, 0x4a, 0x92, 0xa4, 0x00,
   0x00, 0xc9, 0x22, 0x22, 0xab, 0x01, 0x4a, 0x00, 0x00, 0xac, 0xa9, 0x90, 0xab,
   0x12, 0x24, 0x00, 0x00, 0x00, 0x00, 0x00, 0x00, 0x00, 0x00, 0x00, 0x00, 0x00,
   0x00, 0x00, 0x00, 0x00, 0x00, 0x00, 0x00, 0x00, 0x00, 0x00, 0x00, 0x00, 0x00,
   0x00, 0x00, 0x00, 0x00, 0x00, 0x00, 0x00, 0x00, 0x00, 0x00, 0x00, 0x00, 0x00,
   0x00, 0x00, 0x00, 0x00, 0x00, 0x00, 0x00, 0x00, 0x00, 0x00, 0x00, 0x00, 0x00,
   0x00, 0x00, 0x00, 0x00, 0x00, 0x00, 0x00, 0x00, 0x00, 0x00, 0x00, 0x00, 0x00,
   0x00, 0x00, 0x00, 0x77, 0x0c, 0xbc, 0x99, 0x9d, 0x20, 0x00, 0x00, 0xab, 0xba,
   0x33, 0x94, 0x93, 0xaa, 0x00, 0x00, 0x35, 0xb2, 0xab, 0x21, 0x20, 0x25, 0x00,
   0x00, 0x59, 0x2d, 0xb0, 0xb9, 0x21, 0x13, 0x00, 0x00, 0x22, 0x12, 0x12, 0xc1,
   0xc3, 0xd1, 0x00, 0x00, 0x22, 0x91, 0x19, 0x91, 0x96, 0x09, 0x00, 0x00, 0x2a,
   0x4b, 0x55, 0x32, 0x1d, 0xcc, 0x00, 0x00, 0x13, 0x3a, 0x40, 0x91, 0xa4, 0xdc,
   0x00, 0x00, 0x32, 0x39, 0x37, 0xd9, 0x40, 0xd1, 0x00, 0x00, 0x9b, 0xda, 0x02,
   0x62, 0x05, 0xba, 0x00, 0x00, 0x17, 0x53, 0x06, 0x95, 0x42, 0xd3, 0x00, 0x00,
   0x32, 0x2b, 0xda, 0xa2, 0x09, 0x02, 0x00, 0x00, 0xa2, 0xba, 0x14, 0x90, 0xa1,
   0xc2, 0x00, 0x00, 0xa2, 0x25, 0x36, 0x09, 0xab, 0x90, 0x00, 0x00, 0xb5, 0xa0,
   0x42, 0xa2, 0x3b, 0x3b, 0x00, 0x00, 0x13, 0x29, 0x92, 0x9b, 0xa2, 0x2b, 0x00,
   0x00, 0x79, 0x5a, 0xb2, 0x4a, 0xd0, 0x1a, 0x00, 0x00, 0xac, 0x40, 0x29, 0xa6,
   0x32, 0x09, 0x00, 0x00, 0x01, 0xa9, 0x32, 0xaa, 0x09, 0x35, 0x00, 0x00, 0xab,
   0xb2, 0x43, 0x02, 0xcd, 0xa1, 0x00, 0x00, 0x32, 0xd3, 0xb9, 0x22, 0xd1, 0x49,
   0x00, 0x00, 0x02, 0xb2, 0x04, 0x9c, 0x35, 0x29, 0x00, 0x00, 0xb2, 0x12, 0x41,
   0x22, 0xb9, 0xa2, 0x00, 0x00, 0x0c, 0x12, 0x00, 0x0a, 0x3d, 0x1b, 0x00, 0x00,
   0x00, 0x00, 0x00, 0x00, 0x00, 0x00, 0x00, 0x00, 0x00, 0x00, 0x00, 0x00, 0x00,
   0x00, 0x00, 0x00, 0x00, 0x00, 0x00, 0x00, 0x00, 0x00, 0x00, 0x00, 0x00, 0x00,
   0x00, 0x00, 0x00, 0x00, 0x00, 0x00, 0x00, 0x00, 0x00, 0x00, 0x00, 0x00, 0x00,
   0x00, 0x00, 0x00, 0x00, 0x00, 0x00, 0x00, 0x00, 0x00, 0x00, 0x00, 0x00, 0x00,
   0x00, 0x00, 0x00, 0x00, 0x00, 0x00, 0x00, 0x00, 0x00, 0x00, 0x00, 0x00, 0xac,
   0xaf, 0x2c, 0x23, 0x90, 0x19, 0x00, 0x00, 0xb0, 0x30, 0x92, 0x01, 0x3d, 0x19,
   0x00, 0x00, 0x12, 0x24, 0x9b, 0x0d, 0x01, 0xa1, 0x00, 0x00, 0x99, 0xa2, 0x25,
   0xd9, 0x11, 0x12, 0x00, 0x00, 0x13, 0x29, 0x99, 0x9b, 0x9b, 0x91, 0x00, 0x00,
   0x52, 0x12, 0x5a, 0x3d, 0x10, 0x91, 0x00, 0x00, 0x35, 0x03, 0xa9, 0x01, 0xab,
   0x02, 0x00, 0x00, 0x9b, 0x11, 0x20, 0xc3, 0x49, 0x95, 0x00, 0x00, 0xa2, 0x03,
   0x1c, 0x04, 0xd0, 0x25, 0x00, 0x00, 0x9a, 0xb3, 0x9c, 0x2b, 0x3b, 0x11, 0x00,
   0x00, 0xc2, 0x20, 0x9b, 0x09, 0xc9, 0x31, 0x00, 0x00, 0xdc, 0x9d, 0xca, 0x31,
   0xc3, 0x1d, 0x00, 0x00, 0xdc, 0x99, 0xb1, 0x33, 0x92, 0x91, 0x00, 0x00, 0x90,
   0x9b, 0xa0, 0x11, 0xa0, 0x34, 0x00, 0x00, 0x09, 0xc9, 0x1a, 0xd4, 0x60, 0x12,
   0x00, 0x00, 0xab, 0x5a, 0x1a, 0x2c, 0x25, 0x12, 0x00, 0x00, 0xc9, 0x4e, 0x02,
   0xd9, 0x69, 0x29, 0x00, 0x00, 0x11, 0x22, 0x49, 0xdd, 0xa1, 0x0d, 0x00, 0x00,
   0x29, 0x3a, 0x24, 0x92, 0xd9, 0x02, 0x00, 0x00, 0xe0, 0x50, 0xb3, 0xb1, 0x3c,
   0xa3, 0x00, 0x00, 0x19, 0xb2, 0xba, 0xa3, 0xc0, 0x12, 0x00, 0x00, 0xac, 0x02,
   0x10, 0xda, 0x3b, 0xca, 0x00, 0x00, 0x03, 0xf3, 0x90, 0xaa, 0x90, 0x31, 0x00,
   0x00, 0xbe, 0x10, 0x34, 0x60, 0x12, 0xb2, 0x00, 0x00, 0x00, 0x00, 0x00, 0x00,
   0x00, 0x00, 0x00, 0x00, 0x00, 0x00, 0x00, 0x00, 0x00, 0x00, 0x00, 0x00, 0x00,
   0x00, 0x00, 0x00, 0x00, 0x00, 0x00, 0x00, 0x00, 0x00, 0x00, 0x00, 0x00, 0x00,
   0x00, 0x00, 0x00, 0x00, 0x00, 0x00, 0x00, 0x00, 0x00, 0x00, 0x00, 0x00, 0x00,
   0x00, 0x00, 0x00, 0x00, 0x00, 0x00, 0x00, 0x00, 0x00, 0x00, 0x00, 0x00, 0x00,
   0x00, 0x00, 0x00, 0x00, 0x00, 0x00, 0x00, 0x00, 0x4a, 0xc9, 0x20, 0x20, 0x9a,
   0x00, 0x00, 0x00, 0x91, 0x21, 0x43, 0x31, 0x0b, 0x9a, 0x00, 0x00, 0x94, 0x02,
   0x29, 0xe2, 0xea, 0xfd, 0x00, 0x00, 0xb9, 0x09, 0x99, 0x20, 0x14, 0x90, 0x00,
   0x00, 0x41, 0xa5, 0xb9, 0xba, 0x1b, 0xc2, 0x00, 0x00, 0x55, 0xc0, 0x21, 0xba,
   0xc1, 0x03, 0x00, 0x00, 0xba, 0x29, 0x94, 0x44, 0xc3, 0x02, 0x00, 0x00, 0x44,
   0xbc, 0x09, 0x4c, 0x41, 0x91, 0x00, 0x00, 0x40, 0xb3, 0x25, 0x13, 0x20, 0xb9,
   0x00, 0x00, 0x22, 0x0b, 0xba, 0xaa, 0x34, 0x29, 0x00, 0x00, 0x91, 0x51, 0xba,
   0x50, 0x92, 0x0b, 0x00, 0x00, 0x33, 0x0a, 0x30, 0x2d, 0xa0, 0x0b, 0x00, 0x00,
   0x4a, 0x91, 0xc1, 0xa2, 0x15, 0xa9, 0x00, 0x00, 0x09, 0x9a, 0xba, 0x22, 0x05,
   0xa1, 0x00, 0x00, 0xbe, 0x0d, 0x1c, 0x1b, 0x1c, 0xa9, 0x00, 0x00, 0xaa, 0x0b,
   0x09, 0x54, 0x4c, 0x2b, 0x00, 0x00, 0x4b, 0x35, 0xa3, 0xa1, 0x29, 0xd0, 0x00,
   0x00, 0x94, 0x21, 0x2a, 0xdf, 0xf4, 0x14, 0x00, 0x00, 0x12, 0xb2, 0x99, 0x11,
   0x01, 0x3e, 0x00, 0x00, 0x29, 0x21, 0x1a, 0x24, 0x2d, 0x29, 0x00, 0x00, 0x21,
   0x2b, 0x24, 0xbb, 0x91, 0x2a, 0x00, 0x00, 0xaa, 0x3c, 0x13, 0x29, 0x9f, 0x04,
   0x00, 0x00, 0x32, 0x09, 0x23, 0xab, 0x31, 0xc2, 0x00, 0x00, 0xba, 0xa3, 0xc4,
   0xc0, 0xbd, 0xc4, 0x00, 0x00, 0x00, 0x00, 0x00, 0x00, 0x00, 0x00, 0x00, 0x00,
   0x00, 0x00, 0x00, 0x00, 0x00, 0x00, 0x00, 0x00, 0x00, 0x00, 0x00, 0x00, 0x00,
   0x00, 0x00, 0x00, 0x00, 0x00, 0x00, 0x00, 0x00, 0x00, 0x00, 0x00, 0x00, 0x00,
   0x00, 0x00, 0x00, 0x00, 0x00, 0x00, 0x00, 0x00, 0x00, 0x00, 0x00, 0x00, 0x00,
   0x00, 0x00, 0x00, 0x00, 0x00, 0x00, 0x00, 0x00, 0x00, 0x00, 0x00, 0x00, 0x00,
   0x00, 0x00, 0x00, 0x00, 0x43, 0x27, 0xb0, 0x93, 0x3a, 0x11, 0x00, 0x00, 0x4a,
   0x1b, 0xc0, 0x33, 0x24, 0x20, 0x00, 0x00, 0xa3, 0x12, 0x12, 0x20, 0xc2, 0xbb,
   0x00, 0x00, 0x22, 0x96, 0x93, 0x5a, 0xb1, 0x32, 0x00, 0x00, 0x02, 0x20, 0x3c,
   0x23, 0x40, 0x29, 0x00, 0x00, 0x42, 0x43, 0x12, 0x1b, 0x10, 0x12, 0x00, 0x00,
   0x56, 0xa2, 0x39, 0xdc, 0x9c, 0x0b, 0x00, 0x00, 0xc1, 0x3a, 0x51, 0x33, 0x3a,
   0x01, 0x00, 0x00, 0x52, 0x04, 0x01, 0xae, 0xa1, 0x11, 0x00, 0x00, 0x1d, 0x20,
   0x25, 0xa3, 0x10, 0x99, 0x00, 0x00, 0x32, 0x27, 0x36, 0x9a, 0x9d, 0x45, 0x00,
   0x00, 0xa0, 0xc0, 0xbb, 0x39, 0xba, 0x00, 0x00, 0x00, 0x53, 0x56, 0x23, 0xbc,
   0x1a, 0x0c, 0x00, 0x00, 0x23, 0x04, 0x39, 0x21, 0x03, 0xa2, 0x00, 0x00, 0xa0,
   0x07, 0xa0, 0xb9, 0xbb, 0xad, 0x00, 0x00, 0x09, 0x35, 0x2a, 0x24, 0xc9, 0x50,
   0x00, 0x00, 0x1c, 0xa2, 0x4b, 0xb3, 0x21, 0x9a, 0x00, 0x00, 0x39, 0x03, 0x9b,
   0xb9, 0x13, 0x21, 0x00, 0x00, 0x2c, 0x93, 0x2b, 0x0a, 0x10, 0x90, 0x00, 0x00,
   0xaa, 0xa1, 0x2b, 0x14, 0xa5, 0x22, 0x00, 0x00, 0x32, 0x30, 0x02, 0x14, 0x92,
   0xae, 0x00, 0x00, 0x10, 0x16, 0x2a, 0x32, 0xa4, 0xc5, 0x00, 0x00, 0x3b, 0x7a,
   0xa2, 0x22, 0x31, 0xad, 0x00, 0x00, 0x24, 0x16, 0xc9, 0xc9, 0x10, 0x03, 0x00,
   0x00, 0x00, 0x00, 0x00, 0x00, 0x00, 0x00, 0x00, 0x00, 0x00, 0x00, 0x00, 0x00,
   0x00, 0x00, 0x00, 0x00, 0x00, 0x00, 0x00, 0x00, 0x00, 0x00, 0x00, 0x00, 0x00,
   0x00, 0x00, 0x00, 0x00, 0x00, 0x00, 0x00, 0x00, 0x00, 0x00, 0x00, 0x00, 0x00,
   0x00, 0x00, 0x00, 0x00, 0x00, 0x00, 0x00, 0x00, 0x00, 0x00, 0x00, 0x00, 0x00,
   0x00, 0x00, 0x00, 0x00, 0x00, 0x00, 0x00, 0x00, 0x00, 0x00, 0x00, 0x00, 0x00,
   0x4a, 0x44, 0x04, 0x01, 0x01, 0x39, 0x00, 0x00, 0x92, 0x3d, 0x43, 0xa0, 0x43,
   0x30, 0x00, 0x00, 0x0d, 0x4a, 0xf3, 0xb9, 0xda, 0xae, 0x00, 0x00, 0xab, 0x22,
   0x31, 0x9d, 0x01, 0x04, 0x00, 0x00, 0x99, 0x42, 0xbb, 0xfc, 0x12, 0x02, 0x00,
   0x00, 0x31, 0x51, 0x13, 0x2a, 0x9a, 0x93, 0x00, 0x00, 0x95, 0x92, 0xca, 0xc0,
   0x31, 0x99, 0x00, 0x00, 0x52, 0xb1, 0x01, 0x02, 0xa9, 0x06, 0x00, 0x00, 0x43,
   0xa6, 0x32, 0x11, 0x05, 0x5c, 0x00, 0x00, 0x31, 0xa9, 0x9a, 0xa3, 0x10, 0xb3,
   0x00, 0x00, 0xdb, 0x92, 0x29, 0x09, 0xbc, 0x42, 0x00, 0x00, 0x13, 0xdb, 0x20,
   0xbe, 0xb9, 0xac, 0x00, 0x00, 0x52, 0x12, 0x0b, 0x63, 0x32, 0x33, 0x00, 0x00,
   0xf9, 0x91, 0x9c, 0xa1, 0x4a, 0xbb, 0x00, 0x00, 0x49, 0x1b, 0xb1, 0xad, 0xb1,
   0x91, 0x00, 0x00, 0x9a, 0x93, 0x1b, 0x01, 0x23, 0xbb, 0x00, 0x00, 0x4c, 0xaa,
   0x00, 0xfc, 0xbc, 0xb9, 0x00, 0x00, 0x1c, 0x03, 0xb9, 0xde, 0xc9, 0x1b, 0x00,
   0x00, 0x33, 0x02, 0x49, 0x20, 0xab, 0x4e, 0x00, 0x00, 0xc9, 0x24, 0x4d, 0x04,
   0xc2, 0x0c, 0x00, 0x00, 0xa2, 0xa1, 0x49, 0xb2, 0x59, 0xcb, 0x00, 0x00, 0x29,
   0x19, 0x21, 0x14, 0x5e, 0xa2, 0x00, 0x00, 0x43, 0x21, 0x10, 0x11, 0x40, 0xac,
   0x00, 0x00, 0xd9, 0xa1, 0xcc, 0x02, 0x33, 0x04, 0x00, 0x00, 0x00, 0x00, 0x00,
   0x00, 0x00, 0x00, 0x00, 0x00, 0x00, 0x00, 0x00, 0x00, 0x00, 0x00, 0x00, 0x00,
   0x00, 0x00, 0x00, 0x00, 0x00, 0x00, 0x00, 0x00, 0x00, 0x00, 0x00, 0x00, 0x00,
   0x00, 0x00, 0x00, 0x00, 0x00, 0x00, 0x00, 0x00, 0x00, 0x00, 0x00, 0x00, 0x00,
   0x00, 0x00, 0x00, 0x00, 0x00, 0x00, 0x00, 0x00, 0x00, 0x00, 0x00, 0x00, 0x00,
   0x00, 0x00, 0x00, 0x00, 0x00, 0x00, 0x00, 0x00, 0x00, 0x21, 0xc9, 0xb0, 0x59,
   0x9b, 0x3c, 0x00, 0x00, 0xcc, 0x0a, 0xb0, 0xaa, 0x21, 0x23, 0x00, 0x00, 0xc1,
   0x4b, 0xbd, 0x9c, 0xfb, 0xa6, 0x00, 0x00, 0x34, 0x24, 0xa5, 0xb2, 0x2b, 0x43,
   0x00, 0x00, 0xdc, 0xc9, 0x3c, 0xa3, 0x29, 0x17, 0x00, 0x00, 0x51, 0x29, 0x35,
   0x42, 0x49, 0x42, 0x00, 0x00, 0xaa, 0xdb, 0xd1, 0x69, 0xd2, 0x42, 0x00, 0x00,
   0x22, 0x1c, 0x5b, 0x0a, 0x73, 0x31, 0x00, 0x00, 0x30, 0x72, 0xd5, 0x45, 0x94,
   0x91, 0x00, 0x00, 0x1a, 0xba, 0x4f, 0xa0, 0xb9, 0x9b, 0x00, 0x00, 0x43, 0xac,
   0x50, 0x20, 0x00, 0xdb, 0x00, 0x00, 0xb3, 0x9c, 0xc2, 0x92, 0xc9, 0x1c, 0x00,
   0x00, 0xa1, 0xaa, 0x90, 0x93, 0x5a, 0x23, 0x00, 0x00, 0x10, 0x13, 0x29, 0x52,
   0x10, 0x9c, 0x00, 0x00, 0x39, 0x9a, 0x02, 0x23, 0x13, 0x91, 0x00, 0x00, 0xb3,
   0x4c, 0x12, 0x91, 0xc3, 0xcd, 0x00, 0x00, 0x94, 0x59, 0x25, 0xbc, 0x7b, 0xf3,
   0x00, 0x00, 0x39, 0xa3, 0xac, 0xac, 0x6d, 0xcf, 0x00, 0x00, 0x12, 0x00, 0x1c,
   0x44, 0xd6, 0x99, 0x00, 0x00, 0xff, 0x31, 0xe7, 0xa3, 0xca, 0xec, 0x00, 0x00,
   0x1a, 0xd4, 0xf6, 0x01, 0xc2, 0xe9, 0x00, 0x00, 0x92, 0xfc, 0x9a, 0xb0, 0xc3,
   0xbd, 0x00, 0x00, 0x0b, 0xe9, 0x9a, 0x22, 0xb1, 0x19, 0x00, 0x00, 0xa1, 0x92,
   0xb0, 0xbe, 0x35, 0xc0, 0x00, 0x00, 0x00, 0x00, 0x00, 0x00, 0x00, 0x00, 0x00,
   0x00, 0x00, 0x00, 0x00, 0x00, 0x00, 0x00, 0x00, 0x00, 0x00, 0x00, 0x00, 0x00,
   0x00, 0x00, 0x00, 0x00, 0x00, 0x00, 0x00, 0x00, 0x00, 0x00, 0x00, 0x00, 0x00,
   0x00, 0x00, 0x00, 0x00, 0x00, 0x00, 0x00, 0x00, 0x00, 0x00, 0x00, 0x00, 0x00,
   0x00, 0x00, 0x00, 0x00, 0x00, 0x00, 0x00, 0x00, 0x00, 0x00, 0x00, 0x00, 0x00,
   0x00, 0x00, 0x00, 0x00, 0x00, 0x59, 0x24, 0x21, 0x3a, 0x51, 0x40, 0x00, 0x00,
   0x55, 0xc6, 0xbc, 0x11, 0xbd, 0xec, 0x00, 0x00, 0x15, 0x94, 0x44, 0x64, 0x64,
   0x67, 0x00, 0x00, 0x01, 0xd5, 0x1d, 0xe3, 0xec, 0xbd, 0x00, 0x00, 0x03, 0x94,
   0x1b, 0x66, 0x02, 0x01, 0x00, 0x00, 0x33, 0x14, 0xba, 0xb6, 0xcb, 0xcf, 0x00,
   0x00, 0xcf, 0x1e, 0x12, 0x4a, 0x39, 0x9a, 0x00, 0x00, 0x35, 0x25, 0x04, 0x9e,
   0xcb, 0x1a, 0x00, 0x00, 0xcb, 0x42, 0x9a, 0x44, 0x12, 0x6c, 0x00, 0x00, 0x13,
   0x54, 0x14, 0xbb, 0x1c, 0x21, 0x00, 0x00, 0xa9, 0xcd, 0xd0, 0x09, 0x91, 0xa1,
   0x00, 0x00, 0x12, 0x26, 0xb1, 0xc3, 0x1d, 0x29, 0x00, 0x00, 0x11, 0x0b, 0xb9,
   0x3a, 0x02, 0xbe, 0x00, 0x00, 0x11, 0x12, 0x2b, 0x0b, 0x41, 0x34, 0x00, 0x00,
   0x03, 0x10, 0xc9, 0x21, 0xd1, 0x31, 0x00, 0x00, 0x30, 0x23, 0x22, 0xa1, 0x1d,
   0x06, 0x00, 0x00, 0x0b, 0x12, 0x99, 0x42, 0xe6, 0xa3, 0x00, 0x00, 0xa0, 0xa4,
   0x09, 0x60, 0x3a, 0x21, 0x00, 0x00, 0x61, 0x01, 0x03, 0xd9, 0x5c, 0x43, 0x00,
   0x00, 0x07, 0xa1, 0xac, 0x42, 0x70, 0x43, 0x00, 0x00, 0x41, 0x22, 0x00, 0xeb,
   0x1b, 0x41, 0x00, 0x00, 0x50, 0xb5, 0x9b, 0xa5, 0x24, 0x50, 0x00, 0x00, 0x55,
   0xa2, 0x42, 0xcb, 0xbf, 0x20, 0x00, 0x00, 0x09, 0x93, 0x22, 0x23, 0x50, 0x56,
   0x00, 0x00, 0x00, 0x00, 0x00, 0x00, 0x00, 0x00, 0x00, 0x00, 0x00, 0x00, 0x00,
   0x00, 0x00, 0x00, 0x00, 0x00, 0x00, 0x00, 0x00, 0x00, 0x00, 0x00, 0x00, 0x00,
   0x00, 0x00, 0x00, 0x00, 0x00, 0x00, 0x00, 0x00, 0x00, 0x00, 0x00, 0x00, 0x00,
   0x00, 0x00, 0x00, 0x00, 0x00, 0x00, 0x00, 0x00, 0x00, 0x00, 0x00, 0x00, 0x00,
   0x00, 0x00, 0x00, 0x00, 0x00, 0x00, 0x00, 0x00, 0x00, 0x00, 0x00, 0x00, 0x00,
   0x00, 0x41, 0x00, 0x90, 0xba, 0xab, 0xa1, 0x00, 0x00, 0xb9, 0x0d, 0xb0, 0xac,
   0x4b, 0x31, 0x00, 0x00, 0x31, 0x31, 0xa5, 0xfe, 0x12, 0x91, 0x00, 0x00, 0xb4,
   0x2a, 0xb9, 0xac, 0x3c, 0x29, 0x00, 0x00, 0x0a, 0x3c, 0x39, 0x31, 0x4a, 0xc3,
   0x00, 0x00, 0xb4, 0x2a, 0x3a, 0x01, 0x32, 0xa3, 0x00, 0x00, 0xaa, 0x92, 0xbd,
   0x23, 0x2b, 0x60, 0x00, 0x00, 0x23, 0xb0, 0x22, 0x99, 0x02, 0x43, 0x00, 0x00,
   0x1c, 0x29, 0x06, 0x09, 0x41, 0x9b, 0x00, 0x00, 0xb1, 0x24, 0x09, 0x56, 0x01,
   0x00, 0x00, 0x00, 0x19, 0xb3, 0x95, 0xa9, 0xba, 0xb1, 0x00, 0x00, 0xa0, 0x30,
   0x03, 0x5c, 0x02, 0x1a, 0x00, 0x00, 0x94, 0x4a, 0x94, 0x20, 0x91, 0xaa, 0x00,
   0x00, 0x99, 0xce, 0xca, 0x61, 0x15, 0x3c, 0x00, 0x00, 0x09, 0xa3, 0x11, 0x0a,
   0x4a, 0xa0, 0x00, 0x00, 0xaa, 0xa1, 0xb1, 0xbc, 0x1a, 0xa1, 0x00, 0x00, 0xa0,
   0xa5, 0xc9, 0x91, 0xb9, 0x3a, 0x00, 0x00, 0x40, 0x19, 0x2a, 0xcb, 0x3b, 0x91,
   0x00, 0x00, 0x29, 0x31, 0xcb, 0xba, 0x9a, 0x0a, 0x00, 0x00, 0xc4, 0xba, 0x0d,
   0xb2, 0x4a, 0x55, 0x00, 0x00, 0x32, 0x99, 0x1c, 0x01, 0x19, 0x31, 0x00, 0x00,
   0x2a, 0xcc, 0xd2, 0x02, 0x9b, 0x2c, 0x00, 0x00, 0xa9, 0x34, 0x91, 0xa0, 0x99,
   0x9b, 0x00, 0x00, 0x2b, 0x1d, 0x23, 0x29, 0xa1, 0x1b, 0x00, 0x00, 0x00, 0x00,
   0x00, 0x00, 0x00, 0x00, 0x00, 0x00, 0x00, 0x00, 0x00, 0x00, 0x00, 0x00, 0x00,
   0x00, 0x00, 0x00, 0x00, 0x00, 0x00, 0x00, 0x00, 0x00, 0x00, 0x00, 0x00, 0x00,
   0x00, 0x00, 0x00, 0x00, 0x00, 0x00, 0x00, 0x00, 0x00, 0x00, 0x00, 0x00, 0x00,
   0x00, 0x00, 0x00, 0x00, 0x00, 0x00, 0x00, 0x00, 0x00, 0x00, 0x00, 0x00, 0x00,
   0x00, 0x00, 0x00, 0x00, 0x00, 0x00, 0x00, 0x00, 0x00, 0x00, 0x9c, 0x04, 0x91,
   0x01, 0x11, 0xc2, 0x00, 0x00, 0x93, 0x91, 0x4a, 0xa0, 0xac, 0x3a, 0x00, 0x00,
   0x3b, 0xeb, 0x2b, 0x90, 0x32, 0x3a, 0x00, 0x00, 0xa4, 0x94, 0x20, 0xb1, 0x30,
   0x30, 0x00, 0x00, 0x94, 0xa1, 0x1c, 0x2a, 0x3a, 0xbd, 0x00, 0x00, 0x34, 0x09,
   0x4b, 0xb3, 0x2a, 0x02, 0x00, 0x00, 0x19, 0x30, 0xa5, 0x49, 0x5b, 0x93, 0x00,
   0x00, 0x31, 0x91, 0x12, 0xc9, 0x9c, 0xc1, 0x00, 0x00, 0x93, 0xb9, 0x0b, 0x1a,
   0x39, 0xea, 0x00, 0x00, 0x33, 0x19, 0x22, 0xbb, 0xaa, 0x1b, 0x00, 0x00, 0x53,
   0x03, 0x00, 0x92, 0x13, 0x24, 0x00, 0x00, 0x01, 0x54, 0x94, 0x09, 0x49, 0x21,
   0x00, 0x00, 0x9b, 0x02, 0x11, 0x11, 0xac, 0x40, 0x00, 0x00, 0x9b, 0x7c, 0x00,
   0xec, 0x99, 0x91, 0x00, 0x00, 0x1b, 0x30, 0x0b, 0xba, 0x1b, 0x1c, 0x00, 0x00,
   0x31, 0x49, 0x92, 0x11, 0xb9, 0x3c, 0x00, 0x00, 0x0c, 0x51, 0x43, 0xb1, 0x9b,
   0x92, 0x00, 0x00, 0x11, 0x9a, 0x31, 0x63, 0xc5, 0x49, 0x00, 0x00, 0x20, 0x32,
   0xab, 0x20, 0x24, 0x42, 0x00, 0x00, 0x23, 0x0d, 0xb9, 0xbb, 0xb2, 0x03, 0x00,
   0x00, 0x0c, 0xb3, 0xb1, 0x32, 0xc3, 0x90, 0x00, 0x00, 0xa1, 0x03, 0x0c, 0xbd,
   0x22, 0xb9, 0x00, 0x00, 0x2e, 0x32, 0x13, 0x20, 0xa9, 0xa2, 0x00, 0x00, 0xd2,
   0xb5, 0xa0, 0x35, 0xc3, 0x4a, 0x00, 0x00, 0x00, 0x00, 0x00, 0x00, 0x00, 0x00,
   0x00, 0x00, 0x00, 0x00, 0x00, 0x00, 0x00, 0x00, 0x00, 0x00, 0x00, 0x00, 0x00,
   0x00, 0x00, 0x00, 0x00, 0x00, 0x00, 0x00, 0x00, 0x00, 0x00, 0x00, 0x00, 0x00,
   0x00, 0x00, 0x00, 0x00, 0x00, 0x00, 0x00, 0x00, 0x00, 0x00, 0x00, 0x00, 0x00,
   0x00, 0x00, 0x00, 0x00, 0x00, 0x00, 0x00, 0x00, 0x00, 0x00, 0x00, 0x00, 0x00,
   0x00, 0x00, 0x00, 0x00, 0x00, 0x00, 0x29, 0xed, 0xb2, 0xb1, 0x12, 0xb3, 0x00,
   0x00, 0xb0, 0xbb, 0x0a, 0x3b, 0xab, 0x2a, 0x00, 0x00, 0xc0, 0xa3, 0x10, 0x31,
   0x09, 0x0b, 0x00, 0x00, 0x0b, 0xa9, 0xc1, 0xcb, 0xb3, 0xa0, 0x00, 0x00, 0xc1,
   0xb3, 0x9a, 0x91, 0xc0, 0xcd, 0x00, 0x00, 0xac, 0xc0, 0x0a, 0xb1, 0x9b, 0xaa,
   0x00, 0x00, 0x0a, 0x2c, 0x3a, 0x2a, 0xbd, 0xa1, 0x00, 0x00, 0x0a, 0xb4, 0x2a,
   0xbb, 0x93, 0xa0, 0x00, 0x00, 0xc1, 0x52, 0x22, 0xaa, 0x30, 0xa3, 0x00, 0x00,
   0x13, 0x09, 0xcb, 0xb9, 0xab, 0x10, 0x00, 0x00, 0x05, 0xa2, 0x2d, 0x4c, 0xa2,
   0xc1, 0x00, 0x00, 0x14, 0xab, 0x9c, 0xd3, 0xab, 0x14, 0x00, 0x00, 0x63, 0x96,
   0x21, 0x4d, 0x4d, 0x2b, 0x00, 0x00, 0x21, 0xa0, 0x10, 0x1a, 0xb1, 0xcb, 0x00,
   0x00, 0x66, 0x93, 0xbc, 0xb0, 0x3a, 0x15, 0x00, 0x00, 0x9c, 0x1b, 0xba, 0x01,
   0x9a, 0x2c, 0x00, 0x00, 0x35, 0x95, 0x4a, 0xb9, 0x33, 0x30, 0x00, 0x00, 0x01,
   0xaa, 0xa2, 0x52, 0x94, 0x32, 0x00, 0x00, 0x00, 0x33, 0xbc, 0x9a, 0x91, 0x09,
   0x00, 0x00, 0x29, 0xa3, 0xbd, 0x2b, 0x34, 0xc4, 0x00, 0x00, 0x41, 0x2a, 0x2c,
   0x01, 0xc2, 0x33, 0x00, 0x00, 0x3d, 0x29, 0x1c, 0x4a, 0xda, 0x10, 0x00, 0x00,
   0x42, 0xa9, 0x92, 0x51, 0xc2, 0xa5, 0x00, 0x00, 0x91, 0x0b, 0x01, 0x43, 0xab,
   0x00, 0x00, 0x00, 0x00, 0x00, 0x00, 0x00, 0x00, 0x00, 0x00, 0x00, 0x00, 0x00,
   0x00, 0x00, 0x00, 0x00, 0x00, 0x00, 0x00, 0x00, 0x00, 0x00, 0x00, 0x00, 0x00,
   0x00, 0x00, 0x00, 0x00, 0x00, 0x00, 0x00, 0x00, 0x00, 0x00, 0x00, 0x00, 0x00,
   0x00, 0x00, 0x00, 0x00, 0x00, 0x00, 0x00, 0x00, 0x00, 0x00, 0x00, 0x00, 0x00,
   0x00, 0x00, 0x00, 0x00, 0x00, 0x00, 0x00, 0x00, 0x00, 0x00, 0x00, 0x00, 0x00,
   0x00, 0x00, 0x91, 0x30, 0x0a, 0x92, 0x61, 0x92, 0x00, 0x00, 0x0a, 0x32, 0x00,
   0xc4, 0xaa, 0x00, 0x00, 0x00, 0x05, 0xd4, 0xc0, 0x40, 0x9b, 0x91, 0x00, 0x00,
   0x14, 0x12, 0xb1, 0x35, 0xbc, 0x12, 0x00, 0x00, 0x97, 0x25, 0xd9, 0xa1, 0xaa,
   0x29, 0x00, 0x00, 0x01, 0xa1, 0x90, 0xa1, 0xc9, 0xa0, 0x00, 0x00, 0x91, 0xa1,
   0x09, 0x33, 0x49, 0xb2, 0x00, 0x00, 0x94, 0xb0, 0x49, 0x0d, 0x90, 0x12, 0x00,
   0x00, 0x2a, 0x3a, 0xd4, 0x99, 0x3b, 0xa1, 0x00, 0x00, 0x33, 0x92, 0x12, 0x13,
   0x99, 0x02, 0x00, 0x00, 0x35, 0x05, 0x29, 0x95, 0xb3, 0xa3, 0x00, 0x00, 0x53,
   0x15, 0x0c, 0xac, 0x33, 0x2a, 0x00, 0x00, 0xca, 0xa4, 0xb3, 0x21, 0x93, 0x02,
   0x00, 0x00, 0x2a, 0x52, 0x14, 0x94, 0x1c, 0x29, 0x00, 0x00, 0x60, 0x24, 0x29,
   0x39, 0xd2, 0x51, 0x00, 0x00, 0x1c, 0x3d, 0x33, 0xb2, 0x19, 0x21, 0x00, 0x00,
   0xc9, 0xb5, 0x4a, 0x10, 0xba, 0xa3, 0x00, 0x00, 0x30, 0x0c, 0x94, 0x50, 0x34,
   0x2b, 0x00, 0x00, 0x9a, 0x13, 0xc4, 0xb0, 0x5b, 0x5b, 0x00, 0x00, 0xa9, 0xc3,
   0xd3, 0x03, 0x0d, 0x22, 0x00, 0x00, 0x03, 0xbc, 0xa4, 0x00, 0xba, 0x49, 0x00,
   0x00, 0x21, 0xd4, 0x0c, 0x5c, 0x35, 0x4b, 0x00, 0x00, 0x93, 0xbb, 0x50, 0x0c,
   0x59, 0x41, 0x00, 0x00, 0x02, 0x42, 0x51, 0x11, 0x91, 0x4a, 0x00, 0x00, 0x00,
   0x00, 0x00, 0x00, 0x00, 0x00, 0x00, 0x00, 0x00, 0x00, 0x00, 0x00, 0x00, 0x00,
   0x00, 0x00, 0x00, 0x00, 0x00, 0x00, 0x00, 0x00, 0x00, 0x00, 0x00, 0x00, 0x00,
   0x00, 0x00, 0x00, 0x00, 0x00, 0x00, 0x00, 0x00, 0x00, 0x00, 0x00, 0x00, 0x00,
   0x00, 0x00, 0x00, 0x00, 0x00, 0x00, 0x00, 0x00, 0x00, 0x00, 0x00, 0x00, 0x00,
   0x00, 0x00, 0x00, 0x00, 0x00, 0x00, 0x00, 0x00, 0x00, 0x00, 0x00, 0xa4, 0x33,
   0x00, 0xa3, 0x20, 0x91, 0x00, 0x00, 0xba, 0x93, 0xd3, 0x1a, 0xa4, 0xb9, 0x00,
   0x00, 0x51, 0x33, 0x10, 0x33, 0x34, 0x90, 0x00, 0x00, 0x4b, 0xbb, 0x25, 0xe2,
   0x40, 0x9a, 0x00, 0x00, 0x53, 0x9a, 0x02, 0x99, 0x29, 0xb9, 0x00, 0x00, 0x24,
   0xcb, 0x24, 0x14, 0xab, 0x0b, 0x00, 0x00, 0xc9, 0x19, 0xb2, 0x0b, 0x41, 0x92,
   0x00, 0x00, 0x14, 0x9a, 0x24, 0xa2, 0x9b, 0x01, 0x00, 0x00, 0x39, 0x94, 0x5b,
   0x23, 0x4c, 0x11, 0x00, 0x00, 0x11, 0xb2, 0x01, 0x30, 0x99, 0x13, 0x00, 0x00,
   0x29, 0xb1, 0x29, 0x20, 0x91, 0x19, 0x00, 0x00, 0x05, 0xa3, 0x29, 0xb9, 0x5e,
   0x32, 0x00, 0x00, 0x3e, 0xa1, 0xcc, 0x09, 0x90, 0x12, 0x00, 0x00, 0x00, 0x23,
   0x40, 0x23, 0x10, 0x11, 0x00, 0x00, 0x04, 0xa3, 0x3b, 0x10, 0xb1, 0xc1, 0x00,
   0x00, 0x20, 0x20, 0x03, 0x0a, 0xa2, 0x61, 0x00, 0x00, 0xa1, 0x41, 0x1b, 0x10,
   0x24, 0xc9, 0x00, 0x00, 0x3a, 0xa3, 0x0a, 0x42, 0x39, 0x09, 0x00, 0x00, 0x9b,
   0x2b, 0x21, 0xa0, 0x39, 0x4d, 0x00, 0x00, 0x19, 0x2b, 0xa0, 0xa9, 0xc9, 0x46,
   0x00, 0x00, 0xca, 0x90, 0xa1, 0x11, 0x3a, 0x2b, 0x00, 0x00, 0xdb, 0x93, 0x15,
   0x51, 0x34, 0x20, 0x00, 0x00, 0x99, 0x6b, 0x00, 0x0a, 0xd9, 0x42, 0x00, 0x00,
   0x90, 0x40, 0x4a, 0x10, 0x1d, 0x13, 0x00, 0x00, 0x00, 0x00, 0x00, 0x00, 0x00,
   0x00, 0x00, 0x00, 0x00, 0x00, 0x00, 0x00, 0x00, 0x00, 0x00, 0x00, 0x00, 0x00,
   0x00, 0x00, 0x00, 0x00, 0x00, 0x00, 0x00, 0x00, 0x00, 0x00, 0x00, 0x00, 0x00,
   0x00, 0x00, 0x00, 0x00, 0x00, 0x00, 0x00, 0x00, 0x00, 0x00, 0x00, 0x00, 0x00,
   0x00, 0x00, 0x00, 0x00, 0x00, 0x00, 0x00, 0x00, 0x00, 0x00, 0x00, 0x00, 0x00,
   0x00, 0x00, 0x00, 0x00, 0x00, 0x00, 0x00, 0xb4, 0x12, 0x22, 0x12, 0x20, 0x2a,
   0x00, 0x00, 0xb2, 0xa1, 0xaa, 0x31, 0xd5, 0xce, 0x00, 0x00, 0x44, 0x25, 0x39,
   0x02, 0x9c, 0x09, 0x00, 0x00, 0x00, 0x0b, 0xc0, 0xbf, 0xfa, 0x0e, 0x00, 0x00,
   0xab, 0x23, 0x03, 0x3b, 0x2b, 0x03, 0x00, 0x00, 0xbc, 0x91, 0xc1, 0xc1, 0x95,
   0x9a, 0x00, 0x00, 0x12, 0x11, 0x13, 0xa9, 0xc3, 0xb2, 0x00, 0x00, 0x10, 0x27,
   0x55, 0x23, 0x24, 0x40, 0x00, 0x00, 0xaa, 0x99, 0xa5, 0x93, 0xc2, 0x0b, 0x00,
   0x00, 0x35, 0x21, 0xb9, 0xd2, 0x0c, 0x12, 0x00, 0x00, 0xaa, 0xa1, 0x5a, 0xc9,
   0x2c, 0x10, 0x00, 0x00, 0x16, 0xa5, 0x29, 0xe3, 0x23, 0xb9, 0x00, 0x00, 0x32,
   0xc0, 0xe1, 0x3a, 0x3b, 0xcc, 0x00, 0x00, 0x3a, 0xb0, 0x0a, 0x00, 0xa9, 0xb0,
   0x00, 0x00, 0xa5, 0x99, 0x94, 0xa0, 0xb2, 0xbc, 0x00, 0x00, 0x9b, 0x25, 0xab,
   0x43, 0x50, 0x53, 0x00, 0x00, 0x39, 0x05, 0x29, 0x02, 0x9c, 0xa1, 0x00, 0x00,
   0x44, 0x92, 0x30, 0xb2, 0xb0, 0x15, 0x00, 0x00, 0x90, 0xa4, 0x94, 0xba, 0x2b,
   0x35, 0x00, 0x00, 0xb4, 0x63, 0x1a, 0x42, 0x0a, 0x24, 0x00, 0x00, 0xd1, 0x10,
   0x72, 0xb0, 0x69, 0x63, 0x00, 0x00, 0x6c, 0x54, 0x03, 0x30, 0x0a, 0x00, 0x00,
   0x00, 0x06, 0x63, 0x34, 0xa9, 0x1b, 0x14, 0x00, 0x00, 0x03, 0x9a, 0x1a, 0xab,
   0x60, 0x46, 0x00, 0x00, 0x00, 0x00, 0x00, 0x00, 0x00, 0x00, 0x00, 0x00, 0x00,
   0x00, 0x00, 0x00, 0x00, 0x00, 0x00, 0x00, 0x00, 0x00, 0x00, 0x00, 0x00, 0x00,
   0x00, 0x00, 0x00, 0x00, 0x00, 0x00, 0x00, 0x00, 0x00, 0x00, 0x00, 0x00, 0x00,
   0x00, 0x00, 0x00, 0x00, 0x00, 0x00, 0x00, 0x00, 0x00, 0x00, 0x00, 0x00, 0x00,
   0x00, 0x00, 0x00, 0x00, 0x00, 0x00, 0x00, 0x00, 0x00, 0x00, 0x00, 0x00, 0x00,
   0x00, 0x00, 0x00, 0x12, 0x99, 0x39, 0x9b, 0x24, 0xc2, 0x00, 0x00, 0xa9, 0x00,
   0x2a, 0x0c, 0xbb, 0x09, 0x00, 0x00, 0x52, 0x2a, 0xba, 0xb9, 0x9a, 0xbd, 0x00,
   0x00, 0xab, 0x93, 0xa0, 0xa9, 0x9b, 0x1a, 0x00, 0x00, 0xa1, 0x35, 0x40, 0xa1,
   0x03, 0x10, 0x00, 0x00, 0x0a, 0x03, 0xc2, 0x3c, 0x92, 0x0a, 0x00, 0x00, 0x93,
   0x01, 0x2a, 0xb0, 0xb2, 0x09, 0x00, 0x00, 0x31, 0x02, 0x45, 0xb1, 0x50, 0x31,
   0x00, 0x00, 0x16, 0x95, 0x6a, 0x3a, 0xc9, 0x01, 0x00, 0x00, 0x20, 0x30, 0x09,
   0xac, 0x47, 0xbb, 0x00, 0x00, 0xc9, 0xca, 0x92, 0x4a, 0x9b, 0x93, 0x00, 0x00,
   0x41, 0x0a, 0x21, 0x5a, 0xc3, 0x10, 0x00, 0x00, 0x94, 0xb9, 0xa9, 0x22, 0x01,
   0xb3, 0x00, 0x00, 0x0a, 0xba, 0x00, 0x55, 0x44, 0xb4, 0x00, 0x00, 0x21, 0xab,
   0xb4, 0xcb, 0xb9, 0x29, 0x00, 0x00, 0xa0, 0x92, 0x12, 0x54, 0x9b, 0x2a, 0x00,
   0x00, 0xcd, 0xa3, 0x45, 0x99, 0x9a, 0xc4, 0x00, 0x00, 0x94, 0x12, 0x32, 0xcd,
   0xa1, 0x13, 0x00, 0x00, 0xad, 0x9d, 0x14, 0x99, 0xca, 0x2a, 0x00, 0x00, 0x99,
   0x04, 0x09, 0xc2, 0xd3, 0x3b, 0x00, 0x00, 0x4a, 0x62, 0x43, 0x1b, 0x2c, 0xb1,
   0x00, 0x00, 0x4c, 0xb3, 0x64, 0x10, 0x1d, 0xc0, 0x00, 0x00, 0x1a, 0x12, 0xb5,
   0x99, 0x31, 0x13, 0x00, 0x00, 0x92, 0x11, 0x15, 0x19, 0x60, 0xd9, 0x00, 0x00,
   0x00, 0x00, 0x00, 0x00, 0x00, 0x00, 0x00, 0x00, 0x00, 0x00, 0x00, 0x00, 0x00,
   0x00, 0x00, 0x00, 0x00, 0x00, 0x00, 0x00, 0x00, 0x00, 0x00, 0x00, 0x00, 0x00,
   0x00, 0x00, 0x00, 0x00, 0x00, 0x00, 0x00, 0x00, 0x00, 0x00, 0x00, 0x00, 0x00,
   0x00, 0x00, 0x00, 0x00, 0x00, 0x00, 0x00, 0x00, 0x00, 0x00, 0x00, 0x00, 0x00,
   0x00, 0x00, 0x00, 0x00, 0x00, 0x00, 0x00, 0x00, 0x00, 0x00, 0x00, 0x00, 0x04,
   0x08, 0x02, 0x01, 0x00, 0x00, 0x40, 0x00, 0xb6, 0xff, 0x0f, 0x00, 0x78, 0x01,
   0x00, 0x00, 0x61, 0x00, 0x00, 0x00, 0xde, 0x01, 0x00, 0x00, 0x29, 0x00, 0x00,
   0x00, 0xd4, 0x01, 0x00, 0x00, 0x2c, 0x00, 0x00, 0x00, 0xc7, 0x01, 0x00, 0x00,
   0xe6, 0xff, 0x0f, 0x00, 0x46, 0x01, 0x00, 0x00, 0xf6, 0xff, 0x0f, 0x00, 0xbd,
   0x01, 0x00, 0x00, 0x64, 0x00, 0x00, 0x00, 0x8a, 0x01, 0x00, 0x00, 0x09, 0x00,
   0x00, 0x00, 0x49, 0x01, 0x00, 0x00, 0xe2, 0xff, 0x0f, 0x00, 0x8d, 0x01, 0x00,
   0x00, 0xe0, 0xff, 0x0f, 0x00, 0xb2, 0x01, 0x00, 0x00, 0xb2, 0xff, 0x0f, 0x00,
   0x3e, 0x02, 0x00, 0x00, 0x15, 0x00, 0x00, 0x00, 0x66, 0x01, 0x00, 0x00, 0x7c,
   0xff, 0x0f, 0x00, 0x0e, 0x02, 0x00, 0x00, 0x0f, 0x00, 0x00, 0x00, 0x68, 0x01,
   0x00, 0x00, 0x46, 0x00, 0x00, 0x00, 0x04, 0x02, 0x00, 0x00, 0x08, 0x00, 0x00,
   0x00, 0x21, 0x01, 0x00, 0x00, 0xed, 0xff, 0x0f, 0x00, 0x2d, 0x02, 0x00, 0x00,
   0x30, 0x00, 0x00, 0x00, 0x41, 0x01, 0x00, 0x00, 0x47, 0x00, 0x00, 0x00, 0x97,
   0x01, 0x00, 0x00, 0xe0, 0xff, 0x0f, 0x00, 0xb7, 0x01, 0x00, 0x00, 0x6c, 0x00,
   0x00, 0x00, 0xb7, 0x01, 0x00, 0x00, 0xfa, 0xff, 0x0f, 0x00, 0xba, 0x01, 0x00,
   0x00, 0x00, 0x00, 0x00, 0x00, 0x88, 0x01, 0x00, 0x00, 0x26, 0x00, 0x00, 0x00,
   0x38, 0x01, 0x00, 0x00, 0x54, 0xff, 0x0f, 0x00, 0x0e, 0x02, 0x00, 0x00, 0xf1,
   0xff, 0x0f, 0x00, 0x92, 0x01, 0x00, 0x00, 0xf4, 0xff, 0x0f, 0x00, 0x72, 0x01,
   0x00, 0x00, 0xe0, 0xff, 0x0f, 0x00, 0x06, 0x02, 0x00, 0x00, 0x3d, 0x00, 0x00,
   0x00, 0xac, 0x01, 0x00, 0x00, 0x5d, 0x00, 0x00, 0x00, 0x59, 0x02, 0x00, 0x00,
   0x1e, 0x00, 0x00, 0x00, 0x7d, 0x01, 0x00, 0x00, 0x0f, 0x00, 0x00, 0x00, 0x92,
   0x01, 0x00, 0x00, 0xba, 0xda, 0xff, 0xff, 0x04, 0x00, 0x00, 0x00, 0x01, 0x00,
   0x00, 0x00, 0x04, 0x00, 0x00, 0x00, 0xca, 0xda, 0xff, 0xff, 0x04, 0x00, 0x00,
   0x00, 0xd0, 0x08, 0x00, 0x00, 0x08, 0x02, 0x02, 0x01, 0x00, 0x00, 0x32, 0x00,
   0x00, 0x00, 0x00, 0x00, 0x60, 0x00, 0x00, 0x00, 0x00, 0x00, 0x00, 0x00, 0x0a,
   0xa0, 0x02, 0x01, 0xc0, 0x09, 0x00, 0x80, 0x00, 0x00, 0x00, 0x00, 0x00, 0x00,
   0x04, 0x04, 0x00, 0x00, 0x00, 0x00, 0x30, 0x00, 0x18, 0x00, 0x00, 0x00, 0x00,
   0x00, 0x30, 0x00, 0x19, 0x00, 0x18, 0x00, 0x01, 0x00, 0x00, 0x00, 0x00, 0x52,
   0x10, 0x00, 0x00, 0x00, 0x00, 0x00, 0x00, 0x00, 0x00, 0x00, 0x00, 0x00, 0x00,
   0x00, 0x00, 0x00, 0x00, 0x00, 0x00, 0x00, 0x00, 0x00, 0x00, 0x00, 0x00, 0x00,
   0x00, 0x00, 0x00, 0x01, 0x00, 0x30, 0x18, 0x00, 0x00, 0x00, 0x00, 0x00, 0x00,
   0x00, 0x00, 0x00, 0x00, 0x00, 0x00, 0x00, 0x00, 0x00, 0x18, 0x00, 0x0c, 0x00,
   0x00, 0x00, 0x18, 0x00, 0x11, 0x00, 0x00, 0x00, 0x34, 0x00, 0x0d, 0x00, 0x00,
   0x00, 0x03, 0x00, 0x00, 0x00, 0x00, 0x00, 0x00, 0x00, 0x00, 0x00, 0x00, 0x00,
   0x00, 0x00, 0x00, 0x00, 0x00, 0x00, 0x00, 0x00, 0x00, 0x00, 0x00, 0x00, 0x00,
   0x00, 0x00, 0x00, 0x00, 0x00, 0x00, 0x00, 0x00, 0xff, 0x00, 0x00, 0x00, 0x00,
   0x00, 0x00, 0x00, 0x00, 0x00, 0x00, 0x00, 0x00, 0x00, 0x00, 0x00, 0x00, 0x00,
   0x00, 0x00, 0x00, 0x00, 0x00, 0x00, 0x00, 0x00, 0x00, 0x08, 0xff, 0x01, 0x01,
   0x00, 0x02, 0x00, 0x00, 0x00, 0x00, 0x01, 0x01, 0x00, 0x00, 0x00, 0x00, 0x00,
   0x00, 0x00, 0x00, 0x00, 0x00, 0x00, 0x02, 0x02, 0x01, 0x00, 0x00, 0x00, 0x04,
   0x03, 0xb0, 0xb9, 0x31, 0x92, 0xdb, 0x00, 0x00, 0x90, 0xb3, 0x9c, 0x21, 0xca,
   0xa0, 0x00, 0x00, 0x02, 0x02, 0x3b, 0x42, 0xb1, 0xb1, 0x00, 0x00, 0xd3, 0xab,
   0x29, 0x1b, 0x9a, 0x44, 0x00, 0x00, 0xc2, 0x4c, 0x99, 0xba, 0x33, 0x32, 0x00,
   0x00, 0x34, 0xa9, 0xec, 0xba, 0xac, 0xb3, 0x00, 0x00, 0x01, 0x0c, 0x0c, 0x0a,
   0xd0, 0x9c, 0x00, 0x00, 0xc1, 0x22, 0x02, 0x13, 0xbc, 0x20, 0x00, 0x00, 0x31,
   0x54, 0x1b, 0x30, 0x92, 0x5a, 0x00, 0x00, 0xc1, 0xa0, 0xb3, 0x44, 0x12, 0xa0,
   0x00, 0x00, 0x91, 0xd0, 0x21, 0x10, 0x2c, 0xa1, 0x00, 0x00, 0xaa, 0x12, 0x3a,
   0x39, 0x39, 0x12, 0x00, 0x00, 0xaa, 0x3b, 0x2b, 0x92, 0x4d, 0xa9, 0x00, 0x00,
   0x19, 0x13, 0x91, 0x1a, 0x21, 0xdc, 0x00, 0x00, 0x13, 0x40, 0x47, 0xb4, 0x90,
   0xc5, 0x00, 0x00, 0xa1, 0x2d, 0x93, 0x29, 0x71, 0x4a, 0x00, 0x00, 0x9b, 0x30,
   0x51, 0x2d, 0x3b, 0x95, 0x00, 0x00, 0x5c, 0x3a, 0x2b, 0x01, 0x69, 0x2d, 0x00,
   0x00, 0x00, 0x00, 0x00, 0x00, 0x00, 0x00, 0x00, 0x00, 0x00, 0x00, 0x00, 0x00,
   0x00, 0x00, 0x00, 0x00, 0x00, 0x00, 0x00, 0x00, 0x00, 0x00, 0x00, 0x00, 0x00,
   0x00, 0x00, 0x00, 0x00, 0x00, 0x00, 0x00, 0x00, 0x00, 0x00, 0x00, 0x00, 0x00,
   0x00, 0x00, 0x00, 0x00, 0x00, 0x00, 0x00, 0x00, 0x00, 0x00, 0x00, 0x00, 0x00,
   0x00, 0x00, 0x00, 0x00, 0x00, 0x00, 0x00, 0x00, 0x00, 0x00, 0x00, 0x00, 0x00,
   0x00, 0x00, 0x00, 0x00, 0x00, 0x00, 0x00, 0x00, 0x00, 0x00, 0x00, 0x00, 0x00,
   0x00, 0x00, 0x00, 0x00, 0x00, 0x00, 0x00, 0x00, 0x00, 0x00, 0x00, 0x00, 0x00,
   0x00, 0x00, 0x00, 0x00, 0x00, 0x00, 0x00, 0x00, 0x00, 0x00, 0x00, 0x00, 0x00,
   0x00, 0x00, 0x00, 0x00, 0x00, 0x00, 0x00, 0x00, 0x00, 0x10, 0xa6, 0xa3, 0x3a,
   0x90, 0xaa, 0x00, 0x00, 0x00, 0x2d, 0x12, 0x2c, 0xac, 0x4a, 0x00, 0x00, 0x13,
   0x11, 0x99, 0xc4, 0x9b, 0x3a, 0x00, 0x00, 0xba, 0x3d, 0x21, 0x33, 0x41, 0xc0,
   0x00, 0x00, 0xcb, 0x9c, 0xa2, 0x1c, 0xaa, 0x20, 0x00, 0x00, 0x40, 0x3a, 0xa1,
   0xc3, 0x5b, 0x3a, 0x00, 0x00, 0xb3, 0x13, 0x11, 0x9a, 0x22, 0xac, 0x00, 0x00,
   0xbb, 0x1c, 0x31, 0x1b, 0x02, 0x09, 0x00, 0x00, 0xba, 0xbb, 0x0b, 0xb0, 0xd9,
   0x42, 0x00, 0x00, 0x24, 0x3d, 0x19, 0x03, 0x30, 0x2b, 0x00, 0x00, 0x14, 0x1c,
   0xc9, 0x29, 0x9a, 0xc1, 0x00, 0x00, 0x9a, 0x0b, 0x3a, 0x3b, 0x13, 0xcc, 0x00,
   0x00, 0xb3, 0x49, 0x39, 0x20, 0x1c, 0xb0, 0x00, 0x00, 0x1c, 0x2c, 0xaa, 0x20,
   0x29, 0x0b, 0x00, 0x00, 0x09, 0x31, 0x25, 0x29, 0x31, 0xcc, 0x00, 0x00, 0x13,
   0x0a, 0xc9, 0x9b, 0xb9, 0x03, 0x00, 0x00, 0x10, 0x33, 0x3b, 0x32, 0x90, 0x02,
   0x00, 0x00, 0xb9, 0xab, 0x9a, 0x15, 0x30, 0xbb, 0x00, 0x00, 0x00, 0x00, 0x00,
   0x00, 0x00, 0x00, 0x00, 0x00, 0x00, 0x00, 0x00, 0x00, 0x00, 0x00, 0x00, 0x00,
   0x00, 0x00, 0x00, 0x00, 0x00, 0x00, 0x00, 0x00, 0x00, 0x00, 0x00, 0x00, 0x00,
   0x00, 0x00, 0x00, 0x00, 0x00, 0x00, 0x00, 0x00, 0x00, 0x00, 0x00, 0x00, 0x00,
   0x00, 0x00, 0x00, 0x00, 0x00, 0x00, 0x00, 0x00, 0x00, 0x00, 0x00, 0x00, 0x00,
   0x00, 0x00, 0x00, 0x00, 0x00, 0x00, 0x00, 0x00, 0x00, 0x00, 0x00, 0x00, 0x00,
   0x00, 0x00, 0x00, 0x00, 0x00, 0x00, 0x00, 0x00, 0x00, 0x00, 0x00, 0x00, 0x00,
   0x00, 0x00, 0x00, 0x00, 0x00, 0x00, 0x00, 0x00, 0x00, 0x00, 0x00, 0x00, 0x00,
   0x00, 0x00, 0x00, 0x00, 0x00, 0x00, 0x00, 0x00, 0x00, 0x00, 0x00, 0x00, 0x00,
   0x00, 0x00, 0x00, 0x00, 0x00, 0xad, 0x9c, 0x04, 0x26, 0x13, 0xb9, 0x00, 0x00,
   0x32, 0x41, 0x40, 0xa3, 0xa5, 0x6a, 0x00, 0x00, 0x24, 0x9a, 0x33, 0x14, 0xea,
   0xec, 0x00, 0x00, 0x09, 0x14, 0x1b, 0x13, 0xd9, 0xa1, 0x00, 0x00, 0x44, 0x99,
   0x56, 0xb0, 0x04, 0xe9, 0x00, 0x00, 0xc0, 0xbf, 0x20, 0x49, 0x5b, 0xc3, 0x00,
   0x00, 0xba, 0x00, 0xa6, 0x21, 0xa1, 0xd9, 0x00, 0x00, 0xc9, 0xb0, 0xa0, 0x1b,
   0x5b, 0x94, 0x00, 0x00, 0x04, 0xab, 0x3a, 0x21, 0xe3, 0x9b, 0x00, 0x00, 0xac,
   0xa3, 0x1a, 0xc9, 0x1b, 0x23, 0x00, 0x00, 0x2d, 0xa2, 0x40, 0x40, 0x21, 0x9c,
   0x00, 0x00, 0xa3, 0x1b, 0x0b, 0x21, 0xd3, 0x10, 0x00, 0x00, 0xa2, 0xaa, 0x63,
   0xa4, 0xd5, 0xc9, 0x00, 0x00, 0x92, 0xb5, 0x23, 0x99, 0x49, 0x21, 0x00, 0x00,
   0x43, 0x12, 0xa1, 0x52, 0x3b, 0xa4, 0x00, 0x00, 0x12, 0xc9, 0xdb, 0x91, 0x21,
   0xe1, 0x00, 0x00, 0x33, 0x3a, 0xa1, 0x55, 0x14, 0x33, 0x00, 0x00, 0xd1, 0x30,
   0xa4, 0x21, 0x20, 0x92, 0x00, 0x00, 0x00, 0x00, 0x00, 0x00, 0x00, 0x00, 0x00,
   0x00, 0x00, 0x00, 0x00, 0x00, 0x00, 0x00, 0x00, 0x00, 0x00, 0x00, 0x00, 0x00,
   0x00, 0x00, 0x00, 0x00, 0x00, 0x00, 0x00, 0x00, 0x00, 0x00, 0x00, 0x00, 0x00,
   0x00, 0x00, 0x00, 0x00, 0x00, 0x00, 0x00, 0x00, 0x00, 0x00, 0x00, 0x00, 0x00,
   0x00, 0x00, 0x00, 0x00, 0x00, 0x00, 0x00, 0x00, 0x00, 0x00, 0x00, 0x00, 0x00,
   0x00, 0x00, 0x00, 0x00, 0x00, 0x00, 0x00, 0x00, 0x00, 0x00, 0x00, 0x00, 0x00,
   0x00, 0x00, 0x00, 0x00, 0x00, 0x00, 0x00, 0x00, 0x00, 0x00, 0x00, 0x00, 0x00,
   0x00, 0x00, 0x00, 0x00, 0x00, 0x00, 0x00, 0x00, 0x00, 0x00, 0x00, 0x00, 0x00,
   0x00, 0x00, 0x00, 0x00, 0x00, 0x00, 0x00, 0x00, 0x00, 0x00, 0x00, 0x00, 0x00,
   0x00, 0xf0, 0x9f, 0xab, 0x33, 0x63, 0xd4, 0x00, 0x00, 0xcf, 0x19, 0x02, 0x03,
   0x3a, 0x03, 0x00, 0x00, 0xcd, 0x1b, 0x9b, 0x45, 0x99, 0xa3, 0x00, 0x00, 0xaa,
   0x50, 0x20, 0xb1, 0x1a, 0xba, 0x00, 0x00, 0x01, 0xd1, 0x0a, 0x21, 0x4a, 0x22,
   0x00, 0x00, 0xee, 0x52, 0x40, 0xbb, 0xe1, 0x2b, 0x00, 0x00, 0xb9, 0x21, 0xb0,
   0x0a, 0xbb, 0x1d, 0x00, 0x00, 0x50, 0x73, 0x65, 0x01, 0xf9, 0x32, 0x00, 0x00,
   0xcc, 0x9d, 0x1d, 0x34, 0x2a, 0xd3, 0x00, 0x00, 0xb9, 0x73, 0x72, 0x9b, 0x21,
   0xca, 0x00, 0x00, 0xda, 0x0c, 0xd3, 0x72, 0x31, 0xc3, 0x00, 0x00, 0x9e, 0x72,
   0x55, 0xf9, 0x19, 0x03, 0x00, 0x00, 0xa1, 0x91, 0x4a, 0x25, 0xd5, 0x0b, 0x00,
   0x00, 0x9a, 0x3d, 0x19, 0xee, 0xab, 0xa1, 0x00, 0x00, 0xeb, 0x9b, 0xb9, 0x3e,
   0xa1, 0xa1, 0x00, 0x00, 0xd3, 0x9b, 0x93, 0x1c, 0x11, 0x2b, 0x00, 0x00, 0x0a,
   0x1c, 0xdb, 0xa0, 0x9b, 0xb0, 0x00, 0x00, 0x14, 0x23, 0xa2, 0x1c, 0xb9, 0x20,
   0x00, 0x00, 0x00, 0x00, 0x00, 0x00, 0x00, 0x00, 0x00, 0x00, 0x00, 0x00, 0x00,
   0x00, 0x00, 0x00, 0x00, 0x00, 0x00, 0x00, 0x00, 0x00, 0x00, 0x00, 0x00, 0x00,
   0x00, 0x00, 0x00, 0x00, 0x00, 0x00, 0x00, 0x00, 0x00, 0x00, 0x00, 0x00, 0x00,
   0x00, 0x00, 0x00, 0x00, 0x00, 0x00, 0x00, 0x00, 0x00, 0x00, 0x00, 0x00, 0x00,
   0x00, 0x00, 0x00, 0x00, 0x00, 0x00, 0x00, 0x00, 0x00, 0x00, 0x00, 0x00, 0x00,
   0x00, 0x00, 0x00, 0x00, 0x00, 0x00, 0x00, 0x00, 0x00, 0x00, 0x00, 0x00, 0x00,
   0x00, 0x00, 0x00, 0x00, 0x00, 0x00, 0x00, 0x00, 0x00, 0x00, 0x00, 0x00, 0x00,
   0x00, 0x00, 0x00, 0x00, 0x00, 0x00, 0x00, 0x00, 0x00, 0x00, 0x00, 0x00, 0x00,
   0x00, 0x00, 0x00, 0x00, 0x00, 0x00, 0x00, 0x00, 0x00, 0x00, 0x10, 0x92, 0x05,
   0x21, 0xe2, 0x9a, 0x00, 0x00, 0x09, 0x30, 0x2a, 0x3a, 0x03, 0x10, 0x00, 0x00,
   0x22, 0x19, 0x39, 0x91, 0x23, 0xe0, 0x00, 0x00, 0xa2, 0x20, 0xa9, 0x1b, 0xc4,
   0x0a, 0x00, 0x00, 0x14, 0x01, 0x54, 0xb9, 0x34, 0xbc, 0x00, 0x00, 0x0d, 0xc9,
   0xb1, 0xb3, 0x0c, 0x43, 0x00, 0x00, 0xb2, 0x0a, 0x91, 0x39, 0x11, 0x9b, 0x00,
   0x00, 0xd0, 0x9d, 0x31, 0x41, 0x62, 0xb0, 0x00, 0x00, 0xc9, 0x14, 0xc3, 0x1a,
   0x10, 0xba, 0x00, 0x00, 0x00, 0x9a, 0x0b, 0x1c, 0xa9, 0xaa, 0x00, 0x00, 0x5c,
   0x49, 0x95, 0x3b, 0xd1, 0xb0, 0x00, 0x00, 0xd2, 0x00, 0x9a, 0x40, 0x22, 0x09,
   0x00, 0x00, 0x4c, 0xa1, 0x0a, 0x64, 0x9a, 0x2b, 0x00, 0x00, 0x55, 0x1a, 0x25,
   0xa3, 0x94, 0x2d, 0x00, 0x00, 0x90, 0x99, 0x0a, 0x6b, 0x42, 0x77, 0x00, 0x00,
   0xaa, 0xea, 0x92, 0xb9, 0x9b, 0xbc, 0x00, 0x00, 0x2d, 0x0c, 0xcc, 0x53, 0x60,
   0x67, 0x00, 0x00, 0x9c, 0x04, 0x41, 0x09, 0x01, 0x31, 0x00, 0x00, 0x00, 0x00,
   0x00, 0x00, 0x00, 0x00, 0x00, 0x00, 0x00, 0x00, 0x00, 0x00, 0x00, 0x00, 0x00,
   0x00, 0x00, 0x00, 0x00, 0x00, 0x00, 0x00, 0x00, 0x00, 0x00, 0x00, 0x00, 0x00,
   0x00, 0x00, 0x00, 0x00, 0x00, 0x00, 0x00, 0x00, 0x00, 0x00, 0x00, 0x00, 0x00,
   0x00, 0x00, 0x00, 0x00, 0x00, 0x00, 0x00, 0x00, 0x00, 0x00, 0x00, 0x00, 0x00,
   0x00, 0x00, 0x00, 0x00, 0x00, 0x00, 0x00, 0x00, 0x00, 0x00, 0x00, 0x00, 0x00,
   0x00, 0x00, 0x00, 0x00, 0x00, 0x00, 0x00, 0x00, 0x00, 0x00, 0x00, 0x00, 0x00,
   0x00, 0x00, 0x00, 0x00, 0x00, 0x00, 0x00, 0x00, 0x00, 0x00, 0x00, 0x00, 0x00,
   0x00, 0x00, 0x00, 0x00, 0x00, 0x00, 0x00, 0x00, 0x00, 0x00, 0x00, 0x00, 0x00,
   0x00, 0x00, 0x00, 0x00, 0x00, 0x00, 0x92, 0x0a, 0x9b, 0x14, 0xc9, 0x15, 0x00,
   0x00, 0x91, 0xa1, 0x1c, 0xa1, 0x11, 0x2a, 0x00, 0x00, 0x29, 0xb1, 0x3b, 0xa4,
   0xa1, 0x33, 0x00, 0x00, 0x12, 0xb0, 0x23, 0x11, 0x41, 0xe3, 0x00, 0x00, 0x10,
   0x31, 0x03, 0x09, 0x2a, 0xd9, 0x00, 0x00, 0x91, 0x95, 0x0b, 0x39, 0xc1, 0xc1,
   0x00, 0x00, 0x59, 0xd5, 0xb2, 0x1a, 0x9b, 0x59, 0x00, 0x00, 0xb1, 0x3b, 0xa1,
   0x99, 0x15, 0x12, 0x00, 0x00, 0x40, 0xc5, 0x2e, 0x23, 0x22, 0x12, 0x00, 0x00,
   0x39, 0x94, 0x1a, 0x40, 0x21, 0xa3, 0x00, 0x00, 0x3a, 0xda, 0x3c, 0x01, 0x4b,
   0x13, 0x00, 0x00, 0xd1, 0xaa, 0x0a, 0xaa, 0x11, 0xa0, 0x00, 0x00, 0xb0, 0xb9,
   0x93, 0x9a, 0xa0, 0x2b, 0x00, 0x00, 0xcc, 0x20, 0x19, 0x0a, 0x00, 0xc9, 0x00,
   0x00, 0x33, 0x92, 0x4a, 0xac, 0xb1, 0xa5, 0x00, 0x00, 0xcb, 0xda, 0x95, 0x09,
   0x7c, 0x2b, 0x00, 0x00, 0xba, 0xa9, 0x21, 0x3a, 0xa6, 0xa9, 0x00, 0x00, 0x10,
   0x91, 0xd1, 0x12, 0x40, 0x42, 0x00, 0x00, 0x00, 0x00, 0x00, 0x00, 0x00, 0x00,
   0x00, 0x00, 0x00, 0x00, 0x00, 0x00, 0x00, 0x00, 0x00, 0x00, 0x00, 0x00, 0x00,
   0x00, 0x00, 0x00, 0x00, 0x00, 0x00, 0x00, 0x00, 0x00, 0x00, 0x00, 0x00, 0x00,
   0x00, 0x00, 0x00, 0x00, 0x00, 0x00, 0x00, 0x00, 0x00, 0x00, 0x00, 0x00, 0x00,
   0x00, 0x00, 0x00, 0x00, 0x00, 0x00, 0x00, 0x00, 0x00, 0x00, 0x00, 0x00, 0x00,
   0x00, 0x00, 0x00, 0x00, 0x00, 0x00, 0x00, 0x00, 0x00, 0x00, 0x00, 0x00, 0x00,
   0x00, 0x00, 0x00, 0x00, 0x00, 0x00, 0x00, 0x00, 0x00, 0x00, 0x00, 0x00, 0x00,
   0x00, 0x00, 0x00, 0x00, 0x00, 0x00, 0x00, 0x00, 0x00, 0x00, 0x00, 0x00, 0x00,
   0x00, 0x00, 0x00, 0x00, 0x00, 0x00, 0x00, 0x00, 0x00, 0x00, 0x00, 0x00, 0x00,
   0x00, 0x00, 0xae, 0x0b, 0x32, 0x4a, 0xc0, 0x3c, 0x00, 0x00, 0x4c, 0x41, 0x34,
   0x90, 0xa0, 0xa1, 0x00, 0x00, 0x49, 0x3a, 0x29, 0x76, 0x32, 0x9d, 0x00, 0x00,
   0x10, 0xa4, 0x94, 0xc9, 0xb1, 0x3c, 0x00, 0x00, 0x09, 0xb6, 0x52, 0x99, 0xc1,
   0x0b, 0x00, 0x00, 0xa4, 0xbf, 0x0a, 0x22, 0x9a, 0xb2, 0x00, 0x00, 0x09, 0xa9,
   0x42, 0x4a, 0xb4, 0x40, 0x00, 0x00, 0xd1, 0x12, 0xb9, 0xaa, 0x01, 0x99, 0x00,
   0x00, 0xdc, 0x3b, 0x10, 0x11, 0xe2, 0xa2, 0x00, 0x00, 0xdd, 0x31, 0xb2, 0x90,
   0x4b, 0x3a, 0x00, 0x00, 0xb0, 0x91, 0x94, 0xba, 0xa9, 0x4b, 0x00, 0x00, 0xdb,
   0x4d, 0x21, 0xab, 0xdd, 0x2d, 0x00, 0x00, 0x49, 0xb9, 0x33, 0x4c, 0x1b, 0x20,
   0x00, 0x00, 0xbc, 0x1a, 0x33, 0x1b, 0x94, 0xba, 0x00, 0x00, 0x29, 0x2b, 0x0a,
   0x24, 0xb5, 0x14, 0x00, 0x00, 0x50, 0x03, 0x9b, 0xb1, 0x99, 0xbc, 0x00, 0x00,
   0xaa, 0x2a, 0x00, 0x00, 0x5c, 0x43, 0x00, 0x00, 0x90, 0x9b, 0xa3, 0x9a, 0x34,
   0xeb, 0x00, 0x00, 0x00, 0x00, 0x00, 0x00, 0x00, 0x00, 0x00, 0x00, 0x00, 0x00,
   0x00, 0x00, 0x00, 0x00, 0x00, 0x00, 0x00, 0x00, 0x00, 0x00, 0x00, 0x00, 0x00,
   0x00, 0x00, 0x00, 0x00, 0x00, 0x00, 0x00, 0x00, 0x00, 0x00, 0x00, 0x00, 0x00,
   0x00, 0x00, 0x00, 0x00, 0x00, 0x00, 0x00, 0x00, 0x00, 0x00, 0x00, 0x00, 0x00,
   0x00, 0x00, 0x00, 0x00, 0x00, 0x00, 0x00, 0x00, 0x00, 0x00, 0x00, 0x00, 0x00,
   0x00, 0x00, 0x00, 0x00, 0x00, 0x00, 0x00, 0x00, 0x00, 0x00, 0x00, 0x00, 0x00,
   0x00, 0x00, 0x00, 0x00, 0x00, 0x00, 0x00, 0x00, 0x00, 0x00, 0x00, 0x00, 0x00,
   0x00, 0x00, 0x00, 0x00, 0x00, 0x00, 0x00, 0x00, 0x00, 0x00, 0x00, 0x00, 0x00,
   0x00, 0x00, 0x00, 0x00, 0x00, 0x00, 0x00, 0x00, 0x00, 0x00, 0x00, 0x21, 0x19,
   0x9a, 0x39, 0x9b, 0x69, 0x00, 0x00, 0xad, 0x22, 0x9a, 0x99, 0xab, 0xa2, 0x00,
   0x00, 0xa1, 0x9a, 0x1a, 0xd1, 0xb3, 0x56, 0x00, 0x00, 0xe3, 0xcf, 0x22, 0x23,
   0x40, 0x35, 0x00, 0x00, 0x3a, 0xb0, 0x24, 0x51, 0x41, 0x61, 0x00, 0x00, 0x09,
   0x63, 0xc2, 0x92, 0x2b, 0xe5, 0x00, 0x00, 0x90, 0x34, 0x4b, 0x32, 0x93, 0x93,
   0x00, 0x00, 0xa2, 0x02, 0x10, 0x23, 0xa1, 0x39, 0x00, 0x00, 0x34, 0x22, 0x32,
   0x29, 0xea, 0x09, 0x00, 0x00, 0xb4, 0x5b, 0x09, 0x45, 0x95, 0x02, 0x00, 0x00,
   0x19, 0xc2, 0x90, 0xac, 0x1b, 0x99, 0x00, 0x00, 0x0b, 0x04, 0x19, 0x23, 0x10,
   0x4a, 0x00, 0x00, 0xc9, 0x01, 0xc1, 0x03, 0x32, 0x3a, 0x00, 0x00, 0x0c, 0xfc,
   0x92, 0x91, 0x2b, 0x2c, 0x00, 0x00, 0x1b, 0x4a, 0xa0, 0x12, 0x99, 0x4b, 0x00,
   0x00, 0x0e, 0x3d, 0x2a, 0xbc, 0xaa, 0xd0, 0x00, 0x00, 0x1c, 0xab, 0x13, 0xc0,
   0x16, 0x24, 0x00, 0x00, 0x10, 0x11, 0x99, 0xba, 0x2a, 0x4d, 0x00, 0x00, 0x00,
   0x00, 0x00, 0x00, 0x00, 0x00, 0x00, 0x00, 0x00, 0x00, 0x00, 0x00, 0x00, 0x00,
   0x00, 0x00, 0x00, 0x00, 0x00, 0x00, 0x00, 0x00, 0x00, 0x00, 0x00, 0x00, 0x00,
   0x00, 0x00, 0x00, 0x00, 0x00, 0x00, 0x00, 0x00, 0x00, 0x00, 0x00, 0x00, 0x00,
   0x00, 0x00, 0x00, 0x00, 0x00, 0x00, 0x00, 0x00, 0x00, 0x00, 0x00, 0x00, 0x00,
   0x00, 0x00, 0x00, 0x00, 0x00, 0x00, 0x00, 0x00, 0x00, 0x00, 0x00, 0x00, 0x00,
   0x00, 0x00, 0x00, 0x00, 0x00, 0x00, 0x00, 0x00, 0x00, 0x00, 0x00, 0x00, 0x00,
   0x00, 0x00, 0x00, 0x00, 0x00, 0x00, 0x00, 0x00, 0x00, 0x00, 0x00, 0x00, 0x00,
   0x00, 0x00, 0x00, 0x00, 0x00, 0x00, 0x00, 0x00, 0x00, 0x00, 0x00, 0x00, 0x00,
   0x00, 0x00, 0x00, 0x00, 0x00, 0x00, 0x00, 0x4a, 0x19, 0xb2, 0x0b, 0x9a, 0xd9,
   0x00, 0x00, 0xc2, 0x22, 0x9d, 0x11, 0x64, 0xae, 0x00, 0x00, 0x19, 0xf9, 0x2a,
   0x19, 0xca, 0x33, 0x00, 0x00, 0x02, 0x01, 0xdd, 0xba, 0xae, 0x29, 0x00, 0x00,
   0xa0, 0x0b, 0x29, 0xac, 0x63, 0x9d, 0x00, 0x00, 0xd0, 0x4e, 0x03, 0x0b, 0xa4,
   0x0b, 0x00, 0x00, 0xa1, 0x01, 0x29, 0x23, 0xb3, 0x2c, 0x00, 0x00, 0xa5, 0x2d,
   0xa0, 0xd3, 0xea, 0x0b, 0x00, 0x00, 0xbd, 0x59, 0x04, 0xa9, 0x00, 0xfb, 0x00,
   0x00, 0x29, 0xca, 0xa2, 0x9e, 0xb4, 0xad, 0x00, 0x00, 0x1b, 0xba, 0x12, 0xb0,
   0x00, 0x19, 0x00, 0x00, 0xeb, 0x99, 0xcb, 0xab, 0xa0, 0x31, 0x00, 0x00, 0x12,
   0x93, 0x2a, 0x32, 0x90, 0x9c, 0x00, 0x00, 0xbc, 0x34, 0x43, 0x04, 0xa0, 0xb1,
   0x00, 0x00, 0x24, 0x56, 0x15, 0x02, 0xbb, 0x30, 0x00, 0x00, 0x25, 0x16, 0xa3,
   0x42, 0xa5, 0x29, 0x00, 0x00, 0x32, 0x35, 0x21, 0x9c, 0x92, 0x49, 0x00, 0x00,
   0x00, 0x43, 0x4a, 0x40, 0xa2, 0x20, 0x00, 0x00, 0x00, 0x00, 0x00, 0x00, 0x00,
   0x00, 0x00, 0x00, 0x00, 0x00, 0x00, 0x00, 0x00, 0x00, 0x00, 0x00, 0x00, 0x00,
   0x00, 0x00, 0x00, 0x00, 0x00, 0x00, 0x00, 0x00, 0x00, 0x00, 0x00, 0x00, 0x00,
   0x00, 0x00, 0x00, 0x00, 0x00, 0x00, 0x00, 0x00, 0x00, 0x00, 0x00, 0x00, 0x00,
   0x00, 0x00, 0x00, 0x00, 0x00, 0x00, 0x00, 0x00, 0x00, 0x00, 0x00, 0x00, 0x00,
   0x00, 0x00, 0x00, 0x00, 0x00, 0x00, 0x00, 0x00, 0x00, 0x00, 0x00, 0x00, 0x00,
   0x00, 0x00, 0x00, 0x00, 0x00, 0x00, 0x00, 0x00, 0x00, 0x00, 0x00, 0x00, 0x00,
   0x00, 0x00, 0x00, 0x00, 0x00, 0x00, 0x00, 0x00, 0x00, 0x00, 0x00, 0x00, 0x00,
   0x00, 0x00, 0x00, 0x00, 0x00, 0x00, 0x00, 0x00, 0x00, 0x00, 0x00, 0x00, 0x00,
   0x00, 0x00, 0x00, 0x52, 0x45, 0x2b, 0x11, 0xc0, 0x4a, 0x00, 0x00, 0x22, 0xa2,
   0x0b, 0x0a, 0xdc, 0x2a, 0x00, 0x00, 0x03, 0xb0, 0xba, 0xa9, 0xb9, 0x03, 0x00,
   0x00, 0x94, 0xbb, 0x19, 0x2c, 0x40, 0x45, 0x00, 0x00, 0x9d, 0x1b, 0xa2, 0x09,
   0x5a, 0x2d, 0x00, 0x00, 0xc9, 0x15, 0xd2, 0x3a, 0x12, 0xd1, 0x00, 0x00, 0x22,
   0x05, 0xa9, 0x10, 0xca, 0x31, 0x00, 0x00, 0x22, 0x3c, 0x1b, 0x0d, 0x00, 0x12,
   0x00, 0x00, 0x31, 0xbb, 0x13, 0xc2, 0xab, 0xa2, 0x00, 0x00, 0x3a, 0x9a, 0xa2,
   0x1a, 0xcb, 0x5c, 0x00, 0x00, 0x4b, 0x29, 0xe3, 0x21, 0xa1, 0x03, 0x00, 0x00,
   0xcb, 0xba, 0x23, 0x9c, 0x03, 0x31, 0x00, 0x00, 0x2b, 0x10, 0xda, 0x91, 0x33,
   0x11, 0x00, 0x00, 0x1b, 0xa0, 0xbb, 0x19, 0x3b, 0x0c, 0x00, 0x00, 0x10, 0xa0,
   0x11, 0xda, 0x90, 0x1a, 0x00, 0x00, 0x0a, 0x33, 0x33, 0x2b, 0x11, 0xac, 0x00,
   0x00, 0xaa, 0x93, 0x13, 0x9f, 0xdc, 0xb3, 0x00, 0x00, 0x11, 0x9b, 0x0a, 0x33,
   0x99, 0x11, 0x00, 0x00, 0x00, 0x00, 0x00, 0x00, 0x00, 0x00, 0x00, 0x00, 0x00,
   0x00, 0x00, 0x00, 0x00, 0x00, 0x00, 0x00, 0x00, 0x00, 0x00, 0x00, 0x00, 0x00,
   0x00, 0x00, 0x00, 0x00, 0x00, 0x00, 0x00, 0x00, 0x00, 0x00, 0x00, 0x00, 0x00,
   0x00, 0x00, 0x00, 0x00, 0x00, 0x00, 0x00, 0x00, 0x00, 0x00, 0x00, 0x00, 0x00,
   0x00, 0x00, 0x00, 0x00, 0x00, 0x00, 0x00, 0x00, 0x00, 0x00, 0x00, 0x00, 0x00,
   0x00, 0x00, 0x00, 0x00, 0x00, 0x00, 0x00, 0x00, 0x00, 0x00, 0x00, 0x00, 0x00,
   0x00, 0x00, 0x00, 0x00, 0x00, 0x00, 0x00, 0x00, 0x00, 0x00, 0x00, 0x00, 0x00,
   0x00, 0x00, 0x00, 0x00, 0x00, 0x00, 0x00, 0x00, 0x00, 0x00, 0x00, 0x00, 0x00,
   0x00, 0x00, 0x00, 0x00, 0x00, 0x00, 0x00, 0x00, 0x00, 0x00, 0x00, 0x00, 0x20,
   0x39, 0xc1, 0xa2, 0xb9, 0x21, 0x00, 0x00, 0x41, 0x2c, 0x29, 0xcc, 0x31, 0xbc,
   0x00, 0x00, 0x3a, 0xa9, 0x30, 0x01, 0xc1, 0x1c, 0x00, 0x00, 0x9b, 0x33, 0xac,
   0x31, 0x3a, 0x31, 0x00, 0x00, 0x9b, 0xba, 0xa3, 0x41, 0xbb, 0x94, 0x00, 0x00,
   0x52, 0x22, 0xb1, 0x39, 0xc2, 0x43, 0x00, 0x00, 0xb0, 0xe6, 0x3d, 0x02, 0x90,
   0x9c, 0x00, 0x00, 0x43, 0x15, 0x1a, 0x14, 0xb0, 0x02, 0x00, 0x00, 0x2b, 0xdb,
   0xab, 0x3b, 0x2a, 0x51, 0x00, 0x00, 0x13, 0x04, 0x44, 0x54, 0x46, 0x24, 0x00,
   0x00, 0x13, 0x9c, 0xce, 0x03, 0x0c, 0xc9, 0x00, 0x00, 0x2d, 0x96, 0x3a, 0x41,
   0x2b, 0x9a, 0x00, 0x00, 0x9a, 0x10, 0x02, 0xa4, 0x31, 0xb3, 0x00, 0x00, 0x2a,
   0xa4, 0xc4, 0xb2, 0x42, 0xaa, 0x00, 0x00, 0xa3, 0x03, 0x36, 0x9a, 0x0c, 0x20,
   0x00, 0x00, 0xbb, 0x14, 0xb0, 0x42, 0x2a, 0x03, 0x00, 0x00, 0x02, 0x14, 0x03,
   0x3d, 0x99, 0x9c, 0x00, 0x00, 0x9a, 0x9a, 0xb3, 0x12, 0x31, 0x5b, 0x00, 0x00,
   0x00, 0x00, 0x00, 0x00, 0x00, 0x00, 0x00, 0x00, 0x00, 0x00, 0x00, 0x00, 0x00,
   0x00, 0x00, 0x00, 0x00, 0x00, 0x00, 0x00, 0x00, 0x00, 0x00, 0x00, 0x00, 0x00,
   0x00, 0x00, 0x00, 0x00, 0x00, 0x00, 0x00, 0x00, 0x00, 0x00, 0x00, 0x00, 0x00,
   0x00, 0x00, 0x00, 0x00, 0x00, 0x00, 0x00, 0x00, 0x00, 0x00, 0x00, 0x00, 0x00,
   0x00, 0x00, 0x00, 0x00, 0x00, 0x00, 0x00, 0x00, 0x00, 0x00, 0x00, 0x00, 0x00,
   0x00, 0x00, 0x00, 0x00, 0x00, 0x00, 0x00, 0x00, 0x00, 0x00, 0x00, 0x00, 0x00,
   0x00, 0x00, 0x00, 0x00, 0x00, 0x00, 0x00, 0x00, 0x00, 0x00, 0x00, 0x00, 0x00,
   0x00, 0x00, 0x00, 0x00, 0x00, 0x00, 0x00, 0x00, 0x00, 0x00, 0x00, 0x00, 0x00,
   0x00, 0x00, 0x00, 0x00, 0x00, 0x00, 0x00, 0x00, 0x90, 0x40, 0x39, 0xc2, 0x32,
   0x12, 0x00, 0x00, 0xc0, 0x99, 0xab, 0x23, 0x91, 0x0c, 0x00, 0x00, 0x34, 0x34,
   0xa0, 0x21, 0x79, 0x19, 0x00, 0x00, 0x3a, 0x20, 0x92, 0x3a, 0xa0, 0x92, 0x00,
   0x00, 0xca, 0xc3, 0xa3, 0x3b, 0xb1, 0x3b, 0x00, 0x00, 0x1b, 0xb3, 0x2a, 0x45,
   0xa9, 0xa4, 0x00, 0x00, 0x14, 0xe2, 0xdb, 0x9b, 0x4b, 0x16, 0x00, 0x00, 0x39,
   0xa4, 0xb1, 0x61, 0x10, 0x94, 0x00, 0x00, 0x9a, 0x1b, 0xa9, 0xac, 0x11, 0x32,
   0x00, 0x00, 0x95, 0x0c, 0x21, 0x45, 0x45, 0x3a, 0x00, 0x00, 0x42, 0x13, 0x9c,
   0x9a, 0x59, 0x63, 0x00, 0x00, 0x2b, 0x1a, 0x3a, 0x93, 0x99, 0x11, 0x00, 0x00,
   0x0c, 0x42, 0xb2, 0x05, 0x91, 0x40, 0x00, 0x00, 0xcf, 0x29, 0x90, 0x90, 0xca,
   0x4c, 0x00, 0x00, 0xab, 0x03, 0x20, 0xc1, 0x0c, 0xa1, 0x00, 0x00, 0xdb, 0xa3,
   0xa0, 0xc9, 0xaa, 0x5a, 0x00, 0x00, 0xa3, 0x41, 0x31, 0x5b, 0x10, 0xbb, 0x00,
   0x00, 0xae, 0xb2, 0x90, 0x1a, 0xd9, 0x2b, 0x00, 0x00, 0x00, 0x00, 0x00, 0x00,
   0x00, 0x00, 0x00, 0x00, 0x00, 0x00, 0x00, 0x00, 0x00, 0x00, 0x00, 0x00, 0x00,
   0x00, 0x00, 0x00, 0x00, 0x00, 0x00, 0x00, 0x00, 0x00, 0x00, 0x00, 0x00, 0x00,
   0x00, 0x00, 0x00, 0x00, 0x00, 0x00, 0x00, 0x00, 0x00, 0x00, 0x00, 0x00, 0x00,
   0x00, 0x00, 0x00, 0x00, 0x00, 0x00, 0x00, 0x00, 0x00, 0x00, 0x00, 0x00, 0x00,
   0x00, 0x00, 0x00, 0x00, 0x00, 0x00, 0x00, 0x00, 0x00, 0x00, 0x00, 0x00, 0x00,
   0x00, 0x00, 0x00, 0x00, 0x00, 0x00, 0x00, 0x00, 0x00, 0x00, 0x00, 0x00, 0x00,
   0x00, 0x00, 0x00, 0x00, 0x00, 0x00, 0x00, 0x00, 0x00, 0x00, 0x00, 0x00, 0x00,
   0x00, 0x00, 0x00, 0x00, 0x00, 0x00, 0x00, 0x00, 0x00, 0x00, 0x00, 0x00, 0x00,
   0x00, 0x00, 0x00, 0x00, 0x2b, 0x00, 0x0d, 0x41, 0x23, 0x90, 0x00, 0x00, 0x1c,
   0x99, 0xa0, 0xa1, 0xcb, 0x55, 0x00, 0x00, 0x19, 0x0b, 0x21, 0x10, 0x2a, 0xd1,
   0x00, 0x00, 0xf9, 0x14, 0x22, 0xcc, 0x00, 0xef, 0x00, 0x00, 0x24, 0x32, 0x9b,
   0x22, 0x92, 0x20, 0x00, 0x00, 0x10, 0x9d, 0xab, 0xb2, 0x01, 0xe1, 0x00, 0x00,
   0x91, 0x09, 0x4a, 0x93, 0xba, 0xac, 0x00, 0x00, 0x39, 0x00, 0x99, 0x29, 0x02,
   0x1f, 0x00, 0x00, 0x9c, 0xab, 0xaa, 0x19, 0x3c, 0x9a, 0x00, 0x00, 0xde, 0x41,
   0x2b, 0xc1, 0xc2, 0xcd, 0x00, 0x00, 0x41, 0x39, 0x5a, 0x01, 0x10, 0x2a, 0x00,
   0x00, 0xe1, 0xbc, 0xa2, 0xb9, 0x60, 0xa3, 0x00, 0x00, 0x06, 0x20, 0x31, 0x55,
   0x0a, 0x52, 0x00, 0x00, 0xb1, 0x02, 0x72, 0x41, 0x93, 0x99, 0x00, 0x00, 0x67,
   0x94, 0xcb, 0xa1, 0x3b, 0xd0, 0x00, 0x00, 0x46, 0x22, 0x94, 0x70, 0xb2, 0x31,
   0x00, 0x00, 0x42, 0x22, 0x3c, 0xd1, 0x72, 0x29, 0x00, 0x00, 0xa0, 0x05, 0x34,
   0x16, 0xa4, 0x12, 0x00, 0x00, 0x00, 0x00, 0x00, 0x00, 0x00, 0x00, 0x00, 0x00,
   0x00, 0x00, 0x00, 0x00, 0x00, 0x00, 0x00, 0x00, 0x00, 0x00, 0x00, 0x00, 0x00,
   0x00, 0x00, 0x00, 0x00, 0x00, 0x00, 0x00, 0x00, 0x00, 0x00, 0x00, 0x00, 0x00,
   0x00, 0x00, 0x00, 0x00, 0x00, 0x00, 0x00, 0x00, 0x00, 0x00, 0x00, 0x00, 0x00,
   0x00, 0x00, 0x00, 0x00, 0x00, 0x00, 0x00, 0x00, 0x00, 0x00, 0x00, 0x00, 0x00,
   0x00, 0x00, 0x00, 0x00, 0x00, 0x00, 0x00, 0x00, 0x00, 0x00, 0x00, 0x00, 0x00,
   0x00, 0x00, 0x00, 0x00, 0x00, 0x00, 0x00, 0x00, 0x00, 0x00, 0x00, 0x00, 0x00,
   0x00, 0x00, 0x00, 0x00, 0x00, 0x00, 0x00, 0x00, 0x00, 0x00, 0x00, 0x00, 0x00,
   0x00, 0x00, 0x00, 0x00, 0x00, 0x00, 0x00, 0x00, 0x00, 0x00, 0x00, 0x00, 0x00,
   0x14, 0x21, 0x15, 0x0b, 0x33, 0x0a, 0x00, 0x00, 0x39, 0xb9, 0xfd, 0x33, 0x5c,
   0xdb, 0x00, 0x00, 0x01, 0xb0, 0x2b, 0xc3, 0xe1, 0x43, 0x00, 0x00, 0x00, 0xa1,
   0xbe, 0x2c, 0xca, 0xdb, 0x00, 0x00, 0x12, 0x0c, 0x1a, 0xa1, 0x02, 0x64, 0x00,
   0x00, 0xe0, 0x30, 0x00, 0xac, 0xf9, 0xde, 0x00, 0x00, 0xef, 0x29, 0x4b, 0xdb,
   0x11, 0xca, 0x00, 0x00, 0xf5, 0xa4, 0x1d, 0xea, 0xd1, 0xae, 0x00, 0x00, 0xa9,
   0x40, 0x3b, 0x91, 0x2c, 0xac, 0x00, 0x00, 0x1c, 0x23, 0xb0, 0x39, 0xd0, 0xb1,
   0x00, 0x00, 0x02, 0x0b, 0xa9, 0xd2, 0xac, 0x0a, 0x00, 0x00, 0x11, 0x50, 0xa0,
   0xb9, 0x0b, 0x32, 0x00, 0x00, 0x15, 0x93, 0x3a, 0xac, 0x3d, 0x02, 0x00, 0x00,
   0x03, 0x15, 0x16, 0x44, 0xb5, 0x40, 0x00, 0x00, 0x13, 0xa4, 0x90, 0x3d, 0x0a,
   0x21, 0x00, 0x00, 0x14, 0x42, 0x22, 0x63, 0x02, 0x41, 0x00, 0x00, 0x32, 0x14,
   0x0e, 0xce, 0x29, 0x13, 0x00, 0x00, 0x59, 0x03, 0x5b, 0x63, 0x61, 0xb3, 0x00,
   0x00, 0x00, 0x00, 0x00, 0x00, 0x00, 0x00, 0x00, 0x00, 0x00, 0x00, 0x00, 0x00,
   0x00, 0x00, 0x00, 0x00, 0x00, 0x00, 0x00, 0x00, 0x00, 0x00, 0x00, 0x00, 0x00,
   0x00, 0x00, 0x00, 0x00, 0x00, 0x00, 0x00, 0x00, 0x00, 0x00, 0x00, 0x00, 0x00,
   0x00, 0x00, 0x00, 0x00, 0x00, 0x00, 0x00, 0x00, 0x00, 0x00, 0x00, 0x00, 0x00,
   0x00, 0x00, 0x00, 0x00, 0x00, 0x00, 0x00, 0x00, 0x00, 0x00, 0x00, 0x00, 0x00,
   0x00, 0x00, 0x00, 0x00, 0x00, 0x00, 0x00, 0x00, 0x00, 0x00, 0x00, 0x00, 0x00,
   0x00, 0x00, 0x00, 0x00, 0x00, 0x00, 0x00, 0x00, 0x00, 0x00, 0x00, 0x00, 0x00,
   0x00, 0x00, 0x00, 0x00, 0x00, 0x00, 0x00, 0x00, 0x00, 0x00, 0x00, 0x00, 0x00,
   0x00, 0x00, 0x00, 0x00, 0x00, 0x00, 0x00, 0x00, 0x00, 0xb3, 0x91, 0x11, 0x2a,
   0xb6, 0x9d, 0x00, 0x00, 0x21, 0x1a, 0x10, 0x33, 0xa5, 0x41, 0x00, 0x00, 0x29,
   0x21, 0x25, 0x51, 0xe5, 0xdc, 0x00, 0x00, 0x05, 0x33, 0xcb, 0xba, 0x24, 0x9b,
   0x00, 0x00, 0x11, 0x4b, 0x11, 0xa1, 0x01, 0xa4, 0x00, 0x00, 0x0d, 0x1c, 0x01,
   0x31, 0x00, 0x35, 0x00, 0x00, 0xa4, 0x1a, 0x52, 0x9a, 0x11, 0xa2, 0x00, 0x00,
   0xe2, 0x9c, 0x39, 0x01, 0x0b, 0x00, 0x00, 0x00, 0x92, 0xb4, 0x19, 0x22, 0x91,
   0x01, 0x00, 0x00, 0x1b, 0x2c, 0xa2, 0xa3, 0xac, 0x20, 0x00, 0x00, 0x60, 0x46,
   0x0c, 0x0a, 0xa0, 0x10, 0x00, 0x00, 0x9d, 0xa9, 0x94, 0x91, 0xa1, 0xaa, 0x00,
   0x00, 0x3c, 0xa0, 0xa3, 0x14, 0x01, 0x42, 0x00, 0x00, 0x13, 0x20, 0x24, 0x3a,
   0xca, 0x2a, 0x00, 0x00, 0x01, 0x11, 0x19, 0x11, 0xc0, 0x55, 0x00, 0x00, 0x91,
   0xc0, 0x0c, 0x4b, 0xbb, 0xbe, 0x00, 0x00, 0x02, 0x21, 0xbc, 0x69, 0x99, 0x25,
   0x00, 0x00, 0x2c, 0x44, 0x9a, 0xa9, 0xc0, 0xd4, 0x00, 0x00, 0x00, 0x00, 0x00,
   0x00, 0x00, 0x00, 0x00, 0x00, 0x00, 0x00, 0x00, 0x00, 0x00, 0x00, 0x00, 0x00,
   0x00, 0x00, 0x00, 0x00, 0x00, 0x00, 0x00, 0x00, 0x00, 0x00, 0x00, 0x00, 0x00,
   0x00, 0x00, 0x00, 0x00, 0x00, 0x00, 0x00, 0x00, 0x00, 0x00, 0x00, 0x00, 0x00,
   0x00, 0x00, 0x00, 0x00, 0x00, 0x00, 0x00, 0x00, 0x00, 0x00, 0x00, 0x00, 0x00,
   0x00, 0x00, 0x00, 0x00, 0x00, 0x00, 0x00, 0x00, 0x00, 0x00, 0x00, 0x00, 0x00,
   0x00, 0x00, 0x00, 0x00, 0x00, 0x00, 0x00, 0x00, 0x00, 0x00, 0x00, 0x00, 0x00,
   0x00, 0x00, 0x00, 0x00, 0x00, 0x00, 0x00, 0x00, 0x00, 0x00, 0x00, 0x00, 0x00,
   0x00, 0x00, 0x00, 0x00, 0x00, 0x00, 0x00, 0x00, 0x00, 0x00, 0x00, 0x00, 0x00,
   0x00, 0x00, 0x00, 0x00, 0x00, 0x02, 0x33, 0x22, 0xa5, 0x90, 0x35, 0x00, 0x00,
   0x04, 0x04, 0x1c, 0x45, 0x3c, 0x55, 0x00, 0x00, 0xb2, 0x29, 0x1a, 0xb3, 0x72,
   0x31, 0x00, 0x00, 0x0c, 0x0b, 0x03, 0x2b, 0x07, 0x90, 0x00, 0x00, 0xa9, 0x33,
   0x04, 0x99, 0x64, 0xa3, 0x00, 0x00, 0xb9, 0x41, 0x20, 0x21, 0xdb, 0x0c, 0x00,
   0x00, 0xbd, 0x95, 0x79, 0xb0, 0x50, 0xba, 0x00, 0x00, 0x2c, 0xa2, 0x29, 0x79,
   0x26, 0x9e, 0x00, 0x00, 0x31, 0x12, 0x49, 0xdb, 0xa2, 0x41, 0x00, 0x00, 0x14,
   0x02, 0xb1, 0x36, 0xa1, 0x95, 0x00, 0x00, 0x04, 0x0a, 0xbe, 0x9b, 0x20, 0x16,
   0x00, 0x00, 0xc9, 0x11, 0x2a, 0x42, 0x70, 0x25, 0x00, 0x00, 0x0a, 0x10, 0x4a,
   0x20, 0x0a, 0x50, 0x00, 0x00, 0x52, 0x92, 0xc9, 0x3c, 0x14, 0x94, 0x00, 0x00,
   0x2a, 0x31, 0xca, 0xca, 0xd3, 0x94, 0x00, 0x00, 0xa9, 0x9e, 0x94, 0x90, 0x41,
   0xb0, 0x00, 0x00, 0x24, 0xc1, 0x0c, 0x50, 0x11, 0x94, 0x00, 0x00, 0xb0, 0x94,
   0x01, 0x21, 0x39, 0x14, 0x00, 0x00, 0x00, 0x00, 0x00, 0x00, 0x00, 0x00, 0x00,
   0x00, 0x00, 0x00, 0x00, 0x00, 0x00, 0x00, 0x00, 0x00, 0x00, 0x00, 0x00, 0x00,
   0x00, 0x00, 0x00, 0x00, 0x00, 0x00, 0x00, 0x00, 0x00, 0x00, 0x00, 0x00, 0x00,
   0x00, 0x00, 0x00, 0x00, 0x00, 0x00, 0x00, 0x00, 0x00, 0x00, 0x00, 0x00, 0x00,
   0x00, 0x00, 0x00, 0x00, 0x00, 0x00, 0x00, 0x00, 0x00, 0x00, 0x00, 0x00, 0x00,
   0x00, 0x00, 0x00, 0x00, 0x00, 0x00, 0x00, 0x00, 0x00, 0x00, 0x00, 0x00, 0x00,
   0x00, 0x00, 0x00, 0x00, 0x00, 0x00, 0x00, 0x00, 0x00, 0x00, 0x00, 0x00, 0x00,
   0x00, 0x00, 0x00, 0x00, 0x00, 0x00, 0x00, 0x00, 0x00, 0x00, 0x00, 0x00, 0x00,
   0x00, 0x00, 0x00, 0x00, 0x00, 0x00, 0x00, 0x00, 0x00, 0x00, 0x00, 0x00, 0x00,
   0x00, 0x04, 0x02, 0x02, 0x01, 0x00, 0x00, 0x30, 0x00, 0x03, 0x00, 0x00, 0x00,
   0x3e, 0x01, 0x00, 0x00, 0xe2, 0xff, 0x0f, 0x00, 0x32, 0x02, 0x00, 0x00, 0xc1,
   0xff, 0x0f, 0x00, 0xba, 0x01, 0x00, 0x00, 0x4b, 0x00, 0x00, 0x00, 0x2d, 0x02,
   0x00, 0x00, 0x20, 0x00, 0x00, 0x00, 0xfa, 0x00, 0x00, 0x00, 0x11, 0x00, 0x00,
   0x00, 0x1a, 0x01, 0x00, 0x00, 0x02, 0x00, 0x00, 0x00, 0x32, 0x01, 0x00, 0x00,
   0x12, 0x00, 0x00, 0x00, 0x24, 0x01, 0x00, 0x00, 0x15, 0x00, 0x00, 0x00, 0x4c,
   0x01, 0x00, 0x00, 0x31, 0x00, 0x00, 0x00, 0x5c, 0x02, 0x00, 0x00, 0x08, 0x00,
   0x00, 0x00, 0x35, 0x01, 0x00, 0x00, 0x2d, 0x00, 0x00, 0x00, 0x60, 0x01, 0x00,
   0x00, 0x52, 0x00, 0x00, 0x00, 0x12, 0x02, 0x00, 0x00, 0xe2, 0xff, 0x0f, 0x00,
   0x4a, 0x01, 0x00, 0x00, 0xea, 0xff, 0x0f, 0x00, 0xa9, 0x01, 0x00, 0x00, 0x02,
   0x00, 0x00, 0x00, 0xbe, 0x00, 0x00, 0x00, 0xf7, 0xff, 0x0f, 0x00, 0xbb, 0x00,
   0x00, 0x00, 0xee, 0xff, 0x0f, 0x00, 0x0a, 0x02, 0x00, 0x00, 0xe6, 0xff, 0x0f,
   0x00, 0x04, 0x02, 0x00, 0x00, 0xce, 0xff, 0x0f, 0x00, 0x30, 0x02, 0x00, 0x00,
   0x23, 0x00, 0x00, 0x00, 0x86, 0x01, 0x00, 0x00, 0x02, 0x00, 0x00, 0x00, 0x07,
   0x01, 0x00, 0x00, 0xfa, 0xff, 0x0f, 0x00, 0xcb, 0x00, 0x00, 0x00, 0x20, 0x00,
   0x00, 0x00, 0x72, 0x01, 0x00, 0x00, 0x08, 0x04, 0x02, 0x01, 0x00, 0x00, 0x32,
   0x00, 0x00, 0x00, 0x00, 0x00, 0x60, 0x00, 0x00, 0x00, 0x00, 0x00, 0x00, 0x00,
   0x0a, 0xa0, 0x02, 0x01, 0xc0, 0x09, 0x00, 0x80, 0x00, 0x00, 0x00, 0x00, 0x00,
   0x00, 0x04, 0x04, 0x00, 0x00, 0x00, 0x00, 0x30, 0x00, 0x18, 0xf0, 0x00, 0x00,
   0x17, 0x00, 0x30, 0x00, 0x19, 0x00, 0x18, 0x00, 0x01, 0x00, 0x00, 0x00, 0x00,
   0x52, 0x10, 0x00, 0x00, 0x00, 0x00, 0x00, 0x00, 0x00, 0x00, 0x00, 0x00, 0x00,
   0x00, 0x00, 0x00, 0x00, 0x00, 0x00, 0x00, 0x00, 0x00, 0x00, 0x00, 0x00, 0x00,
   0x00, 0x00, 0x00, 0x00, 0x01, 0x00, 0x30, 0x18, 0x00, 0x00, 0x00, 0x00, 0x00,
   0x00, 0x00, 0x00, 0x00, 0x00, 0x00, 0x00, 0x00, 0x0c, 0x00, 0x18, 0x00, 0x0c,
   0x00, 0x00, 0x00, 0x18, 0x00, 0x11, 0x00, 0x00, 0x00, 0x34, 0x00, 0x0d, 0x00,
   0x00, 0x00, 0x03, 0x00, 0x00, 0x00, 0x00, 0x00, 0x00, 0x00, 0x00, 0x00, 0x00,
   0x00, 0x00, 0x00, 0x00, 0x00, 0x00, 0x00, 0x00, 0x00, 0x00, 0x00, 0x00, 0x00,
   0x00, 0x00, 0x00, 0x00, 0x00, 0x00, 0x00, 0x00, 0x00, 0xff, 0x00, 0x00, 0x00,
   0x00, 0x00, 0x00, 0x00, 0x00, 0x00, 0x00, 0x00, 0x00, 0x00, 0x00, 0x00, 0x00,
   0x00, 0x00, 0x00, 0x00, 0x00, 0x00, 0x00, 0x00, 0x00, 0x00, 0x08, 0xff, 0x01,
   0x01, 0x00, 0x02, 0x00, 0x00, 0x00, 0x00, 0x01, 0x01, 0x00, 0x00, 0x00, 0x00,
   0x00, 0x00, 0x00, 0x00, 0x00, 0x00, 0x00, 0x04, 0x02, 0x01, 0x00, 0x00, 0x00,
   0x04, 0x03, 0xb0, 0xb9, 0x31, 0x92, 0xdb, 0x00, 0x00, 0x90, 0xb3, 0x9c, 0x21,
   0xca, 0xa0, 0x00, 0x00, 0x02, 0x02, 0x3b, 0x42, 0xb1, 0xb1, 0x00, 0x00, 0xd3,
   0xab, 0x29, 0x1b, 0x9a, 0x44, 0x00, 0x00, 0xc2, 0x4c, 0x99, 0xba, 0x33, 0x32,
   0x00, 0x00, 0x34, 0xa9, 0xec, 0xba, 0xac, 0xb3, 0x00, 0x00, 0x01, 0x0c, 0x0c,
   0x0a, 0xd0, 0x9c, 0x00, 0x00, 0xc1, 0x22, 0x02, 0x13, 0xbc, 0x20, 0x00, 0x00,
   0x31, 0x54, 0x1b, 0x30, 0x92, 0x5a, 0x00, 0x00, 0xc1, 0xa0, 0xb3, 0x44, 0x12,
   0xa0, 0x00, 0x00, 0x91, 0xd0, 0x21, 0x10, 0x2c, 0xa1, 0x00, 0x00, 0xaa, 0x12,
   0x3a, 0x39, 0x39, 0x12, 0x00, 0x00, 0xaa, 0x3b, 0x2b, 0x92, 0x4d, 0xa9, 0x00,
   0x00, 0x19, 0x13, 0x91, 0x1a, 0x21, 0xdc, 0x00, 0x00, 0x13, 0x40, 0x47, 0xb4,
   0x90, 0xc5, 0x00, 0x00, 0xa1, 0x2d, 0x93, 0x29, 0x71, 0x4a, 0x00, 0x00, 0x9b,
   0x30, 0x51, 0x2d, 0x3b, 0x95, 0x00, 0x00, 0x5c, 0x3a, 0x2b, 0x01, 0x69, 0x2d,
   0x00, 0x00, 0x00, 0x00, 0x00, 0x00, 0x00, 0x00, 0x00, 0x00, 0x00, 0x00, 0x00,
   0x00, 0x00, 0x00, 0x00, 0x00, 0x00, 0x00, 0x00, 0x00, 0x00, 0x00, 0x00, 0x00,
   0x00, 0x00, 0x00, 0x00, 0x00, 0x00, 0x00, 0x00, 0x00, 0x00, 0x00, 0x00, 0x00,
   0x00, 0x00, 0x00, 0x00, 0x00, 0x00, 0x00, 0x00, 0x00, 0x00, 0x00, 0x00, 0x00,
   0x00, 0x00, 0x00, 0x00, 0x00, 0x00, 0x00, 0x00, 0x00, 0x00, 0x00, 0x00, 0x00,
   0x00, 0x00, 0x00, 0x00, 0x00, 0x00, 0x00, 0x00, 0x00, 0x00, 0x00, 0x00, 0x00,
   0x00, 0x00, 0x00, 0x00, 0x00, 0x00, 0x00, 0x00, 0x00, 0x00, 0x00, 0x00, 0x00,
   0x00, 0x00, 0x00, 0x00, 0x00, 0x00, 0x00, 0x00, 0x00, 0x00, 0x00, 0x00, 0x00,
   0x00, 0x00, 0x00, 0x00, 0x00, 0x00, 0x00, 0x00, 0x00, 0x00, 0x10, 0xa6, 0xa3,
   0x3a, 0x90, 0xaa, 0x00, 0x00, 0x00, 0x2d, 0x12, 0x2c, 0xac, 0x4a, 0x00, 0x00,
   0x13, 0x11, 0x99, 0xc4, 0x9b, 0x3a, 0x00, 0x00, 0xba, 0x3d, 0x21, 0x33, 0x41,
   0xc0, 0x00, 0x00, 0xcb, 0x9c, 0xa2, 0x1c, 0xaa, 0x20, 0x00, 0x00, 0x40, 0x3a,
   0xa1, 0xc3, 0x5b, 0x3a, 0x00, 0x00, 0xb3, 0x13, 0x11, 0x9a, 0x22, 0xac, 0x00,
   0x00, 0xbb, 0x1c, 0x31, 0x1b, 0x02, 0x09, 0x00, 0x00, 0xba, 0xbb, 0x0b, 0xb0,
   0xd9, 0x42, 0x00, 0x00, 0x24, 0x3d, 0x19, 0x03, 0x30, 0x2b, 0x00, 0x00, 0x14,
   0x1c, 0xc9, 0x29, 0x9a, 0xc1, 0x00, 0x00, 0x9a, 0x0b, 0x3a, 0x3b, 0x13, 0xcc,
   0x00, 0x00, 0xb3, 0x49, 0x39, 0x20, 0x1c, 0xb0, 0x00, 0x00, 0x1c, 0x2c, 0xaa,
   0x20, 0x29, 0x0b, 0x00, 0x00, 0x09, 0x31, 0x25, 0x29, 0x31, 0xcc, 0x00, 0x00,
   0x13, 0x0a, 0xc9, 0x9b, 0xb9, 0x03, 0x00, 0x00, 0x10, 0x33, 0x3b, 0x32, 0x90,
   0x02, 0x00, 0x00, 0xb9, 0xab, 0x9a, 0x15, 0x30, 0xbb, 0x00, 0x00, 0x00, 0x00,
   0x00, 0x00, 0x00, 0x00, 0x00, 0x00, 0x00, 0x00, 0x00, 0x00, 0x00, 0x00, 0x00,
   0x00, 0x00, 0x00, 0x00, 0x00, 0x00, 0x00, 0x00, 0x00, 0x00, 0x00, 0x00, 0x00,
   0x00, 0x00, 0x00, 0x00, 0x00, 0x00, 0x00, 0x00, 0x00, 0x00, 0x00, 0x00, 0x00,
   0x00, 0x00, 0x00, 0x00, 0x00, 0x00, 0x00, 0x00, 0x00, 0x00, 0x00, 0x00, 0x00,
   0x00, 0x00, 0x00, 0x00, 0x00, 0x00, 0x00, 0x00, 0x00, 0x00, 0x00, 0x00, 0x00,
   0x00, 0x00, 0x00, 0x00, 0x00, 0x00, 0x00, 0x00, 0x00, 0x00, 0x00, 0x00, 0x00,
   0x00, 0x00, 0x00, 0x00, 0x00, 0x00, 0x00, 0x00, 0x00, 0x00, 0x00, 0x00, 0x00,
   0x00, 0x00, 0x00, 0x00, 0x00, 0x00, 0x00, 0x00, 0x00, 0x00, 0x00, 0x00, 0x00,
   0x00, 0x00, 0x00, 0x00, 0x00, 0x00, 0xad, 0x9c, 0x04, 0x26, 0x13, 0xb9, 0x00,
   0x00, 0x32, 0x41, 0x40, 0xa3, 0xa5, 0x6a, 0x00, 0x00, 0x24, 0x9a, 0x33, 0x14,
   0xea, 0xec, 0x00, 0x00, 0x09, 0x14, 0x1b, 0x13, 0xd9, 0xa1, 0x00, 0x00, 0x44,
   0x99, 0x56, 0xb0, 0x04, 0xe9, 0x00, 0x00, 0xc0, 0xbf, 0x20, 0x49, 0x5b, 0xc3,
   0x00, 0x00, 0xba, 0x00, 0xa6, 0x21, 0xa1, 0xd9, 0x00, 0x00, 0xc9, 0xb0, 0xa0,
   0x1b, 0x5b, 0x94, 0x00, 0x00, 0x04, 0xab, 0x3a, 0x21, 0xe3, 0x9b, 0x00, 0x00,
   0xac, 0xa3, 0x1a, 0xc9, 0x1b, 0x23, 0x00, 0x00, 0x2d, 0xa2, 0x40, 0x40, 0x21,
   0x9c, 0x00, 0x00, 0xa3, 0x1b, 0x0b, 0x21, 0xd3, 0x10, 0x00, 0x00, 0xa2, 0xaa,
   0x63, 0xa4, 0xd5, 0xc9, 0x00, 0x00, 0x92, 0xb5, 0x23, 0x99, 0x49, 0x21, 0x00,
   0x00, 0x43, 0x12, 0xa1, 0x52, 0x3b, 0xa4, 0x00, 0x00, 0x12, 0xc9, 0xdb, 0x91,
   0x21, 0xe1, 0x00, 0x00, 0x33, 0x3a, 0xa1, 0x55, 0x14, 0x33, 0x00, 0x00, 0xd1,
   0x30, 0xa4, 0x21, 0x20, 0x92, 0x00, 0x00, 0x00, 0x00, 0x00, 0x00, 0x00, 0x00,
   0x00, 0x00, 0x00, 0x00, 0x00, 0x00, 0x00, 0x00, 0x00, 0x00, 0x00, 0x00, 0x00,
   0x00, 0x00, 0x00, 0x00, 0x00, 0x00, 0x00, 0x00, 0x00, 0x00, 0x00, 0x00, 0x00,
   0x00, 0x00, 0x00, 0x00, 0x00, 0x00, 0x00, 0x00, 0x00, 0x00, 0x00, 0x00, 0x00,
   0x00, 0x00, 0x00, 0x00, 0x00, 0x00, 0x00, 0x00, 0x00, 0x00, 0x00, 0x00, 0x00,
   0x00, 0x00, 0x00, 0x00, 0x00, 0x00, 0x00, 0x00, 0x00, 0x00, 0x00, 0x00, 0x00,
   0x00, 0x00, 0x00, 0x00, 0x00, 0x00, 0x00, 0x00, 0x00, 0x00, 0x00, 0x00, 0x00,
   0x00, 0x00, 0x00, 0x00, 0x00, 0x00, 0x00, 0x00, 0x00, 0x00, 0x00, 0x00, 0x00,
   0x00, 0x00, 0x00, 0x00, 0x00, 0x00, 0x00, 0x00, 0x00, 0x00, 0x00, 0x00, 0x00,
   0x00, 0x00, 0xf0, 0x9f, 0xab, 0x33, 0x63, 0xd4, 0x00, 0x00, 0xcf, 0x19, 0x02,
   0x03, 0x3a, 0x03, 0x00, 0x00, 0xcd, 0x1b, 0x9b, 0x45, 0x99, 0xa3, 0x00, 0x00,
   0xaa, 0x50, 0x20, 0xb1, 0x1a, 0xba, 0x00, 0x00, 0x01, 0xd1, 0x0a, 0x21, 0x4a,
   0x22, 0x00, 0x00, 0xee, 0x52, 0x40, 0xbb, 0xe1, 0x2b, 0x00, 0x00, 0xb9, 0x21,
   0xb0, 0x0a, 0xbb, 0x1d, 0x00, 0x00, 0x50, 0x73, 0x65, 0x01, 0xf9, 0x32, 0x00,
   0x00, 0xcc, 0x9d, 0x1d, 0x34, 0x2a, 0xd3, 0x00, 0x00, 0xb9, 0x73, 0x72, 0x9b,
   0x21, 0xca, 0x00, 0x00, 0xda, 0x0c, 0xd3, 0x72, 0x31, 0xc3, 0x00, 0x00, 0x9e,
   0x72, 0x55, 0xf9, 0x19, 0x03, 0x00, 0x00, 0xa1, 0x91, 0x4a, 0x25, 0xd5, 0x0b,
   0x00, 0x00, 0x9a, 0x3d, 0x19, 0xee, 0xab, 0xa1, 0x00, 0x00, 0xeb, 0x9b, 0xb9,
   0x3e, 0xa1, 0xa1, 0x00, 0x00, 0xd3, 0x9b, 0x93, 0x1c, 0x11, 0x2b, 0x00, 0x00,
   0x0a, 0x1c, 0xdb, 0xa0, 0x9b, 0xb0, 0x00, 0x00, 0x14, 0x23, 0xa2, 0x1c, 0xb9,
   0x20, 0x00, 0x00, 0x00, 0x00, 0x00, 0x00, 0x00, 0x00, 0x00, 0x00, 0x00, 0x00,
   0x00, 0x00, 0x00, 0x00, 0x00, 0x00, 0x00, 0x00, 0x00, 0x00, 0x00, 0x00, 0x00,
   0x00, 0x00, 0x00, 0x00, 0x00, 0x00, 0x00, 0x00, 0x00, 0x00, 0x00, 0x00, 0x00,
   0x00, 0x00, 0x00, 0x00, 0x00, 0x00, 0x00, 0x00, 0x00, 0x00, 0x00, 0x00, 0x00,
   0x00, 0x00, 0x00, 0x00, 0x00, 0x00, 0x00, 0x00, 0x00, 0x00, 0x00, 0x00, 0x00,
   0x00, 0x00, 0x00, 0x00, 0x00, 0x00, 0x00, 0x00, 0x00, 0x00, 0x00, 0x00, 0x00,
   0x00, 0x00, 0x00, 0x00, 0x00, 0x00, 0x00, 0x00, 0x00, 0x00, 0x00, 0x00, 0x00,
   0x00, 0x00, 0x00, 0x00, 0x00, 0x00, 0x00, 0x00, 0x00, 0x00, 0x00, 0x00, 0x00,
   0x00, 0x00, 0x00, 0x00, 0x00, 0x00, 0x00, 0x00, 0x00, 0x00, 0x00, 0x10, 0x92,
   0x05, 0x21, 0xe2, 0x9a, 0x00, 0x00, 0x09, 0x30, 0x2a, 0x3a, 0x03, 0x10, 0x00,
   0x00, 0x22, 0x19, 0x39, 0x91, 0x23, 0xe0, 0x00, 0x00, 0xa2, 0x20, 0xa9, 0x1b,
   0xc4, 0x0a, 0x00, 0x00, 0x14, 0x01, 0x54, 0xb9, 0x34, 0xbc, 0x00, 0x00, 0x0d,
   0xc9, 0xb1, 0xb3, 0x0c, 0x43, 0x00, 0x00, 0xb2, 0x0a, 0x91, 0x39, 0x11, 0x9b,
   0x00, 0x00, 0xd0, 0x9d, 0x31, 0x41, 0x62, 0xb0, 0x00, 0x00, 0xc9, 0x14, 0xc3,
   0x1a, 0x10, 0xba, 0x00, 0x00, 0x00, 0x9a, 0x0b, 0x1c, 0xa9, 0xaa, 0x00, 0x00,
   0x5c, 0x49, 0x95, 0x3b, 0xd1, 0xb0, 0x00, 0x00, 0xd2, 0x00, 0x9a, 0x40, 0x22,
   0x09, 0x00, 0x00, 0x4c, 0xa1, 0x0a, 0x64, 0x9a, 0x2b, 0x00, 0x00, 0x55, 0x1a,
   0x25, 0xa3, 0x94, 0x2d, 0x00, 0x00, 0x90, 0x99, 0x0a, 0x6b, 0x42, 0x77, 0x00,
   0x00, 0xaa, 0xea, 0x92, 0xb9, 0x9b, 0xbc, 0x00, 0x00, 0x2d, 0x0c, 0xcc, 0x53,
   0x60, 0x67, 0x00, 0x00, 0x9c, 0x04, 0x41, 0x09, 0x01, 0x31, 0x00, 0x00, 0x00,
   0x00, 0x00, 0x00, 0x00, 0x00, 0x00, 0x00, 0x00, 0x00, 0x00, 0x00, 0x00, 0x00,
   0x00, 0x00, 0x00, 0x00, 0x00, 0x00, 0x00, 0x00, 0x00, 0x00, 0x00, 0x00, 0x00,
   0x00, 0x00, 0x00, 0x00, 0x00, 0x00, 0x00, 0x00, 0x00, 0x00, 0x00, 0x00, 0x00,
   0x00, 0x00, 0x00, 0x00, 0x00, 0x00, 0x00, 0x00, 0x00, 0x00, 0x00, 0x00, 0x00,
   0x00, 0x00, 0x00, 0x00, 0x00, 0x00, 0x00, 0x00, 0x00, 0x00, 0x00, 0x00, 0x00,
   0x00, 0x00, 0x00, 0x00, 0x00, 0x00, 0x00, 0x00, 0x00, 0x00, 0x00, 0x00, 0x00,
   0x00, 0x00, 0x00, 0x00, 0x00, 0x00, 0x00, 0x00, 0x00, 0x00, 0x00, 0x00, 0x00,
   0x00, 0x00, 0x00, 0x00, 0x00, 0x00, 0x00, 0x00, 0x00, 0x00, 0x00, 0x00, 0x00,
   0x00, 0x00, 0x00, 0x00, 0x00, 0x00, 0x00, 0x92, 0x0a, 0x9b, 0x14, 0xc9, 0x15,
   0x00, 0x00, 0x91, 0xa1, 0x1c, 0xa1, 0x11, 0x2a, 0x00, 0x00, 0x29, 0xb1, 0x3b,
   0xa4, 0xa1, 0x33, 0x00, 0x00, 0x12, 0xb0, 0x23, 0x11, 0x41, 0xe3, 0x00, 0x00,
   0x10, 0x31, 0x03, 0x09, 0x2a, 0xd9, 0x00, 0x00, 0x91, 0x95, 0x0b, 0x39, 0xc1,
   0xc1, 0x00, 0x00, 0x59, 0xd5, 0xb2, 0x1a, 0x9b, 0x59, 0x00, 0x00, 0xb1, 0x3b,
   0xa1, 0x99, 0x15, 0x12, 0x00, 0x00, 0x40, 0xc5, 0x2e, 0x23, 0x22, 0x12, 0x00,
   0x00, 0x39, 0x94, 0x1a, 0x40, 0x21, 0xa3, 0x00, 0x00, 0x3a, 0xda, 0x3c, 0x01,
   0x4b, 0x13, 0x00, 0x00, 0xd1, 0xaa, 0x0a, 0xaa, 0x11, 0xa0, 0x00, 0x00, 0xb0,
   0xb9, 0x93, 0x9a, 0xa0, 0x2b, 0x00, 0x00, 0xcc, 0x20, 0x19, 0x0a, 0x00, 0xc9,
   0x00, 0x00, 0x33, 0x92, 0x4a, 0xac, 0xb1, 0xa5, 0x00, 0x00, 0xcb, 0xda, 0x95,
   0x09, 0x7c, 0x2b, 0x00, 0x00, 0xba, 0xa9, 0x21, 0x3a, 0xa6, 0xa9, 0x00, 0x00,
   0x10, 0x91, 0xd1, 0x12, 0x40, 0x42, 0x00, 0x00, 0x00, 0x00, 0x00, 0x00, 0x00,
   0x00, 0x00, 0x00, 0x00, 0x00, 0x00, 0x00, 0x00, 0x00, 0x00, 0x00, 0x00, 0x00,
   0x00, 0x00, 0x00, 0x00, 0x00, 0x00, 0x00, 0x00, 0x00, 0x00, 0x00, 0x00, 0x00,
   0x00, 0x00, 0x00, 0x00, 0x00, 0x00, 0x00, 0x00, 0x00, 0x00, 0x00, 0x00, 0x00,
   0x00, 0x00, 0x00, 0x00, 0x00, 0x00, 0x00, 0x00, 0x00, 0x00, 0x00, 0x00, 0x00,
   0x00, 0x00, 0x00, 0x00, 0x00, 0x00, 0x00, 0x00, 0x00, 0x00, 0x00, 0x00, 0x00,
   0x00, 0x00, 0x00, 0x00, 0x00, 0x00, 0x00, 0x00, 0x00, 0x00, 0x00, 0x00, 0x00,
   0x00, 0x00, 0x00, 0x00, 0x00, 0x00, 0x00, 0x00, 0x00, 0x00, 0x00, 0x00, 0x00,
   0x00, 0x00, 0x00, 0x00, 0x00, 0x00, 0x00, 0x00, 0x00, 0x00, 0x00, 0x00, 0x00,
   0x00, 0x00, 0x00, 0xae, 0x0b, 0x32, 0x4a, 0xc0, 0x3c, 0x00, 0x00, 0x4c, 0x41,
   0x34, 0x90, 0xa0, 0xa1, 0x00, 0x00, 0x49, 0x3a, 0x29, 0x76, 0x32, 0x9d, 0x00,
   0x00, 0x10, 0xa4, 0x94, 0xc9, 0xb1, 0x3c, 0x00, 0x00, 0x09, 0xb6, 0x52, 0x99,
   0xc1, 0x0b, 0x00, 0x00, 0xa4, 0xbf, 0x0a, 0x22, 0x9a, 0xb2, 0x00, 0x00, 0x09,
   0xa9, 0x42, 0x4a, 0xb4, 0x40, 0x00, 0x00, 0xd1, 0x12, 0xb9, 0xaa, 0x01, 0x99,
   0x00, 0x00, 0xdc, 0x3b, 0x10, 0x11, 0xe2, 0xa2, 0x00, 0x00, 0xdd, 0x31, 0xb2,
   0x90, 0x4b, 0x3a, 0x00, 0x00, 0xb0, 0x91, 0x94, 0xba, 0xa9, 0x4b, 0x00, 0x00,
   0xdb, 0x4d, 0x21, 0xab, 0xdd, 0x2d, 0x00, 0x00, 0x49, 0xb9, 0x33, 0x4c, 0x1b,
   0x20, 0x00, 0x00, 0xbc, 0x1a, 0x33, 0x1b, 0x94, 0xba, 0x00, 0x00, 0x29, 0x2b,
   0x0a, 0x24, 0xb5, 0x14, 0x00, 0x00, 0x50, 0x03, 0x9b, 0xb1, 0x99, 0xbc, 0x00,
   0x00, 0xaa, 0x2a, 0x00, 0x00, 0x5c, 0x43, 0x00, 0x00, 0x90, 0x9b, 0xa3, 0x9a,
   0x34, 0xeb, 0x00, 0x00, 0x00, 0x00, 0x00, 0x00, 0x00, 0x00, 0x00, 0x00, 0x00,
   0x00, 0x00, 0x00, 0x00, 0x00, 0x00, 0x00, 0x00, 0x00, 0x00, 0x00, 0x00, 0x00,
   0x00, 0x00, 0x00, 0x00, 0x00, 0x00, 0x00, 0x00, 0x00, 0x00, 0x00, 0x00, 0x00,
   0x00, 0x00, 0x00, 0x00, 0x00, 0x00, 0x00, 0x00, 0x00, 0x00, 0x00, 0x00, 0x00,
   0x00, 0x00, 0x00, 0x00, 0x00, 0x00, 0x00, 0x00, 0x00, 0x00, 0x00, 0x00, 0x00,
   0x00, 0x00, 0x00, 0x00, 0x00, 0x00, 0x00, 0x00, 0x00, 0x00, 0x00, 0x00, 0x00,
   0x00, 0x00, 0x00, 0x00, 0x00, 0x00, 0x00, 0x00, 0x00, 0x00, 0x00, 0x00, 0x00,
   0x00, 0x00, 0x00, 0x00, 0x00, 0x00, 0x00, 0x00, 0x00, 0x00, 0x00, 0x00, 0x00,
   0x00, 0x00, 0x00, 0x00, 0x00, 0x00, 0x00, 0x00, 0x00, 0x00, 0x00, 0x00, 0x21,
   0x19, 0x9a, 0x39, 0x9b, 0x69, 0x00, 0x00, 0xad, 0x22, 0x9a, 0x99, 0xab, 0xa2,
   0x00, 0x00, 0xa1, 0x9a, 0x1a, 0xd1, 0xb3, 0x56, 0x00, 0x00, 0xe3, 0xcf, 0x22,
   0x23, 0x40, 0x35, 0x00, 0x00, 0x3a, 0xb0, 0x24, 0x51, 0x41, 0x61, 0x00, 0x00,
   0x09, 0x63, 0xc2, 0x92, 0x2b, 0xe5, 0x00, 0x00, 0x90, 0x34, 0x4b, 0x32, 0x93,
   0x93, 0x00, 0x00, 0xa2, 0x02, 0x10, 0x23, 0xa1, 0x39, 0x00, 0x00, 0x34, 0x22,
   0x32, 0x29, 0xea, 0x09, 0x00, 0x00, 0xb4, 0x5b, 0x09, 0x45, 0x95, 0x02, 0x00,
   0x00, 0x19, 0xc2, 0x90, 0xac, 0x1b, 0x99, 0x00, 0x00, 0x0b, 0x04, 0x19, 0x23,
   0x10, 0x4a, 0x00, 0x00, 0xc9, 0x01, 0xc1, 0x03, 0x32, 0x3a, 0x00, 0x00, 0x0c,
   0xfc, 0x92, 0x91, 0x2b, 0x2c, 0x00, 0x00, 0x1b, 0x4a, 0xa0, 0x12, 0x99, 0x4b,
   0x00, 0x00, 0x0e, 0x3d, 0x2a, 0xbc, 0xaa, 0xd0, 0x00, 0x00, 0x1c, 0xab, 0x13,
   0xc0, 0x16, 0x24, 0x00, 0x00, 0x10, 0x11, 0x99, 0xba, 0x2a, 0x4d, 0x00, 0x00,
   0x00, 0x00, 0x00, 0x00, 0x00, 0x00, 0x00, 0x00, 0x00, 0x00, 0x00, 0x00, 0x00,
   0x00, 0x00, 0x00, 0x00, 0x00, 0x00, 0x00, 0x00, 0x00, 0x00, 0x00, 0x00, 0x00,
   0x00, 0x00, 0x00, 0x00, 0x00, 0x00, 0x00, 0x00, 0x00, 0x00, 0x00, 0x00, 0x00,
   0x00, 0x00, 0x00, 0x00, 0x00, 0x00, 0x00, 0x00, 0x00, 0x00, 0x00, 0x00, 0x00,
   0x00, 0x00, 0x00, 0x00, 0x00, 0x00, 0x00, 0x00, 0x00, 0x00, 0x00, 0x00, 0x00,
   0x00, 0x00, 0x00, 0x00, 0x00, 0x00, 0x00, 0x00, 0x00, 0x00, 0x00, 0x00, 0x00,
   0x00, 0x00, 0x00, 0x00, 0x00, 0x00, 0x00, 0x00, 0x00, 0x00, 0x00, 0x00, 0x00,
   0x00, 0x00, 0x00, 0x00, 0x00, 0x00, 0x00, 0x00, 0x00, 0x00, 0x00, 0x00, 0x00,
   0x00, 0x00, 0x00, 0x00, 0x00, 0x00, 0x00, 0x00, 0x4a, 0x19, 0xb2, 0x0b, 0x9a,
   0xd9, 0x00, 0x00, 0xc2, 0x22, 0x9d, 0x11, 0x64, 0xae, 0x00, 0x00, 0x19, 0xf9,
   0x2a, 0x19, 0xca, 0x33, 0x00, 0x00, 0x02, 0x01, 0xdd, 0xba, 0xae, 0x29, 0x00,
   0x00, 0xa0, 0x0b, 0x29, 0xac, 0x63, 0x9d, 0x00, 0x00, 0xd0, 0x4e, 0x03, 0x0b,
   0xa4, 0x0b, 0x00, 0x00, 0xa1, 0x01, 0x29, 0x23, 0xb3, 0x2c, 0x00, 0x00, 0xa5,
   0x2d, 0xa0, 0xd3, 0xea, 0x0b, 0x00, 0x00, 0xbd, 0x59, 0x04, 0xa9, 0x00, 0xfb,
   0x00, 0x00, 0x29, 0xca, 0xa2, 0x9e, 0xb4, 0xad, 0x00, 0x00, 0x1b, 0xba, 0x12,
   0xb0, 0x00, 0x19, 0x00, 0x00, 0xeb, 0x99, 0xcb, 0xab, 0xa0, 0x31, 0x00, 0x00,
   0x12, 0x93, 0x2a, 0x32, 0x90, 0x9c, 0x00, 0x00, 0xbc, 0x34, 0x43, 0x04, 0xa0,
   0xb1, 0x00, 0x00, 0x24, 0x56, 0x15, 0x02, 0xbb, 0x30, 0x00, 0x00, 0x25, 0x16,
   0xa3, 0x42, 0xa5, 0x29, 0x00, 0x00, 0x32, 0x35, 0x21, 0x9c, 0x92, 0x49, 0x00,
   0x00, 0x00, 0x43, 0x4a, 0x40, 0xa2, 0x20, 0x00, 0x00, 0x00, 0x00, 0x00, 0x00,
   0x00, 0x00, 0x00, 0x00, 0x00, 0x00, 0x00, 0x00, 0x00, 0x00, 0x00, 0x00, 0x00,
   0x00, 0x00, 0x00, 0x00, 0x00, 0x00, 0x00, 0x00, 0x00, 0x00, 0x00, 0x00, 0x00,
   0x00, 0x00, 0x00, 0x00, 0x00, 0x00, 0x00, 0x00, 0x00, 0x00, 0x00, 0x00, 0x00,
   0x00, 0x00, 0x00, 0x00, 0x00, 0x00, 0x00, 0x00, 0x00, 0x00, 0x00, 0x00, 0x00,
   0x00, 0x00, 0x00, 0x00, 0x00, 0x00, 0x00, 0x00, 0x00, 0x00, 0x00, 0x00, 0x00,
   0x00, 0x00, 0x00, 0x00, 0x00, 0x00, 0x00, 0x00, 0x00, 0x00, 0x00, 0x00, 0x00,
   0x00, 0x00, 0x00, 0x00, 0x00, 0x00, 0x00, 0x00, 0x00, 0x00, 0x00, 0x00, 0x00,
   0x00, 0x00, 0x00, 0x00, 0x00, 0x00, 0x00, 0x00, 0x00, 0x00, 0x00, 0x00, 0x00,
   0x00, 0x00, 0x00, 0x00, 0x52, 0x45, 0x2b, 0x11, 0xc0, 0x4a, 0x00, 0x00, 0x22,
   0xa2, 0x0b, 0x0a, 0xdc, 0x2a, 0x00, 0x00, 0x03, 0xb0, 0xba, 0xa9, 0xb9, 0x03,
   0x00, 0x00, 0x94, 0xbb, 0x19, 0x2c, 0x40, 0x45, 0x00, 0x00, 0x9d, 0x1b, 0xa2,
   0x09, 0x5a, 0x2d, 0x00, 0x00, 0xc9, 0x15, 0xd2, 0x3a, 0x12, 0xd1, 0x00, 0x00,
   0x22, 0x05, 0xa9, 0x10, 0xca, 0x31, 0x00, 0x00, 0x22, 0x3c, 0x1b, 0x0d, 0x00,
   0x12, 0x00, 0x00, 0x31, 0xbb, 0x13, 0xc2, 0xab, 0xa2, 0x00, 0x00, 0x3a, 0x9a,
   0xa2, 0x1a, 0xcb, 0x5c, 0x00, 0x00, 0x4b, 0x29, 0xe3, 0x21, 0xa1, 0x03, 0x00,
   0x00, 0xcb, 0xba, 0x23, 0x9c, 0x03, 0x31, 0x00, 0x00, 0x2b, 0x10, 0xda, 0x91,
   0x33, 0x11, 0x00, 0x00, 0x1b, 0xa0, 0xbb, 0x19, 0x3b, 0x0c, 0x00, 0x00, 0x10,
   0xa0, 0x11, 0xda, 0x90, 0x1a, 0x00, 0x00, 0x0a, 0x33, 0x33, 0x2b, 0x11, 0xac,
   0x00, 0x00, 0xaa, 0x93, 0x13, 0x9f, 0xdc, 0xb3, 0x00, 0x00, 0x11, 0x9b, 0x0a,
   0x33, 0x99, 0x11, 0x00, 0x00, 0x00, 0x00, 0x00, 0x00, 0x00, 0x00, 0x00, 0x00,
   0x00, 0x00, 0x00, 0x00, 0x00, 0x00, 0x00, 0x00, 0x00, 0x00, 0x00, 0x00, 0x00,
   0x00, 0x00, 0x00, 0x00, 0x00, 0x00, 0x00, 0x00, 0x00, 0x00, 0x00, 0x00, 0x00,
   0x00, 0x00, 0x00, 0x00, 0x00, 0x00, 0x00, 0x00, 0x00, 0x00, 0x00, 0x00, 0x00,
   0x00, 0x00, 0x00, 0x00, 0x00, 0x00, 0x00, 0x00, 0x00, 0x00, 0x00, 0x00, 0x00,
   0x00, 0x00, 0x00, 0x00, 0x00, 0x00, 0x00, 0x00, 0x00, 0x00, 0x00, 0x00, 0x00,
   0x00, 0x00, 0x00, 0x00, 0x00, 0x00, 0x00, 0x00, 0x00, 0x00, 0x00, 0x00, 0x00,
   0x00, 0x00, 0x00, 0x00, 0x00, 0x00, 0x00, 0x00, 0x00, 0x00, 0x00, 0x00, 0x00,
   0x00, 0x00, 0x00, 0x00, 0x00, 0x00, 0x00, 0x00, 0x00, 0x00, 0x00, 0x00, 0x00,
   0x20, 0x39, 0xc1, 0xa2, 0xb9, 0x21, 0x00, 0x00, 0x41, 0x2c, 0x29, 0xcc, 0x31,
   0xbc, 0x00, 0x00, 0x3a, 0xa9, 0x30, 0x01, 0xc1, 0x1c, 0x00, 0x00, 0x9b, 0x33,
   0xac, 0x31, 0x3a, 0x31, 0x00, 0x00, 0x9b, 0xba, 0xa3, 0x41, 0xbb, 0x94, 0x00,
   0x00, 0x52, 0x22, 0xb1, 0x39, 0xc2, 0x43, 0x00, 0x00, 0xb0, 0xe6, 0x3d, 0x02,
   0x90, 0x9c, 0x00, 0x00, 0x43, 0x15, 0x1a, 0x14, 0xb0, 0x02, 0x00, 0x00, 0x2b,
   0xdb, 0xab, 0x3b, 0x2a, 0x51, 0x00, 0x00, 0x13, 0x04, 0x44, 0x54, 0x46, 0x24,
   0x00, 0x00, 0x13, 0x9c, 0xce, 0x03, 0x0c, 0xc9, 0x00, 0x00, 0x2d, 0x96, 0x3a,
   0x41, 0x2b, 0x9a, 0x00, 0x00, 0x9a, 0x10, 0x02, 0xa4, 0x31, 0xb3, 0x00, 0x00,
   0x2a, 0xa4, 0xc4, 0xb2, 0x42, 0xaa, 0x00, 0x00, 0xa3, 0x03, 0x36, 0x9a, 0x0c,
   0x20, 0x00, 0x00, 0xbb, 0x14, 0xb0, 0x42, 0x2a, 0x03, 0x00, 0x00, 0x02, 0x14,
   0x03, 0x3d, 0x99, 0x9c, 0x00, 0x00, 0x9a, 0x9a, 0xb3, 0x12, 0x31, 0x5b, 0x00,
   0x00, 0x00, 0x00, 0x00, 0x00, 0x00, 0x00, 0x00, 0x00, 0x00, 0x00, 0x00, 0x00,
   0x00, 0x00, 0x00, 0x00, 0x00, 0x00, 0x00, 0x00, 0x00, 0x00, 0x00, 0x00, 0x00,
   0x00, 0x00, 0x00, 0x00, 0x00, 0x00, 0x00, 0x00, 0x00, 0x00, 0x00, 0x00, 0x00,
   0x00, 0x00, 0x00, 0x00, 0x00, 0x00, 0x00, 0x00, 0x00, 0x00, 0x00, 0x00, 0x00,
   0x00, 0x00, 0x00, 0x00, 0x00, 0x00, 0x00, 0x00, 0x00, 0x00, 0x00, 0x00, 0x00,
   0x00, 0x00, 0x00, 0x00, 0x00, 0x00, 0x00, 0x00, 0x00, 0x00, 0x00, 0x00, 0x00,
   0x00, 0x00, 0x00, 0x00, 0x00, 0x00, 0x00, 0x00, 0x00, 0x00, 0x00, 0x00, 0x00,
   0x00, 0x00, 0x00, 0x00, 0x00, 0x00, 0x00, 0x00, 0x00, 0x00, 0x00, 0x00, 0x00,
   0x00, 0x00, 0x00, 0x00, 0x00, 0x00, 0x00, 0x00, 0x00, 0x90, 0x40, 0x39, 0xc2,
   0x32, 0x12, 0x00, 0x00, 0xc0, 0x99, 0xab, 0x23, 0x91, 0x0c, 0x00, 0x00, 0x34,
   0x34, 0xa0, 0x21, 0x79, 0x19, 0x00, 0x00, 0x3a, 0x20, 0x92, 0x3a, 0xa0, 0x92,
   0x00, 0x00, 0xca, 0xc3, 0xa3, 0x3b, 0xb1, 0x3b, 0x00, 0x00, 0x1b, 0xb3, 0x2a,
   0x45, 0xa9, 0xa4, 0x00, 0x00, 0x14, 0xe2, 0xdb, 0x9b, 0x4b, 0x16, 0x00, 0x00,
   0x39, 0xa4, 0xb1, 0x61, 0x10, 0x94, 0x00, 0x00, 0x9a, 0x1b, 0xa9, 0xac, 0x11,
   0x32, 0x00, 0x00, 0x95, 0x0c, 0x21, 0x45, 0x45, 0x3a, 0x00, 0x00, 0x42, 0x13,
   0x9c, 0x9a, 0x59, 0x63, 0x00, 0x00, 0x2b, 0x1a, 0x3a, 0x93, 0x99, 0x11, 0x00,
   0x00, 0x0c, 0x42, 0xb2, 0x05, 0x91, 0x40, 0x00, 0x00, 0xcf, 0x29, 0x90, 0x90,
   0xca, 0x4c, 0x00, 0x00, 0xab, 0x03, 0x20, 0xc1, 0x0c, 0xa1, 0x00, 0x00, 0xdb,
   0xa3, 0xa0, 0xc9, 0xaa, 0x5a, 0x00, 0x00, 0xa3, 0x41, 0x31, 0x5b, 0x10, 0xbb,
   0x00, 0x00, 0xae, 0xb2, 0x90, 0x1a, 0xd9, 0x2b, 0x00, 0x00, 0x00, 0x00, 0x00,
   0x00, 0x00, 0x00, 0x00, 0x00, 0x00, 0x00, 0x00, 0x00, 0x00, 0x00, 0x00, 0x00,
   0x00, 0x00, 0x00, 0x00, 0x00, 0x00, 0x00, 0x00, 0x00, 0x00, 0x00, 0x00, 0x00,
   0x00, 0x00, 0x00, 0x00, 0x00, 0x00, 0x00, 0x00, 0x00, 0x00, 0x00, 0x00, 0x00,
   0x00, 0x00, 0x00, 0x00, 0x00, 0x00, 0x00, 0x00, 0x00, 0x00, 0x00, 0x00, 0x00,
   0x00, 0x00, 0x00, 0x00, 0x00, 0x00, 0x00, 0x00, 0x00, 0x00, 0x00, 0x00, 0x00,
   0x00, 0x00, 0x00, 0x00, 0x00, 0x00, 0x00, 0x00, 0x00, 0x00, 0x00, 0x00, 0x00,
   0x00, 0x00, 0x00, 0x00, 0x00, 0x00, 0x00, 0x00, 0x00, 0x00, 0x00, 0x00, 0x00,
   0x00, 0x00, 0x00, 0x00, 0x00, 0x00, 0x00, 0x00, 0x00, 0x00, 0x00, 0x00, 0x00,
   0x00, 0x00, 0x00, 0x00, 0x00, 0x2b, 0x00, 0x0d, 0x41, 0x23, 0x90, 0x00, 0x00,
   0x1c, 0x99, 0xa0, 0xa1, 0xcb, 0x55, 0x00, 0x00, 0x19, 0x0b, 0x21, 0x10, 0x2a,
   0xd1, 0x00, 0x00, 0xf9, 0x14, 0x22, 0xcc, 0x00, 0xef, 0x00, 0x00, 0x24, 0x32,
   0x9b, 0x22, 0x92, 0x20, 0x00, 0x00, 0x10, 0x9d, 0xab, 0xb2, 0x01, 0xe1, 0x00,
   0x00, 0x91, 0x09, 0x4a, 0x93, 0xba, 0xac, 0x00, 0x00, 0x39, 0x00, 0x99, 0x29,
   0x02, 0x1f, 0x00, 0x00, 0x9c, 0xab, 0xaa, 0x19, 0x3c, 0x9a, 0x00, 0x00, 0xde,
   0x41, 0x2b, 0xc1, 0xc2, 0xcd, 0x00, 0x00, 0x41, 0x39, 0x5a, 0x01, 0x10, 0x2a,
   0x00, 0x00, 0xe1, 0xbc, 0xa2, 0xb9, 0x60, 0xa3, 0x00, 0x00, 0x06, 0x20, 0x31,
   0x55, 0x0a, 0x52, 0x00, 0x00, 0xb1, 0x02, 0x72, 0x41, 0x93, 0x99, 0x00, 0x00,
   0x67, 0x94, 0xcb, 0xa1, 0x3b, 0xd0, 0x00, 0x00, 0x46, 0x22, 0x94, 0x70, 0xb2,
   0x31, 0x00, 0x00, 0x42, 0x22, 0x3c, 0xd1, 0x72, 0x29, 0x00, 0x00, 0xa0, 0x05,
   0x34, 0x16, 0xa4, 0x12, 0x00, 0x00, 0x00, 0x00, 0x00, 0x00, 0x00, 0x00, 0x00,
   0x00, 0x00, 0x00, 0x00, 0x00, 0x00, 0x00, 0x00, 0x00, 0x00, 0x00, 0x00, 0x00,
   0x00, 0x00, 0x00, 0x00, 0x00, 0x00, 0x00, 0x00, 0x00, 0x00, 0x00, 0x00, 0x00,
   0x00, 0x00, 0x00, 0x00, 0x00, 0x00, 0x00, 0x00, 0x00, 0x00, 0x00, 0x00, 0x00,
   0x00, 0x00, 0x00, 0x00, 0x00, 0x00, 0x00, 0x00, 0x00, 0x00, 0x00, 0x00, 0x00,
   0x00, 0x00, 0x00, 0x00, 0x00, 0x00, 0x00, 0x00, 0x00, 0x00, 0x00, 0x00, 0x00,
   0x00, 0x00, 0x00, 0x00, 0x00, 0x00, 0x00, 0x00, 0x00, 0x00, 0x00, 0x00, 0x00,
   0x00, 0x00, 0x00, 0x00, 0x00, 0x00, 0x00, 0x00, 0x00, 0x00, 0x00, 0x00, 0x00,
   0x00, 0x00, 0x00, 0x00, 0x00, 0x00, 0x00, 0x00, 0x00, 0x00, 0x00, 0x00, 0x00,
   0x00, 0x14, 0x21, 0x15, 0x0b, 0x33, 0x0a, 0x00, 0x00, 0x39, 0xb9, 0xfd, 0x33,
   0x5c, 0xdb, 0x00, 0x00, 0x01, 0xb0, 0x2b, 0xc3, 0xe1, 0x43, 0x00, 0x00, 0x00,
   0xa1, 0xbe, 0x2c, 0xca, 0xdb, 0x00, 0x00, 0x12, 0x0c, 0x1a, 0xa1, 0x02, 0x64,
   0x00, 0x00, 0xe0, 0x30, 0x00, 0xac, 0xf9, 0xde, 0x00, 0x00, 0xef, 0x29, 0x4b,
   0xdb, 0x11, 0xca, 0x00, 0x00, 0xf5, 0xa4, 0x1d, 0xea, 0xd1, 0xae, 0x00, 0x00,
   0xa9, 0x40, 0x3b, 0x91, 0x2c, 0xac, 0x00, 0x00, 0x1c, 0x23, 0xb0, 0x39, 0xd0,
   0xb1, 0x00, 0x00, 0x02, 0x0b, 0xa9, 0xd2, 0xac, 0x0a, 0x00, 0x00, 0x11, 0x50,
   0xa0, 0xb9, 0x0b, 0x32, 0x00, 0x00, 0x15, 0x93, 0x3a, 0xac, 0x3d, 0x02, 0x00,
   0x00, 0x03, 0x15, 0x16, 0x44, 0xb5, 0x40, 0x00, 0x00, 0x13, 0xa4, 0x90, 0x3d,
   0x0a, 0x21, 0x00, 0x00, 0x14, 0x42, 0x22, 0x63, 0x02, 0x41, 0x00, 0x00, 0x32,
   0x14, 0x0e, 0xce, 0x29, 0x13, 0x00, 0x00, 0x59, 0x03, 0x5b, 0x63, 0x61, 0xb3,
   0x00, 0x00, 0x00, 0x00, 0x00, 0x00, 0x00, 0x00, 0x00, 0x00, 0x00, 0x00, 0x00,
   0x00, 0x00, 0x00, 0x00, 0x00, 0x00, 0x00, 0x00, 0x00, 0x00, 0x00, 0x00, 0x00,
   0x00, 0x00, 0x00, 0x00, 0x00, 0x00, 0x00, 0x00, 0x00, 0x00, 0x00, 0x00, 0x00,
   0x00, 0x00, 0x00, 0x00, 0x00, 0x00, 0x00, 0x00, 0x00, 0x00, 0x00, 0x00, 0x00,
   0x00, 0x00, 0x00, 0x00, 0x00, 0x00, 0x00, 0x00, 0x00, 0x00, 0x00, 0x00, 0x00,
   0x00, 0x00, 0x00, 0x00, 0x00, 0x00, 0x00, 0x00, 0x00, 0x00, 0x00, 0x00, 0x00,
   0x00, 0x00, 0x00, 0x00, 0x00, 0x00, 0x00, 0x00, 0x00, 0x00, 0x00, 0x00, 0x00,
   0x00, 0x00, 0x00, 0x00, 0x00, 0x00, 0x00, 0x00, 0x00, 0x00, 0x00, 0x00, 0x00,
   0x00, 0x00, 0x00, 0x00, 0x00, 0x00, 0x00, 0x00, 0x00, 0x00, 0xb3, 0x91, 0x11,
   0x2a, 0xb6, 0x9d, 0x00, 0x00, 0x21, 0x1a, 0x10, 0x33, 0xa5, 0x41, 0x00, 0x00,
   0x29, 0x21, 0x25, 0x51, 0xe5, 0xdc, 0x00, 0x00, 0x05, 0x33, 0xcb, 0xba, 0x24,
   0x9b, 0x00, 0x00, 0x11, 0x4b, 0x11, 0xa1, 0x01, 0xa4, 0x00, 0x00, 0x0d, 0x1c,
   0x01, 0x31, 0x00, 0x35, 0x00, 0x00, 0xa4, 0x1a, 0x52, 0x9a, 0x11, 0xa2, 0x00,
   0x00, 0xe2, 0x9c, 0x39, 0x01, 0x0b, 0x00, 0x00, 0x00, 0x92, 0xb4, 0x19, 0x22,
   0x91, 0x01, 0x00, 0x00, 0x1b, 0x2c, 0xa2, 0xa3, 0xac, 0x20, 0x00, 0x00, 0x60,
   0x46, 0x0c, 0x0a, 0xa0, 0x10, 0x00, 0x00, 0x9d, 0xa9, 0x94, 0x91, 0xa1, 0xaa,
   0x00, 0x00, 0x3c, 0xa0, 0xa3, 0x14, 0x01, 0x42, 0x00, 0x00, 0x13, 0x20, 0x24,
   0x3a, 0xca, 0x2a, 0x00, 0x00, 0x01, 0x11, 0x19, 0x11, 0xc0, 0x55, 0x00, 0x00,
   0x91, 0xc0, 0x0c, 0x4b, 0xbb, 0xbe, 0x00, 0x00, 0x02, 0x21, 0xbc, 0x69, 0x99,
   0x25, 0x00, 0x00, 0x2c, 0x44, 0x9a, 0xa9, 0xc0, 0xd4, 0x00, 0x00, 0x00, 0x00,
   0x00, 0x00, 0x00, 0x00, 0x00, 0x00, 0x00, 0x00, 0x00, 0x00, 0x00, 0x00, 0x00,
   0x00, 0x00, 0x00, 0x00, 0x00, 0x00, 0x00, 0x00, 0x00, 0x00, 0x00, 0x00, 0x00,
   0x00, 0x00, 0x00, 0x00, 0x00, 0x00, 0x00, 0x00, 0x00, 0x00, 0x00, 0x00, 0x00,
   0x00, 0x00, 0x00, 0x00, 0x00, 0x00, 0x00, 0x00, 0x00, 0x00, 0x00, 0x00, 0x00,
   0x00, 0x00, 0x00, 0x00, 0x00, 0x00, 0x00, 0x00, 0x00, 0x00, 0x00, 0x00, 0x00,
   0x00, 0x00, 0x00, 0x00, 0x00, 0x00, 0x00, 0x00, 0x00, 0x00, 0x00, 0x00, 0x00,
   0x00, 0x00, 0x00, 0x00, 0x00, 0x00, 0x00, 0x00, 0x00, 0x00, 0x00, 0x00, 0x00,
   0x00, 0x00, 0x00, 0x00, 0x00, 0x00, 0x00, 0x00, 0x00, 0x00, 0x00, 0x00, 0x00,
   0x00, 0x00, 0x00, 0x00, 0x00, 0x00, 0x02, 0x33, 0x22, 0xa5, 0x90, 0x35, 0x00,
   0x00, 0x04, 0x04, 0x1c, 0x45, 0x3c, 0x55, 0x00, 0x00, 0xb2, 0x29, 0x1a, 0xb3,
   0x72, 0x31, 0x00, 0x00, 0x0c, 0x0b, 0x03, 0x2b, 0x07, 0x90, 0x00, 0x00, 0xa9,
   0x33, 0x04, 0x99, 0x64, 0xa3, 0x00, 0x00, 0xb9, 0x41, 0x20, 0x21, 0xdb, 0x0c,
   0x00, 0x00, 0xbd, 0x95, 0x79, 0xb0, 0x50, 0xba, 0x00, 0x00, 0x2c, 0xa2, 0x29,
   0x79, 0x26, 0x9e, 0x00, 0x00, 0x31, 0x12, 0x49, 0xdb, 0xa2, 0x41, 0x00, 0x00,
   0x14, 0x02, 0xb1, 0x36, 0xa1, 0x95, 0x00, 0x00, 0x04, 0x0a, 0xbe, 0x9b, 0x20,
   0x16, 0x00, 0x00, 0xc9, 0x11, 0x2a, 0x42, 0x70, 0x25, 0x00, 0x00, 0x0a, 0x10,
   0x4a, 0x20, 0x0a, 0x50, 0x00, 0x00, 0x52, 0x92, 0xc9, 0x3c, 0x14, 0x94, 0x00,
   0x00, 0x2a, 0x31, 0xca, 0xca, 0xd3, 0x94, 0x00, 0x00, 0xa9, 0x9e, 0x94, 0x90,
   0x41, 0xb0, 0x00, 0x00, 0x24, 0xc1, 0x0c, 0x50, 0x11, 0x94, 0x00, 0x00, 0xb0,
   0x94, 0x01, 0x21, 0x39, 0x14, 0x00, 0x00, 0x00, 0x00, 0x00, 0x00, 0x00, 0x00,
   0x00, 0x00, 0x00, 0x00, 0x00, 0x00, 0x00, 0x00, 0x00, 0x00, 0x00, 0x00, 0x00,
   0x00, 0x00, 0x00, 0x00, 0x00, 0x00, 0x00, 0x00, 0x00, 0x00, 0x00, 0x00, 0x00,
   0x00, 0x00, 0x00, 0x00, 0x00, 0x00, 0x00, 0x00, 0x00, 0x00, 0x00, 0x00, 0x00,
   0x00, 0x00, 0x00, 0x00, 0x00, 0x00, 0x00, 0x00, 0x00, 0x00, 0x00, 0x00, 0x00,
   0x00, 0x00, 0x00, 0x00, 0x00, 0x00, 0x00, 0x00, 0x00, 0x00, 0x00, 0x00, 0x00,
   0x00, 0x00, 0x00, 0x00, 0x00, 0x00, 0x00, 0x00, 0x00, 0x00, 0x00, 0x00, 0x00,
   0x00, 0x00, 0x00, 0x00, 0x00, 0x00, 0x00, 0x00, 0x00, 0x00, 0x00, 0x00, 0x00,
   0x00, 0x00, 0x00, 0x00, 0x00, 0x00, 0x00, 0x00, 0x00, 0x00, 0x00, 0x00, 0x00,
   0x00, 0x00, 0x04, 0x04, 0x02, 0x01, 0x00, 0x00, 0x30, 0x00, 0x03, 0x00, 0x00,
   0x00, 0x3e, 0x01, 0x00, 0x00, 0xe2, 0xff, 0x0f, 0x00, 0x32, 0x02, 0x00, 0x00,
   0xc1, 0xff, 0x0f, 0x00, 0xba, 0x01, 0x00, 0x00, 0x4b, 0x00, 0x00, 0x00, 0x2d,
   0x02, 0x00, 0x00, 0x20, 0x00, 0x00, 0x00, 0xfa, 0x00, 0x00, 0x00, 0x11, 0x00,
   0x00, 0x00, 0x1a, 0x01, 0x00, 0x00, 0x02, 0x00, 0x00, 0x00, 0x32, 0x01, 0x00,
   0x00, 0x12, 0x00, 0x00, 0x00, 0x24, 0x01, 0x00, 0x00, 0x15, 0x00, 0x00, 0x00,
   0x4c, 0x01, 0x00, 0x00, 0x31, 0x00, 0x00, 0x00, 0x5c, 0x02, 0x00, 0x00, 0x08,
   0x00, 0x00, 0x00, 0x35, 0x01, 0x00, 0x00, 0x2d, 0x00, 0x00, 0x00, 0x60, 0x01,
   0x00, 0x00, 0x52, 0x00, 0x00, 0x00, 0x12, 0x02, 0x00, 0x00, 0xe2, 0xff, 0x0f,
   0x00, 0x4a, 0x01, 0x00, 0x00, 0xea, 0xff, 0x0f, 0x00, 0xa9, 0x01, 0x00, 0x00,
   0x02, 0x00, 0x00, 0x00, 0xbe, 0x00, 0x00, 0x00, 0xf7, 0xff, 0x0f, 0x00, 0xbb,
   0x00, 0x00, 0x00, 0xee, 0xff, 0x0f, 0x00, 0x0a, 0x02, 0x00, 0x00, 0xe6, 0xff,
   0x0f, 0x00, 0x04, 0x02, 0x00, 0x00, 0xce, 0xff, 0x0f, 0x00, 0x30, 0x02, 0x00,
   0x00, 0x23, 0x00, 0x00, 0x00, 0x86, 0x01, 0x00, 0x00, 0x02, 0x00, 0x00, 0x00,
   0x07, 0x01, 0x00, 0x00, 0xfa, 0xff, 0x0f, 0x00, 0xcb, 0x00, 0x00, 0x00, 0x20,
   0x00, 0x00, 0x00, 0x72, 0x01, 0x00, 0x00, 0x16, 0xfe, 0xff, 0xff, 0x04, 0x00,
   0x00, 0x00, 0x01, 0x00, 0x00, 0x00, 0x04, 0x00, 0x00, 0x00, 0x26, 0xfe, 0xff,
   0xff, 0x04, 0x00, 0x00, 0x00, 0x6f, 0x00, 0x00, 0x00, 0x88, 0x01, 0x00, 0x00,
   0x08, 0x00, 0x08, 0x00, 0x01, 0x12, 0x00, 0x00, 0x22, 0x00, 0x00, 0x00, 0x00,
   0x00, 0x00, 0x00, 0x10, 0x10, 0x00, 0x00, 0x00, 0x00, 0x0f, 0x00, 0x00, 0x00,
   0x00, 0x00, 0x00, 0x00, 0x00, 0x00, 0x00, 0x00, 0x00, 0x00, 0x88, 0x01, 0x00,
   0x00, 0x20, 0x00, 0x02, 0x00, 0x01, 0x00, 0x00, 0x00, 0x00, 0x00, 0x00, 0x00,
   0x80, 0x01, 0x00, 0x00, 0x28, 0x00, 0x30, 0x00, 0x9d, 0x66, 0x1b, 0xa0, 0x4e,
   0x52, 0x51, 0x81, 0x7a, 0x00, 0x00, 0x00, 0xde, 0x13, 0x4a, 0x05, 0xc8, 0x7f,
   0x3f, 0xcf, 0x42, 0x00, 0x00, 0x00, 0x51, 0xe8, 0xe5, 0xbf, 0x55, 0x81, 0xf6,
   0x8f, 0x07, 0x00, 0x00, 0x00, 0x37, 0xe4, 0xd2, 0x7f, 0xe0, 0x81, 0x56, 0x55,
   0x89, 0x00, 0x00, 0x00, 0x4a, 0x10, 0x48, 0xb5, 0x81, 0x0b, 0xf6, 0xae, 0xfb,
   0x00, 0x00, 0x00, 0x81, 0xc6, 0x30, 0x37, 0x74, 0xba, 0x69, 0x01, 0x0b, 0x00,
   0x00, 0x00, 0x71, 0xc9, 0xe4, 0xfc, 0xb2, 0x81, 0xfc, 0x8b, 0xd3, 0x00, 0x00,
   0x00, 0x8d, 0xf5, 0xf9, 0xc0, 0x24, 0x51, 0xf1, 0x7f, 0xe7, 0x00, 0x00, 0x00,
   0x1b, 0x0a, 0xdd, 0x23, 0x47, 0xa7, 0xc1, 0xae, 0x7f, 0x00, 0x00, 0x00, 0x36,
   0x81, 0x74, 0xc3, 0x72, 0xa5, 0xca, 0x3d, 0x56, 0x00, 0x00, 0x00, 0xf8, 0xfb,
   0xb8, 0x31, 0x5f, 0x7f, 0x15, 0x2e, 0xf6, 0x00, 0x00, 0x00, 0x42, 0xda, 0x37,
   0x38, 0x62, 0x13, 0x81, 0xb8, 0xe6, 0x00, 0x00, 0x00, 0xa7, 0xe6, 0x5d, 0x1c,
   0xbd, 0x24, 0x3a, 0x5e, 0x81, 0x00, 0x00, 0x00, 0x1d, 0xe5, 0xfe, 0x64, 0xc5,
   0xcc, 0x81, 0x52, 0x37, 0x00, 0x00, 0x00, 0x5c, 0xd9, 0x25, 0x82, 0xd0, 0xe6,
   0x81, 0xc6, 0xe4, 0x00, 0x00, 0x00, 0x9b, 0xee, 0x53, 0xdc, 0xad, 0xdf, 0x7f,
   0x61, 0xcb, 0x00, 0x00, 0x00, 0x88, 0x01, 0x00, 0x00, 0x20, 0x00, 0x02, 0x00,
   0x00, 0x00, 0x00, 0x80, 0x00, 0x00, 0x00, 0x00, 0x80, 0x01, 0x00, 0x00, 0x28,
   0x00, 0x20, 0x00, 0xf4, 0x56, 0x00, 0x00, 0x75, 0x5e, 0x01, 0x00, 0xc5, 0x67,
   0x00, 0x00, 0xa4, 0x78, 0x01, 0x00, 0x23, 0xaf, 0xff, 0x00, 0x6f, 0x44, 0x01,
   0x00, 0xb1, 0x07, 0x00, 0x00, 0x2b, 0xd6, 0x00, 0x00, 0x65, 0xd0, 0xff, 0x00,
   0x97, 0x0c, 0x01, 0x00, 0xe8, 0x30, 0x00, 0x00, 0xf0, 0x1c, 0x01, 0x00, 0x48,
   0x83, 0xff, 0x00, 0x0b, 0x29, 0x02, 0x00, 0xc8, 0x08, 0x00, 0x00, 0x07, 0xc9,
   0x00, 0x00, 0xea, 0x03, 0x00, 0x00, 0x3a, 0x6d, 0x00, 0x00, 0x08, 0x35, 0x00,
   0x00, 0x01, 0x01, 0x01, 0x00, 0x21, 0x7c, 0x00, 0x00, 0x1a, 0xa4, 0x01, 0x00,
   0x26, 0x18, 0x00, 0x00, 0xc7, 0xd4, 0x00, 0x00, 0xde, 0x03, 0x00, 0x00, 0xca,
   0x6b, 0x00, 0x00, 0xed, 0x02, 0x00, 0x00, 0x9f, 0x5d, 0x00, 0x00, 0x95, 0x84,
   0xff, 0x00, 0xa7, 0x12, 0x02, 0x00, 0x92, 0xfc, 0xff, 0x00, 0x49, 0x92, 0x00,
   0x00, 0x88, 0x01, 0x00, 0x00, 0x08, 0x00, 0x01, 0x00, 0x00, 0x12, 0x00, 0x00,
   0x88, 0x01, 0x00, 0x00, 0x00, 0x00, 0x01, 0x00, 0x01, 0x00, 0x00, 0x00, 0x88,
   0x01, 0x00, 0x00, 0x00, 0x00, 0x01, 0x00, 0x00, 0x00, 0x00, 0x00, 0xee, 0xff,
   0xff, 0xff, 0x04, 0x00, 0x00, 0x00, 0x01, 0x00, 0x00, 0x00, 0x0c, 0x00, 0x00,
   0x00, 0x00, 0x00, 0x06, 0x00, 0x08, 0x00, 0x04, 0x00, 0x06, 0x00, 0x00, 0x00,
   0x04, 0x00, 0x00, 0x00, 0x09, 0x00, 0x00, 0x00, 0x88, 0x01, 0x00, 0x00, 0x04,
   0x00, 0x01, 0x00, 0x18, 0x00, 0x00, 0x00, 0x88, 0x01, 0x00, 0x00, 0x40, 0x00,
   0x01, 0x00, 0x01, 0x00, 0x00, 0x00, 0x88, 0x01, 0x00, 0x00, 0x44, 0x00, 0x01,
   0x00, 0x02, 0x00, 0x20, 0x00,
};
const int64_t program_len = 50016;

